timestamp,day,blockNumber,totalValueLockedUSD,dailyLDORewardAmount,dailyLDORewardUSD,dailyLDORewardROI,dailyCRVRewardAmount,dailyCRVRewardUSD,dailyCRVRewardROI
1652398142,19124,14763966,231418041.4019880827621082446973481,1.4286056469387755e+23,198671.9015028347,0.0008584978954070774,0.0,0.0,0.0
1652485408,19125,14770383,368048745.491541841184020373003685,1.4286056469387755e+23,212480.8036861449,0.0005773170165336916,0.0,0.0,0.0
1652566674,19126,14776225,418819691.136236598157831909614048,1.4286056469387755e+23,197720.59300253817,0.0004720900119718159,0.0,0.0,0.0
1652658492,19127,14782931,550128349.522511392180078262549385,1.4286056469387755e+23,208565.4241895798,0.0003791213893459698,0.0,0.0,0.0
1652741281,19128,14788953,553332013.019111809296452394963741,1.4286056469387755e+23,203314.44127369163,0.0003674366139858047,0.0,0.0,0.0
1652826871,19129,14795168,580803906.74532915776037293193027,1.4286056469387755e+23,205172.9143597943,0.00035325677389039755,0.0,0.0,0.0
1652910395,19130,14801239,600809059.775512220853340817963424,1.4286056469387755e+23,197542.7315994943,0.0003287945286199656,0.0,0.0,0.0
1653003016,19131,14807775,629080363.424887512196263124360899,7.142857142857143e+22,100321.85714285714,0.00015947383351258527,0.0,0.0,0.0
1653090949,19132,14814044,717715322.86020130708551349276626,7.142857142857143e+22,95267.21428571429,0.00013273677076596385,0.0,0.0,0.0
1653172801,19133,14819879,734639032.19996053047744635455083,7.142857142857143e+22,94206.21428571429,0.00012823469779927566,0.0,0.0,0.0
1653256400,19134,14825837,737079957.50052160868477116860261,7.142857142857143e+22,93942.85714285714,0.00012745273587606764,0.0,0.0,0.0
1653341229,19135,14831899,734816734.01091103975617778113366,7.142857142857143e+22,90440.14285714286,0.00012307850198713623,0.0,0.0,0.0
1653435056,19136,14838526,730966825.51754125771103797344348,7.142857142857143e+22,76362.85714285714,0.00010446829387748272,0.0,0.0,0.0
1653510053,19137,14843883,731829743.46397219180864482380736,7.142857142857143e+22,77037.78571428571,0.00010526736088867132,0.0,0.0,0.0
1653603648,19138,14850509,659717377.207666743261108787795125,3.5714285714285714e+22,39604.71428571428,6.00328499051306e-05,0.0,0.0,0.0
1653689783,19139,14856664,630754452.672037288890448015852806,3.5714285714285714e+22,41332.357142857145,6.552844291112446e-05,0.0,0.0,0.0
1653781692,19140,14863221,630687059.791872756013421612660055,3.5714285714285714e+22,39285.21428571428,6.228955180827468e-05,0.0,0.0,0.0
1653865987,19141,14869228,630443515.456487707323295422396774,3.5714285714285714e+22,37403.0,5.9328074733098757e-05,0.0,0.0,0.0
1653954910,19142,14875511,629524608.415114033472560453996116,3.5714285714285714e+22,41647.67857142857,6.615734796496744e-05,0.0,0.0,0.0
1654032132,19143,14881003,629209972.196832978886975296187755,3.5714285714285714e+22,41535.357142857145,6.601191808489618e-05,0.0,0.0,0.0
1654104279,19144,14886068,672935406.391121103996222125548439,3.5714285714285714e+22,35825.25,5.3237279031173125e-05,0.0,0.0,0.0
1654209553,19145,14893605,674543052.639253868905240475427178,3.5714285714285714e+22,35532.67857142857,5.267666523641668e-05,0.0,0.0,0.0
1654300257,19146,14900052,572850602.937022520813491452976351,0.0,0.0,0.0,0.0,0.0,0.0
1654385306,19147,14905853,544455544.031086632038372949414449,0.0,0.0,0.0,0.0,0.0,0.0
1654472918,19148,14911883,542620026.347053432050427766702549,0.0,0.0,0.0,0.0,0.0,0.0
1654557288,19149,14917571,536818304.755168103884021741750248,0.0,0.0,0.0,0.0,0.0,0.0
1654632084,19150,14922694,488567847.495017515158377855517307,0.0,0.0,0.0,0.0,0.0,0.0
1654727634,19151,14929202,469266161.7254393825867985886341,0.0,0.0,0.0,0.0,0.0,0.0
1654817172,19152,14935234,431368465.2926638456402398958176,0.0,0.0,0.0,0.0,0.0,0.0
1654905385,19153,14941253,305461882.54178717327108091262331,0.0,0.0,0.0,0.0,0.0,0.0
1654989727,19154,14946976,248916716.768206390280995307350658,0.0,0.0,0.0,0.0,0.0,0.0
1655071482,19155,14952513,218906360.83561497755724148070375,0.0,0.0,0.0,0.0,0.0,0.0
1655162795,19156,14958649,186017456.81087195481395616709168,0.0,0.0,0.0,0.0,0.0,0.0
1655246895,19157,14964277,59409315.798320364168248185789406,0.0,0.0,0.0,0.0,0.0,0.0
1655336288,19158,14970209,54233531.910835069185110170678144,0.0,0.0,0.0,0.0,0.0,0.0
1655423834,19159,14976114,50254902.895653918379368798972462,0.0,0.0,0.0,0.0,0.0,0.0
1655509448,19160,14981935,26620331.202253364418215260873558,0.0,0.0,0.0,0.0,0.0,0.0
1655595600,19161,14987719,24989636.424598523968482054156984,0.0,0.0,0.0,0.0,0.0,0.0
1655682494,19162,14993471,20111503.401610573647164232824096,0.0,0.0,0.0,0.0,0.0,0.0
1655767525,19163,14999233,22416512.985067689003746091824184,0.0,0.0,0.0,0.0,0.0,0.0
1655851832,19164,15004620,22506119.467185652674337726347378,0.0,0.0,0.0,0.0,0.0,0.0
1655940032,19165,15010060,22454333.354067643092939416369868,0.0,0.0,0.0,0.0,0.0,0.0
1656018084,19166,15014822,22455516.481849600852713377765948,0.0,0.0,0.0,0.0,0.0,0.0
1656104422,19167,15020205,22586130.774015892070754822960493,0.0,0.0,0.0,0.0,0.0,0.0
1656197746,19168,15025990,24245583.33090415639719403565762,0.0,0.0,0.0,0.0,0.0,0.0
1656280071,19169,15031053,24244332.3296055210570746408229,0.0,0.0,0.0,0.0,0.0,0.0
1656373074,19170,15036880,23705219.991996260503858711474407,0.0,0.0,0.0,0.0,0.0,0.0
1656452702,19171,15041762,23565831.447867648243216651161324,0.0,0.0,0.0,0.0,0.0,0.0
1656542555,19172,15047298,22165154.12630329778744419390605,0.0,0.0,0.0,0.0,0.0,0.0
1656629818,19173,15052977,19722205.559494213241496753000006,0.0,0.0,0.0,0.0,0.0,0.0
1656715433,19174,15059320,19712040.467639960085634185215493,0.0,0.0,0.0,0.0,0.0,0.0
1656806338,19175,15066163,20127857.18865975732734067700359,0.0,0.0,0.0,0.0,0.0,0.0
1656889631,19176,15072467,20407678.789111294335169580420544,0.0,0.0,0.0,0.0,0.0,0.0
1656977794,19177,15079043,21272319.831818817945156933429294,0.0,0.0,0.0,0.0,0.0,0.0
1657064138,19178,15085516,21664502.752877199488560781865731,0.0,0.0,0.0,0.0,0.0,0.0
1657150403,19179,15091973,20941268.54313392597662067247375,0.0,0.0,0.0,0.0,0.0,0.0
1657211370,19180,15096499,21840224.28951200326996928355066,0.0,0.0,0.0,0.0,0.0,0.0
1657319374,19181,15104675,23158753.537093319992497380615143,0.0,0.0,0.0,0.0,0.0,0.0
1657370146,19182,15108375,22642268.04404613926868115952932,0.0,0.0,0.0,0.0,0.0,0.0
1657493513,19183,15117667,22115972.179382586205652712658768,0.0,0.0,0.0,0.0,0.0,0.0
1657554587,19184,15122202,22060208.143635509843869378261952,0.0,0.0,0.0,0.0,0.0,0.0
1657668549,19185,15130838,22060208.143635509843869378261952,0.0,0.0,0.0,0.0,0.0,0.0
1657755189,19186,15137246,19687791.3340780752219221437299,0.0,0.0,0.0,0.0,0.0,0.0
1657839061,19187,15143605,19389551.067869416435012767290634,0.0,0.0,0.0,0.0,0.0,0.0
1657921676,19188,15149798,21332107.289995469580501487451952,0.0,0.0,0.0,0.0,0.0,0.0
1658014952,19189,15156735,21062419.79829150052975085091894,0.0,0.0,0.0,0.0,0.0,0.0
1658099030,19190,15162972,22912412.124849998263824314747775,0.0,0.0,0.0,0.0,0.0,0.0
1658183759,19191,15169302,24832434.60944379760156660294723,0.0,0.0,0.0,0.0,0.0,0.0
1658270876,19192,15175868,25134752.662907117393794685107872,0.0,0.0,0.0,0.0,0.0,0.0
1658359915,19193,15182474,24336750.53619274839480723622761,0.0,0.0,0.0,0.0,0.0,0.0
1658433303,19194,15187963,24336750.53619274839480723622761,0.0,0.0,0.0,0.0,0.0,0.0
1658520981,19195,15194531,25021796.688199084109830802717706,0.0,0.0,0.0,0.0,0.0,0.0
1658619121,19196,15201888,24982711.677366862966791886218774,0.0,0.0,0.0,0.0,0.0,0.0
1658698023,19197,15207720,25560141.441079423649529580621704,0.0,0.0,0.0,0.0,0.0,0.0
1658739571,19198,15210739,25560141.441079423649529580621704,0.0,0.0,0.0,0.0,0.0,0.0
1658871038,19199,15220526,25560141.441079423649529580621704,0.0,0.0,0.0,0.0,0.0,0.0
1658958753,19200,15227082,20378676.07628983348025091695466,0.0,0.0,0.0,0.0,0.0,0.0
1659049534,19201,15233812,22316729.57751379409784400158184,0.0,0.0,0.0,0.0,0.0,0.0
1659133234,19202,15240035,23018713.281385405216726134973896,0.0,0.0,0.0,0.0,0.0,0.0
1659210621,19203,15245785,22536821.770692034090034160047331,0.0,0.0,0.0,0.0,0.0,0.0
1659282309,19204,15251131,22529897.334037731236488698404108,0.0,0.0,0.0,0.0,0.0,0.0
1659398315,19205,15259744,21814936.152151761130998541533867,0.0,0.0,0.0,0.0,0.0,0.0
1659472214,19206,15265238,20948702.939726243876728967264384,0.0,0.0,0.0,0.0,0.0,0.0
1659569914,19207,15272478,20337351.16938406788857174964558,0.0,0.0,0.0,0.0,0.0,0.0
1659655064,19208,15278737,19930723.16078555012618772252921,0.0,0.0,0.0,0.0,0.0,0.0
1659733193,19209,15284603,19686923.229408543664480639476414,0.0,0.0,0.0,0.0,0.0,0.0
1659820450,19210,15291114,19686923.229408543664480639476414,0.0,0.0,0.0,0.0,0.0,0.0
1659913022,19211,15298005,20300301.888229292110522903115786,0.0,0.0,0.0,0.0,0.0,0.0
1659995802,19212,15304126,17382931.254008831601829714113836,0.0,0.0,0.0,0.0,0.0,0.0
1660077299,19213,15310157,17382931.254008831601829714113836,0.0,0.0,0.0,0.0,0.0,0.0
1660175522,19214,15317393,17382931.254008831601829714113836,0.0,0.0,0.0,0.0,0.0,0.0
1660254977,19215,15323181,18987695.628044268878264065408548,0.0,0.0,0.0,0.0,0.0,0.0
1660347207,19216,15329951,18881304.927395811330312184029372,0.0,0.0,0.0,0.0,0.0,0.0
1660433357,19217,15336319,18027176.086699327110536213480271,0.0,0.0,0.0,0.0,0.0,0.0
1660513790,19218,15342227,18027176.086699327110536213480271,0.0,0.0,0.0,0.0,0.0,0.0
1660596539,19219,15348206,18096895.540797982841385022532832,0.0,0.0,0.0,0.0,0.0,0.0
1660683798,19220,15354628,18089852.147449565586575960308176,0.0,0.0,0.0,0.0,0.0,0.0
1660864671,19222,15367871,17164047.877365513187775523877584,0.0,0.0,0.0,0.0,0.0,0.0
1660947095,19223,15373841,13400878.904086913651637730032595,0.0,0.0,0.0,0.0,0.0,0.0
1661028104,19224,15379771,12522608.117339739062729044004124,0.0,0.0,0.0,0.0,0.0,0.0
1661103461,19225,15385282,12367134.396014404768330365215454,0.0,0.0,0.0,0.0,0.0,0.0
1661212112,19226,15393246,12149032.492847162317475511442078,0.0,0.0,0.0,0.0,0.0,0.0
1661269831,19227,15397527,12149032.492847162317475511442078,0.0,0.0,0.0,0.0,0.0,0.0
1661375522,19228,15405211,8600409.676623397213467837440963,0.0,0.0,0.0,0.0,0.0,0.0
1661444581,19229,15410122,8589129.393904621944494850689996,0.0,0.0,0.0,0.0,0.0,0.0
1661546715,19230,15417520,8589129.393904621944494850689996,0.0,0.0,0.0,0.0,0.0,0.0
1661637083,19231,15424053,7649862.386187839932159266201108,0.0,0.0,0.0,0.0,0.0,0.0
1661722824,19232,15430234,7649862.386187839932159266201108,0.0,0.0,0.0,0.0,0.0,0.0
1661804360,19233,15436164,7307139.199336842416053095038688,0.0,0.0,0.0,0.0,0.0,0.0
1661873399,19234,15441145,7307139.199336842416053095038688,0.0,0.0,0.0,0.0,0.0,0.0
1661959256,19235,15447362,7964914.369185309589505705536272,0.0,0.0,0.0,0.0,0.0,0.0
1662009242,19236,15450982,7964914.369185309589505705536272,0.0,0.0,0.0,0.0,0.0,0.0
1662136633,19237,15460246,7909709.023018024081536965094961,0.0,0.0,0.0,0.0,0.0,0.0
1662224754,19238,15466588,7654229.426884538498880521177292,0.0,0.0,0.0,0.0,0.0,0.0
1662330837,19239,15474252,7719272.653913526214866459967842,0.0,0.0,0.0,0.0,0.0,0.0
1662422389,19240,15480812,7983306.683083665005869104511627,0.0,0.0,0.0,0.0,0.0,0.0
1662501786,19241,15486583,7983306.683083665005869104511627,0.0,0.0,0.0,0.0,0.0,0.0
1662576339,19242,15491976,7983306.683083665005869104511627,0.0,0.0,0.0,0.0,0.0,0.0
1662672571,19243,15498934,7983306.683083665005869104511627,0.0,0.0,0.0,0.0,0.0,0.0
1662765157,19244,15505437,8444737.36174937246806473670197,0.0,0.0,0.0,0.0,0.0,0.0
1662846800,19245,15511161,8444737.36174937246806473670197,0.0,0.0,0.0,0.0,0.0,0.0
1662924778,19246,15516582,8662559.991895161978561327645504,0.0,0.0,0.0,0.0,0.0,0.0
1663025460,19247,15523681,8394683.497059447614675721061738,0.0,0.0,0.0,0.0,0.0,0.0
1663111553,19248,15529714,8312545.644544127902498272700833,0.0,0.0,0.0,0.0,0.0,0.0
1663197642,19249,15535622,7200311.685002232162516710300202,0.0,0.0,0.0,0.0,0.0,0.0
1663285127,19250,15542401,6999272.542688935786566312469374,0.0,0.0,0.0,0.0,0.0,0.0
1663366547,19251,15549082,6999272.542688935786566312469374,0.0,0.0,0.0,0.0,0.0,0.0
1663439639,19252,15555116,6265332.124674679795773721202406,0.0,0.0,0.0,0.0,0.0,0.0
1663544615,19253,15563775,6265332.124674679795773721202406,0.0,0.0,0.0,0.0,0.0,0.0
1663626875,19254,15570556,6265332.124674679795773721202406,0.0,0.0,0.0,0.0,0.0,0.0
1663703027,19255,15576848,5454032.422626216548272558292383,0.0,0.0,0.0,0.0,0.0,0.0
1663804055,19256,15585110,5454032.422626216548272558292383,0.0,0.0,0.0,0.0,0.0,0.0
1663876679,19257,15591118,4764850.2942584916120603557346,0.0,0.0,0.0,0.0,0.0,0.0
1663971635,19258,15598994,4548603.094414497747030684083921,0.0,0.0,0.0,0.0,0.0,0.0
1664055647,19259,15605965,4548603.094414497747030684083921,0.0,0.0,0.0,0.0,0.0,0.0
1664138447,19260,15612839,4548603.094414497747030684083921,0.0,0.0,0.0,0.0,0.0,0.0
1664235839,19261,15620895,4548603.094414497747030684083921,0.0,0.0,0.0,0.0,0.0,0.0
1664323019,19262,15628101,4548603.094414497747030684083921,0.0,0.0,0.0,0.0,0.0,0.0
1664403911,19263,15634807,4103889.994569602001544160040587,0.0,0.0,0.0,0.0,0.0,0.0
1664471843,19264,15640432,4103889.994569602001544160040587,0.0,0.0,0.0,0.0,0.0,0.0
1664581043,19265,15649481,4103889.994569602001544160040587,0.0,0.0,0.0,0.0,0.0,0.0
1664654987,19266,15655592,4266539.49158168008861126833759,0.0,0.0,0.0,0.0,0.0,0.0
1664706311,19267,15659847,4266273.0332802559984595563077,0.0,0.0,0.0,0.0,0.0,0.0
1664835947,19268,15670593,4266273.0332802559984595563077,0.0,0.0,0.0,0.0,0.0,0.0
1664920235,19269,15677557,4266273.0332802559984595563077,0.0,0.0,0.0,0.0,0.0,0.0
1665003611,19270,15684447,4266273.0332802559984595563077,0.0,0.0,0.0,0.0,0.0,0.0
1665087635,19271,15691407,4342655.30662862703598149856779,0.0,0.0,0.0,0.0,0.0,0.0
1665186899,19272,15699621,4342655.30662862703598149856779,0.0,0.0,0.0,0.0,0.0,0.0
1665238271,19273,15703885,4342655.30662862703598149856779,0.0,0.0,0.0,0.0,0.0,0.0
1665342971,19274,15712566,4342655.30662862703598149856779,0.0,0.0,0.0,0.0,0.0,0.0
1665440951,19275,15720689,4342655.30662862703598149856779,0.0,0.0,0.0,0.0,0.0,0.0
1665530555,19276,15728121,4342655.30662862703598149856779,0.0,0.0,0.0,0.0,0.0,0.0
1665619199,19277,15735470,4342655.30662862703598149856779,0.0,0.0,0.0,0.0,0.0,0.0
1665692723,19278,15741560,4342655.30662862703598149856779,0.0,0.0,0.0,0.0,0.0,0.0
1665783119,19279,15749053,4170574.62165722700665841075,0.0,0.0,0.0,0.0,0.0,0.0
1665871271,19280,15756365,4170574.62165722700665841075,0.0,0.0,0.0,0.0,0.0,0.0
1665960047,19281,15763718,4185926.395765587062465550670864,0.0,0.0,0.0,0.0,0.0,0.0
1666045871,19282,15770823,4225488.533047246585253308905573,0.0,0.0,0.0,0.0,0.0,0.0
1666127843,19283,15777626,4225488.533047246585253308905573,0.0,0.0,0.0,0.0,0.0,0.0
1666166735,19284,15780847,4025862.816970671168752489570452,0.0,0.0,0.0,0.0,0.0,0.0
1666301807,19285,15792038,3516559.036243577857518944996834,0.0,0.0,0.0,0.0,0.0,0.0
1666380959,19286,15798608,3516559.036243577857518944996834,0.0,0.0,0.0,0.0,0.0,0.0
1666479227,19287,15806756,3565744.246805257747400525892756,0.0,0.0,0.0,0.0,0.0,0.0
1666550111,19288,15812634,3565744.246805257747400525892756,0.0,0.0,0.0,0.0,0.0,0.0
1666655591,19289,15821334,3565744.246805257747400525892756,0.0,0.0,0.0,0.0,0.0,0.0
1666736327,19290,15828020,3565744.246805257747400525892756,0.0,0.0,0.0,0.0,0.0,0.0
1666826243,19291,15835476,3565744.246805257747400525892756,0.0,0.0,0.0,0.0,0.0,0.0
1666879259,19292,15839872,3565744.246805257747400525892756,0.0,0.0,0.0,0.0,0.0,0.0
1666951835,19293,15845871,3565744.246805257747400525892756,0.0,0.0,0.0,0.0,0.0,0.0
1667075879,19294,15856145,4163937.188118265937011131379416,0.0,0.0,0.0,0.0,0.0,0.0
1667149535,19295,15862258,4163937.188118265937011131379416,0.0,0.0,0.0,0.0,0.0,0.0
1667184575,19296,15865161,4163937.188118265937011131379416,0.0,0.0,0.0,0.0,0.0,0.0
1667329295,19297,15877134,4160182.16245194234259820268015,0.0,0.0,0.0,0.0,0.0,0.0
1667417159,19298,15884412,4160182.16245194234259820268015,0.0,0.0,0.0,0.0,0.0,0.0
1667512739,19299,15892325,4160182.16245194234259820268015,0.0,0.0,0.0,0.0,0.0,0.0
1667553479,19300,15895701,4122148.117389705400836251387646,0.0,0.0,0.0,0.0,0.0,0.0
1667691863,19301,15907175,3477035.06327430375662454000727,0.0,0.0,0.0,0.0,0.0,0.0
1667767187,19302,15913424,3081702.048081320913761673449906,0.0,0.0,0.0,0.0,0.0,0.0
1667846303,19303,15919988,3081702.048081320913761673449906,0.0,0.0,0.0,0.0,0.0,0.0
1667947643,19304,15928391,3081702.048081320913761673449906,0.0,0.0,0.0,0.0,0.0,0.0
1668032831,19305,15935438,2176372.456806073470873985817941,0.0,0.0,0.0,0.0,0.0,0.0
1668123395,19306,15942943,2459449.086072740430711983922919,0.0,0.0,0.0,0.0,0.0,0.0
1668208739,19307,15950007,2459209.302436825611197436408855,0.0,0.0,0.0,0.0,0.0,0.0
1668297059,19308,15957334,2365794.912077132925938392704965,0.0,0.0,0.0,0.0,0.0,0.0
1668369131,19309,15963314,2306599.9007271841356201847315,0.0,0.0,0.0,0.0,0.0,0.0
1668467339,19310,15971465,2306599.9007271841356201847315,0.0,0.0,0.0,0.0,0.0,0.0
1668556655,19311,15978857,2370407.6312587123357601311922,0.0,0.0,0.0,0.0,0.0,0.0
1668637307,19312,15985529,2117573.464079089750713649580892,0.0,0.0,0.0,0.0,0.0,0.0
1668723323,19313,15992657,2117573.464079089750713649580892,0.0,0.0,0.0,0.0,0.0,0.0
1668815279,19314,16000278,2179239.03451246469640221965088,0.0,0.0,0.0,0.0,0.0,0.0
1668899543,19315,16007264,1895242.52995265067802158226722,0.0,0.0,0.0,0.0,0.0,0.0
1668978095,19316,16013779,1826781.116803194565005826625874,0.0,0.0,0.0,0.0,0.0,0.0
1669066391,19317,16021097,1721560.31704161586788585473448,0.0,0.0,0.0,0.0,0.0,0.0
1669135091,19318,16026788,1712635.788338811374368694504364,0.0,0.0,0.0,0.0,0.0,0.0
1669225607,19319,16034279,1764915.734861630946264812461738,0.0,0.0,0.0,0.0,0.0,0.0
1669317323,19320,16041864,1865078.348759845131825373724175,0.0,0.0,0.0,0.0,0.0,0.0
1669420679,19321,16050427,1852849.435760553693933588034666,0.0,0.0,0.0,0.0,0.0,0.0
1669503359,19322,16057277,1852849.447868561707071609285599,0.0,0.0,0.0,0.0,0.0,0.0
1669579859,19323,16063621,1890783.773464518085980089151125,0.0,0.0,0.0,0.0,0.0,0.0
1669679495,19324,16071889,1822217.379531238089813438603978,0.0,0.0,0.0,0.0,0.0,0.0
1669753271,19325,16077998,1889865.001480294032326943670202,0.0,0.0,0.0,0.0,0.0,0.0
1669838807,19326,16085078,1963899.755699083030484601225462,0.0,0.0,0.0,0.0,0.0,0.0
1669937735,19327,16093275,1965251.48286918746945324893176,0.0,0.0,0.0,0.0,0.0,0.0
1670020931,19328,16100175,1965251.484785553004433970420096,0.0,0.0,0.0,0.0,0.0,0.0
1670110007,19329,16107560,1969437.490952519983647593034687,0.0,0.0,0.0,0.0,0.0,0.0
1670190347,19330,16114211,1954796.72563022531571994221885,0.0,0.0,0.0,0.0,0.0,0.0
1670281199,19331,16121725,1941256.73857801457309243077582,0.0,0.0,0.0,0.0,0.0,0.0
1670327603,19332,16125578,1941257.242663814611179936093536,0.0,0.0,0.0,0.0,0.0,0.0
1670457251,19333,16136241,1955475.535938692793661700542912,0.0,0.0,0.0,0.0,0.0,0.0
1670531351,19334,16142382,1913810.14123468401482531550995,0.0,0.0,0.0,0.0,0.0,0.0
1670627363,19335,16150329,1992568.202522758284752740769514,0.0,0.0,0.0,0.0,0.0,0.0
1670679671,19336,16154667,1963713.102576792353483953893516,0.0,0.0,0.0,0.0,0.0,0.0
1670802095,19337,16164816,1976352.07311055796375777625564,0.0,0.0,0.0,0.0,0.0,0.0
1670885351,19338,16171710,1976352.07311055796375777625564,0.0,0.0,0.0,0.0,0.0,0.0
1670971763,19339,16178861,2015185.808760927303515864226748,0.0,0.0,0.0,0.0,0.0,0.0
1671060539,19340,16186223,2068056.736762255570443052558725,0.0,0.0,0.0,0.0,0.0,0.0
1671126551,19341,16191689,1998113.077629800718825384453141,0.0,0.0,0.0,0.0,0.0,0.0
1671227771,19342,16200077,1998113.077629800718825384453141,0.0,0.0,0.0,0.0,0.0,0.0
1671302363,19343,16206265,1834714.00126658157433741602275,0.0,0.0,0.0,0.0,0.0,0.0
1671384419,19344,16213065,1836849.3633351952940705854716,0.0,0.0,0.0,0.0,0.0,0.0
1671458843,19345,16219235,1836849.3633351952940705854716,0.0,0.0,0.0,0.0,0.0,0.0
1671576815,19346,16229019,1877173.350453694782075084267587,0.0,0.0,0.0,0.0,0.0,0.0
1671635195,19347,16233862,1881810.555834383192661967506259,0.0,0.0,0.0,0.0,0.0,0.0
1671744659,19348,16242946,1885339.267314559053910942558364,0.0,0.0,0.0,0.0,0.0,0.0
1671836963,19349,16250619,1894178.830216887682930129480624,0.0,0.0,0.0,0.0,0.0,0.0
1671923423,19350,16257789,1894943.300660992961411278631147,0.0,0.0,0.0,0.0,0.0,0.0
1672004303,19351,16264498,1877986.615850102855328992122648,0.0,0.0,0.0,0.0,0.0,0.0
1672098587,19352,16272316,1878023.142248200551768503586442,0.0,0.0,0.0,0.0,0.0,0.0
1672181423,19353,16279177,2007279.16336216858087313109496,0.0,0.0,0.0,0.0,0.0,0.0
1672200743,19354,16280782,1966046.113922527832074527409586,0.0,0.0,0.0,0.0,0.0,0.0
1672355291,19355,16293598,1967078.576567099478259297382444,0.0,0.0,0.0,0.0,0.0,0.0
1672420223,19356,16298989,1967078.69751434237263611775764,0.0,0.0,0.0,0.0,0.0,0.0
1672523903,19357,16307584,1964008.21659774307434146352789,0.0,0.0,0.0,0.0,0.0,0.0
1672592951,19358,16313313,1972515.548646131915800739590812,0.0,0.0,0.0,0.0,0.0,0.0
1672688891,19359,16321277,2011053.371096848419271344600128,0.0,0.0,0.0,0.0,0.0,0.0
1672753859,19360,16326670,2013342.174630103392827284762416,0.0,0.0,0.0,0.0,0.0,0.0
1672857035,19361,16335227,2084448.372151647825598566002604,0.0,0.0,0.0,0.0,0.0,0.0
1672953239,19362,16343199,1951591.380608983693313930051042,0.0,0.0,0.0,0.0,0.0,0.0
1672986491,19363,16345952,1951591.380608983693313930051042,0.0,0.0,0.0,0.0,0.0,0.0
1673133935,19364,16358175,1965872.340031380203546181887604,0.0,0.0,0.0,0.0,0.0,0.0
1673299943,19366,16371946,2086291.991177768479348654109016,0.0,0.0,0.0,0.0,0.0,0.0
1673359811,19367,16376915,2086292.004657138154241226896304,0.0,0.0,0.0,0.0,0.0,0.0
1673444999,19368,16383975,2072620.45585480703541899829888,0.0,0.0,0.0,0.0,0.0,0.0
1673561207,19369,16393592,2173595.641792840640357857595369,0.0,0.0,0.0,0.0,0.0,0.0
1673641463,19370,16400241,2197934.06124331724450430001984,0.0,0.0,0.0,0.0,0.0,0.0
1673717147,19371,16406525,2380022.432002324186132850214196,0.0,0.0,0.0,0.0,0.0,0.0
1673806187,19372,16413896,2380022.738167822160443451820228,0.0,0.0,0.0,0.0,0.0,0.0
1673906747,19373,16422224,2396079.473048549653432161344834,0.0,0.0,0.0,0.0,0.0,0.0
1673968811,19374,16427378,2437062.51356620631825356214433,0.0,0.0,0.0,0.0,0.0,0.0
1674073139,19375,16436031,2461766.55800823392686892362512,0.0,0.0,0.0,0.0,0.0,0.0
1674165419,19376,16443676,2364349.489778499078628882597848,0.0,0.0,0.0,0.0,0.0,0.0
1674254207,19377,16451042,2364349.489778499078628882597848,0.0,0.0,0.0,0.0,0.0,0.0
1674336479,19378,16457865,2493475.827852125254063376871616,0.0,0.0,0.0,0.0,0.0,0.0
1674422135,19379,16464964,2493475.827852125254063376871616,0.0,0.0,0.0,0.0,0.0,0.0
1674510275,19380,16472273,2467178.525919995909531421042166,0.0,0.0,0.0,0.0,0.0,0.0
1674599543,19381,16479674,2468284.257388532307108512920924,0.0,0.0,0.0,0.0,0.0,0.0
1674688727,19382,16487066,2468289.123388453359350777053545,0.0,0.0,0.0,0.0,0.0,0.0
1674775403,19383,16494252,2459883.675956771410841940761964,0.0,0.0,0.0,0.0,0.0,0.0
1674859727,19384,16501234,2392340.950082011067262742705938,0.0,0.0,0.0,0.0,0.0,0.0
1674946547,19385,16508439,2406216.971114373005291653193675,0.0,0.0,0.0,0.0,0.0,0.0
1675036535,19386,16515894,2406216.971114373005291653193675,0.0,0.0,0.0,0.0,0.0,0.0
1675101431,19387,16521277,2406216.971114373005291653193675,0.0,0.0,0.0,0.0,0.0,0.0
1675177931,19388,16527621,2389057.999901665513651309752,0.0,0.0,0.0,0.0,0.0,0.0
1675269287,19389,16535189,2389057.999901665513651309752,0.0,0.0,0.0,0.0,0.0,0.0
1675382315,19390,16544540,2544988.758456905811161406490784,0.0,0.0,0.0,0.0,0.0,0.0
1675464323,19391,16551328,2544988.758456905811161406490784,0.0,0.0,0.0,0.0,0.0,0.0
1675550015,19392,16558428,2548999.982072002892044724597596,0.0,0.0,0.0,0.0,0.0,0.0
1675635779,19393,16565540,2582478.268915436398062661314222,0.0,0.0,0.0,0.0,0.0,0.0
1675717619,19394,16572327,2582478.268915436398062661314222,0.0,0.0,0.0,0.0,0.0,0.0
1675808159,19395,16579818,2551127.42678190793483075566786,0.0,0.0,0.0,0.0,0.0,0.0
1675897703,19396,16587219,2602383.08573869462685522778507,0.0,0.0,0.0,0.0,0.0,0.0
1675986671,19397,16594587,2544480.53964661602426084653872,0.0,0.0,0.0,0.0,0.0,0.0
1676066411,19398,16601200,2544480.53966560345292150241531,0.0,0.0,0.0,0.0,0.0,0.0
1676153675,19399,16608437,10344511.472238831625620779587976,0.0,0.0,0.0,0.0,0.0,0.0
1676245859,19400,16616070,2398717.06307429478346601853232,0.0,0.0,0.0,0.0,0.0,0.0
1676315243,19401,16621817,2398717.06307429478346601853232,0.0,0.0,0.0,0.0,0.0,0.0
1676407907,19402,16629486,2347869.728805317665792840427605,0.0,0.0,0.0,0.0,0.0,0.0
1676490743,19403,16636343,2347869.728805317665792840427605,0.0,0.0,0.0,0.0,0.0,0.0
1676583527,19404,16644029,2369876.54747244267153613718595,0.0,0.0,0.0,0.0,0.0,0.0
1676678279,19405,16651819,2318094.851001831106077302012151,0.0,0.0,0.0,0.0,0.0,0.0
1676746139,19406,16657397,2363732.908116111734425127440598,0.0,0.0,0.0,0.0,0.0,0.0
1676834507,19407,16664680,2311987.981008054608688195984016,0.0,0.0,0.0,0.0,0.0,0.0
1676929079,19408,16672480,2311987.981008054608688195984016,0.0,0.0,0.0,0.0,0.0,0.0
1677018155,19409,16679817,2311987.981008054608688195984016,0.0,0.0,0.0,0.0,0.0,0.0
1677106559,19410,16687078,2226993.01590285104712975855802,0.0,0.0,0.0,0.0,0.0,0.0
1677195251,19411,16694387,5944558.342328455285575114695496,0.0,0.0,0.0,1.1148656937438123e+21,1243.4922082938108,0.0002091815971322002
1677279779,19412,16701316,6416856.844918909005181887891576,0.0,0.0,0.0,1.1148656937438123e+21,1150.4287945085462,0.00017928229074013017
1677365255,19413,16708353,6433601.507787816420280198841456,0.0,0.0,0.0,1.1148656937438123e+21,1075.3938738568127,0.00016715270172625054
1677451823,19414,16715485,9559846.870354979508727137566816,0.0,0.0,0.0,1.1148656937438123e+21,1133.8685794936755,0.0001186073997701568
1677536639,19415,16722485,10905800.40313689713915030495088,0.0,0.0,0.0,1.1148656937438123e+21,1113.4197129390266,0.00010209426835088301
1677628559,19416,16730051,16040625.523958172028619360376676,0.0,0.0,0.0,1.1148656937438123e+21,1130.5853000256,7.04826191682466e-05
1677714827,19417,16737159,16304811.471064716242518287614202,0.0,0.0,0.0,1.1148656937438123e+21,1153.8848781591519,7.076959339314595e-05
1677800819,19418,16744223,15390714.943407013022918300763125,0.0,0.0,0.0,1.1148223225980066e+21,1093.1880806056697,7.102906425240261e-05
1677883019,19419,16750977,15390714.943407013022918300763125,0.0,0.0,0.0,1.1148223225980066e+21,1093.1880806056697,7.102906425240261e-05
1677974303,19420,16758487,15301454.216658508974452357301477,0.0,0.0,0.0,1.1148223225980066e+21,1026.9587160647673,6.711510563138043e-05
1678035503,19421,16763531,15329701.55060934854967275773074,0.0,0.0,0.0,1.1148223225980066e+21,1026.9587160647673,6.699143572197896e-05
1678113971,19422,16769993,15309115.54550240572356022029388,0.0,0.0,0.0,1.1148223225980066e+21,1026.9587160647673,6.7081518394214e-05
1678226099,19423,16779223,15516393.38098451053055586740964,0.0,0.0,0.0,1.1148223225980066e+21,1089.8045948565848,7.023568996337453e-05
1678315391,19424,16786570,15333341.165805936186466080787314,0.0,0.0,0.0,1.1148223225980066e+21,1053.2707525227254,6.869153572814046e-05
1678406195,19425,16794045,15333341.165805936186466080787314,0.0,0.0,0.0,1.1148223225980066e+21,1053.2707525227254,6.869153572814046e-05
1678486967,19426,16800663,19878434.652474764862826819623841,0.0,0.0,0.0,1.1058686498006506e+21,927.3184152097868,4.664946870423423e-05
1678572479,19427,16807700,19878434.652474764862826819623841,0.0,0.0,0.0,1.1058686498006506e+21,927.3184152097868,4.664946870423423e-05
1678664639,19428,16815288,22301171.72340230423966405191744,0.0,0.0,0.0,1.1058686498006506e+21,994.0564823566064,4.457418178227236e-05
1678749995,19429,16822326,22557844.140669293326729541859502,0.0,0.0,0.0,1.1058686498006506e+21,1095.8539033080558,4.857972670058273e-05
1678837895,19430,16829568,23756865.48389997301074704823875,0.0,0.0,0.0,1.1058686498006506e+21,1087.2314454455602,4.576493671618324e-05
1678921391,19431,16836430,23851630.1667054418996003522875,0.0,0.0,0.0,1.1058686498006506e+21,986.7278908143775,4.1369410976015965e-05
1678998071,19432,16842742,111021932.221929910123254153004039,0.0,0.0,0.0,1.1003451330033528e+21,997.8336793773615,8.987716745757211e-06
1679097275,19433,16850918,108893059.544123668410998058732338,0.0,0.0,0.0,1.1003451330033528e+21,1038.5530513692836,9.537366804800447e-06
1679180855,19434,16857808,112910680.796027397319929050001636,0.0,0.0,0.0,1.1003451330033528e+21,1138.2872338795744,1.0081306975164598e-05
1679270039,19435,16865150,110549057.117463379739933230004824,0.0,0.0,0.0,1.1003451330033528e+21,1143.5347798188675,1.034413869856719e-05
1679349659,19436,16871720,104998797.182824408713083046595596,0.0,0.0,0.0,1.1003451330033528e+21,1066.4412987652536,1.0156700146844168e-05
1679440979,19437,16879244,104998797.182824408713083046595596,0.0,0.0,0.0,1.1003451330033528e+21,1066.4412987652536,1.0156700146844168e-05
1679523863,19438,16886082,105754925.62569257956814836095581,0.0,0.0,0.0,1.1003451330033528e+21,1066.4412987652536,1.0084081591998847e-05
1679610995,19439,16893246,105743537.58461720953235456665335,0.0,0.0,0.0,1.081288675939966e+21,1036.4043830016979,9.801113209139188e-06
1679691059,19440,16899848,98710067.864090914938380285691795,0.0,0.0,0.0,1.081288675939966e+21,1037.9603574063756,1.0515243073639587e-05
1679787563,19441,16907798,87790419.708992264434796536242056,0.0,0.0,0.0,1.081288675939966e+21,990.7037171130953,1.1284872773100763e-05
1679868467,19442,16914470,81501834.305048236405350285008721,0.0,0.0,0.0,1.081288675939966e+21,1006.4797188950594,1.2349166463272076e-05
1679960063,19443,16922013,68003116.038546352196071783241657,0.0,0.0,0.0,1.081288675939966e+21,1003.8673254539884,1.4762078327189656e-05
1680039935,19444,16928585,58461880.364578605449534280537984,0.0,0.0,0.0,1.081288675939966e+21,958.5451106019648,1.6396070475740915e-05
1680119975,19445,16935168,51392245.783676507979052920102288,0.0,0.0,0.0,1.081288675939966e+21,1027.5302468382586,1.999387711452432e-05
1680214859,19446,16942993,51392245.783676507979052920102288,0.0,0.0,0.0,1.081288675939966e+21,1024.247454418105,1.992999992118329e-05
1680297479,19447,16949799,52666525.310106934967739766763856,0.0,0.0,0.0,1.081288675939966e+21,1024.247454418105,1.944778867387227e-05
1680392603,19448,16957634,52666525.583606356462451880236872,0.0,0.0,0.0,1.081288675939966e+21,1024.247454418105,1.944778857287911e-05
1680477719,19449,16964627,52428523.422040748706576115820124,0.0,0.0,0.0,1.0813315332374355e+21,989.1588333442766,1.8866807012314944e-05
1680563867,19450,16971688,52429070.997676108551358511178494,0.0,0.0,0.0,1.0813315332374355e+21,962.8100278738799,1.83640489818436e-05
1680644267,19451,16978213,52429070.997676108551358511178494,0.0,0.0,0.0,1.0813315332374355e+21,962.8100278738799,1.83640489818436e-05
1680735911,19452,16985685,55915635.487944488740825742774806,0.0,0.0,0.0,1.0813315332374355e+21,1086.6451963917643,1.943365548668488e-05
1680815171,19453,16992093,54209425.525075309129319359073596,0.0,0.0,0.0,1.0634367572309317e+21,1063.332540428723,1.9615270409697737e-05
1680909203,19454,16999780,54209425.525075309129319359073596,0.0,0.0,0.0,1.0634367572309317e+21,1063.332540428723,1.9615270409697737e-05
1680994223,19455,17006727,54174849.16692519858499286478312,0.0,0.0,0.0,1.0634367572309317e+21,1084.9213700372682,2.0026292398053115e-05
1681083011,19456,17013969,54174849.16692519858499286478312,0.0,0.0,0.0,1.0634367572309317e+21,1084.9213700372682,2.0026292398053115e-05
1681157639,19457,17020070,53814252.942862593694446778459431,0.0,0.0,0.0,1.0634367572309317e+21,1084.9213700372682,2.0160483714029924e-05
1681253855,19458,17027933,56046101.502257604575411065002381,0.0,0.0,0.0,1.0634367572309317e+21,1105.951895348267,1.9732896057073976e-05
1681332131,19459,17034349,53157001.60946675997834663972402,0.0,0.0,0.0,1.0634367572309317e+21,1049.7045983848086,1.9747249969002504e-05
1681427339,19460,17041515,56695883.449507659090453435130688,0.0,0.0,0.0,1.0634367572309317e+21,1049.7045983848086,1.8514652819894e-05
1681515587,19461,17048673,77442263.53736997967550232766766,0.0,0.0,0.0,1.0635131757786926e+21,1157.6309012955794,1.4948309210215187e-05
1681603199,19462,17055791,80945960.057467693399530575650572,0.0,0.0,0.0,1.0635131757786926e+21,1164.48098966077,1.4385906212416841e-05
1681684955,19463,17062453,81870164.74466315022040504877282,0.0,0.0,0.0,1.0635131757786926e+21,1150.0161469570041,1.4046828298729788e-05
1681764695,19464,17068970,54509133.22351775997280829923192,0.0,0.0,0.0,1.0635131757786926e+21,1152.433512405549,2.1142026010208796e-05
1681854311,19465,17076302,54509133.22351775997280829923192,0.0,0.0,0.0,1.0635131757786926e+21,1152.433512405549,2.1142026010208796e-05
1681934279,19466,17082862,54509133.22351775997280829923192,0.0,0.0,0.0,1.0635131757786926e+21,1152.433512405549,2.1142026010208796e-05
1682030351,19467,17090681,54509133.22351775997280829923192,0.0,0.0,0.0,1.0635131757786926e+21,1152.433512405549,2.1142026010208796e-05
1682112251,19468,17097400,54509133.22351775997280829923192,0.0,0.0,0.0,1.0635131757786926e+21,1152.433512405549,2.1142026010208796e-05
1682203643,19469,17104951,48147981.3157047799491567011394,0.0,0.0,0.0,1.0534514941870142e+21,967.8079946125983,2.0100697228959864e-05
1682288147,19470,17111922,48147981.3157047799491567011394,0.0,0.0,0.0,1.0534514941870142e+21,967.8079946125983,2.0100697228959864e-05
1682378279,19471,17119362,47718436.527267742563964912130867,0.0,0.0,0.0,1.0534514941870142e+21,976.9477397761649,2.0473171605651996e-05
1682463059,19472,17126355,54589537.58286580782723119180853,0.0,0.0,0.0,1.0534514941870142e+21,965.6810760458347,1.7689856313216624e-05
1682549015,19473,17133438,55749348.729278746635307941699515,0.0,0.0,0.0,1.0534514941870142e+21,960.4812394705276,1.722856430367763e-05
1682637779,19474,17140746,56961923.896999067474815396068925,0.0,0.0,0.0,1.0523318758075091e+21,986.9989036298757,1.7327344936849542e-05
1682719979,19475,17147522,56757274.390050894380957395446706,0.0,0.0,0.0,1.0523318758075091e+21,969.8774640104875,1.7088161375495852e-05
1682810471,19476,17154969,56757274.390050894380957395446706,0.0,0.0,0.0,1.0523318758075091e+21,969.8774640104875,1.7088161375495852e-05
1682888651,19477,17161416,56769006.418274439868189397125196,0.0,0.0,0.0,1.0523318758075091e+21,969.7806494779132,1.708292448052662e-05
1682979299,19478,17168876,51134456.514232449927051356188824,0.0,0.0,0.0,1.0523318758075091e+21,919.5391687312352,1.7982769964031913e-05
1683055355,19479,17175131,51134456.514232449927051356188824,0.0,0.0,0.0,1.0523318758075091e+21,919.5391687312352,1.7982769964031913e-05
1683158243,19480,17183594,52197844.37113638975790627111133,0.0,0.0,0.0,1.0523318758075091e+21,947.9205594217638,1.8160147623757642e-05
1683244679,19481,17190720,53375465.561082346594363551477318,0.0,0.0,0.0,4.275725857070162e+21,3970.370619261639,7.438568596123976e-05
1683325067,19482,17197352,54430853.853722014834426685774118,0.0,0.0,0.0,4.275725857070162e+21,4069.6572493886656,7.476747030876093e-05
1683405359,19483,17203956,54430853.853722014834426685774118,0.0,0.0,0.0,4.275725857070162e+21,4069.6572493886656,7.476747030876093e-05
1683496835,19484,17211484,54430853.853722014834426685774118,0.0,0.0,0.0,4.275725857070162e+21,4069.6572493886656,7.476747030876093e-05
1683587327,19485,17218939,54430853.853722014834426685774118,0.0,0.0,0.0,4.275725857070162e+21,4069.6572493886656,7.476747030876093e-05
1683671027,19486,17225828,55348585.656162795928090336622092,0.0,0.0,0.0,4.275725857070162e+21,3568.9269942671785,6.448090681915727e-05
1683752807,19487,17232556,57887945.563324918086166891971738,0.0,0.0,0.0,4.275725857070162e+21,3558.947450116777,6.147994052101166e-05
1683848795,19488,17240390,57887945.563324918086166891971738,0.0,0.0,0.0,4.275725857070162e+21,3558.947450116777,6.147994052101166e-05
1683931187,19489,17246977,54792271.555077068800499005995264,0.0,0.0,0.0,4.275235973996056e+21,3349.643110389936,6.113349593514995e-05
1684015655,19490,17253901,60450777.54026513103478653501,0.0,0.0,0.0,4.275235973996056e+21,3445.0963039813455,5.699010739252496e-05
1684106219,19491,17261291,60433796.952919515055954234824993,0.0,0.0,0.0,4.275235973996056e+21,3437.182842193479,5.687517606863573e-05
1684191251,19492,17268260,65515173.790491195236598184966536,0.0,0.0,0.0,4.275235973996056e+21,3528.0700837646614,5.3851190184535875e-05
1684278239,19493,17275393,65361692.97226402161981850042437,0.0,0.0,0.0,4.275235973996056e+21,3527.7152391788195,5.3972213367787025e-05
1684365023,19494,17282502,64885332.112142478675041023305696,0.0,0.0,0.0,4.275235973996056e+21,3501.007840049266,5.3956845500897055e-05
1684452539,19495,17289702,66035572.004608179006122001698682,0.0,0.0,0.0,1.0321806026603153e+21,853.6659996108165,1.2927365868069483e-05
1684537343,19496,17296658,66035575.641026173939672355795517,0.0,0.0,0.0,1.0321806026603153e+21,856.402310388469,1.2968802074868393e-05
1684605119,19497,17302239,65774847.392356770288819792499192,0.0,0.0,0.0,1.0321806026603153e+21,856.402310388469,1.3020209766202901e-05
1684711919,19498,17311006,66119440.612704056702774151785384,0.0,0.0,0.0,1.0321806026603153e+21,864.2303680790449,1.3070745306834817e-05
1684791167,19499,17317527,66119440.612704056702774151785384,0.0,0.0,0.0,1.0321806026603153e+21,864.2303680790449,1.3070745306834817e-05
1684885523,19500,17325277,67023756.106082720354299454631724,0.0,0.0,0.0,1.0321806026603153e+21,898.0611195118394,1.3399146387594593e-05
1684969991,19501,17332228,65128753.053074151010798695717807,0.0,0.0,0.0,1.0321806026603153e+21,883.4536996229906,1.3564726149494283e-05
1685058443,19502,17339509,62638652.948176989350410252764255,0.0,0.0,0.0,3.0910629391347825e+18,2.552126842507816,4.074364186310446e-08
1685142491,19503,17346432,63839279.066865784489486253434979,0.0,0.0,0.0,3.0910629391347825e+18,2.5544235022715926,4.001335133493704e-08
1685230919,19504,17353729,64494633.660326478296495553411824,0.0,0.0,0.0,3.0910629391347825e+18,2.605243668053908,4.0394735502723064e-08
1685318135,19505,17360925,65115199.567377428372600701560875,0.0,0.0,0.0,3.0910629391347825e+18,2.650703930699763,4.0707913794489235e-08
1685400479,19506,17367705,65115199.567377428372600701560875,0.0,0.0,0.0,3.0910629391347825e+18,2.650703930699763,4.0707913794489235e-08
1685489771,19507,17375045,65115199.567377428372600701560875,0.0,0.0,0.0,3.0910629391347825e+18,2.650703930699763,4.0707913794489235e-08
1685575751,19508,17382111,66266072.899063669059933131887682,0.0,0.0,0.0,3.0910629391347825e+18,2.5335650095583113,3.82332149577874e-08
1685660819,19509,17389102,63611212.75557042055020221654744,0.0,0.0,0.0,3.043126289501762e+18,2.4517403420314374,3.854258134414737e-08
1685750027,19510,17396423,61514314.14384207725667861548787,0.0,0.0,0.0,3.043126289501762e+18,2.5973600212366756,4.222366870844297e-08
1685831003,19511,17403084,62451280.149673411632978337740146,0.0,0.0,0.0,3.043126289501762e+18,2.606988472816659,4.1744356025507227e-08
1685921627,19512,17410515,62407782.060574894983886325175249,0.0,0.0,0.0,3.043126289501762e+18,2.6046422224474535,4.1735856273810664e-08
1686005063,19513,17417344,53413491.80360479119848519431655,0.0,0.0,0.0,3.043126289501762e+18,2.3819036368136612,4.4593670183025e-08
1686093899,19514,17424641,32841220.045960832539451239922975,0.0,0.0,0.0,3.043126289501762e+18,2.416689613428956,7.358708385519273e-08
1686177335,19515,17431485,32841220.045960832539451239922975,0.0,0.0,0.0,3.043126289501762e+18,2.416689613428956,7.358708385519273e-08
1686258683,19516,17438154,32841220.045960832539451239922975,0.0,0.0,0.0,2.956814191238931e+18,2.2329594658959198,6.799258562169505e-08
1686347315,19517,17445432,32486310.891267702167354548186112,0.0,0.0,0.0,2.956814191238931e+18,2.2396684772958406,6.894191478964951e-08
1686440963,19518,17453132,30936846.100398730702195816655968,0.0,0.0,0.0,2.956814191238931e+18,2.2396684772958406,7.239485466706881e-08
1686513623,19519,17459096,30936846.103906630027541327035466,0.0,0.0,0.0,2.956814191238931e+18,2.2396684772958406,7.239485465886002e-08
1686612803,19520,17467252,30518789.977729941980197104675432,0.0,0.0,0.0,2.956814191238931e+18,1.9424199466505911,6.364668940243066e-08
1686696287,19521,17474123,30890537.329219281538456809812859,0.0,0.0,0.0,2.956814191238931e+18,1.9159919414092974,6.202520600368338e-08
1686786935,19522,17481570,30748597.49476744414889321095751,0.0,0.0,0.0,2.956814191238931e+18,1.689854792063344,5.4957133975001963e-08
1686868763,19523,17488297,28832793.604284737469230612964568,0.0,0.0,0.0,2.8788079465115684e+18,1.665799187785347,5.7774463711272105e-08
1686951551,19524,17495121,28832793.604284737469230612964568,0.0,0.0,0.0,2.8788079465115684e+18,1.665799187785347,5.7774463711272105e-08
1687045751,19525,17502907,28832793.604284737469230612964568,0.0,0.0,0.0,2.8788079465115684e+18,1.665799187785347,5.7774463711272105e-08
1687126391,19526,17509555,30404919.257219825036692429348176,0.0,0.0,0.0,2.8788079465115684e+18,1.7851488076318236,5.8712499531072744e-08
1687219007,19527,17517192,29834539.13805342752667891578482,0.0,0.0,0.0,2.8788079465115684e+18,1.7796243751824679,5.964980276543264e-08
1687304771,19528,17524259,30932079.533334573944288208543,0.0,0.0,0.0,2.8788079465115684e+18,1.7796243751824679,5.75332923628565e-08
1687390043,19529,17531301,30922293.79797370638224028907914,0.0,0.0,0.0,2.8788079465115684e+18,1.7796243751824679,5.755149947184979e-08
1687477331,19530,17538489,33221019.414327300659686746229248,0.0,0.0,0.0,2.873904144696979e+18,2.013937185766868,6.062237767749875e-08
1687557179,19531,17545065,32403258.618591728691187945635824,0.0,0.0,0.0,2.873904144696979e+18,2.013937185766868,6.215230417015372e-08
1687644887,19532,17552275,32685155.609347966806971684791752,0.0,0.0,0.0,2.873904144696979e+18,1.9917075372076367,6.093614976206531e-08
1687728635,19533,17559170,33121807.252603344784821943035488,0.0,0.0,0.0,2.873904144696979e+18,1.9917075372076367,6.01328158822339e-08
1687823747,19534,17566991,30198174.312639591620013674244456,0.0,0.0,0.0,2.873904144696979e+18,1.9744554906270206,6.538327351135936e-08
1687908407,19535,17573946,29378555.239749972936249771485886,0.0,0.0,0.0,2.873904144696979e+18,2.001889779592298,6.814119221505105e-08
1687993343,19536,17580966,29378555.239749972936249771485886,0.0,0.0,0.0,2.873904144696979e+18,2.001889779592298,6.814119221505105e-08
1688082107,19537,17588295,28777947.685163930247748218962554,0.0,0.0,0.0,2.828920246421041e+18,2.0073480573756886,6.975299556926183e-08
1688164895,19538,17595121,28777947.685163930247748218962554,0.0,0.0,0.0,2.828920246421041e+18,2.0073480573756886,6.975299556926183e-08
1688255051,19539,17602540,28777947.685163930247748218962554,0.0,0.0,0.0,2.828920246421041e+18,2.0073480573756886,6.975299556926183e-08
1688337443,19540,17609340,30144882.33439637005619564813578,0.0,0.0,0.0,2.828920246421041e+18,2.0073480573756886,6.659001136936713e-08
1688422307,19541,17616324,30837039.668922547026253282354292,0.0,0.0,0.0,2.828920246421041e+18,2.0073480573756886,6.509535542086053e-08
1688504483,19542,17623099,30559583.451120502902575463394544,0.0,0.0,0.0,2.828920246421041e+18,2.218229917145145,7.258704689784674e-08
1688601431,19543,17631093,30559583.451120502902575463394544,0.0,0.0,0.0,2.828920246421041e+18,2.218229917145145,7.258704689784674e-08
1688687747,19544,17638203,30559583.451120502902575463394544,0.0,0.0,0.0,2.828920246421041e+18,2.218229917145145,7.258704689784674e-08
1688765183,19545,17644584,30559583.451120502902575463394544,0.0,0.0,0.0,2.828920246421041e+18,2.218229917145145,7.258704689784674e-08
1688858495,19546,17652269,30559583.451120502902575463394544,0.0,0.0,0.0,2.828920246421041e+18,2.218229917145145,7.258704689784674e-08
1688945879,19547,17659461,30559583.451120502902575463394544,0.0,0.0,0.0,2.828920246421041e+18,2.218229917145145,7.258704689784674e-08
1689033431,19548,17666661,28463760.528498152207061381927359,0.0,0.0,0.0,2.809472120736603e+18,2.2465803339864214,7.892774153074843e-08
1689108155,19549,17672819,28463760.528498152207061381927359,0.0,0.0,0.0,2.809472120736603e+18,2.2465803339864214,7.892774153074843e-08
1689204383,19550,17680732,28463760.528498152207061381927359,0.0,0.0,0.0,2.809472120736603e+18,2.2465803339864214,7.892774153074843e-08
1689292583,19551,17687984,28463760.528498152207061381927359,0.0,0.0,0.0,2.809472120736603e+18,2.2465803339864214,7.892774153074843e-08
1689378803,19552,17695078,30520199.4121950513476980824528,0.0,0.0,0.0,2.7702594885669197e+18,2.3500831508980204,7.70009107463102e-08
1689464267,19553,17702060,29382688.491518499397155913526865,0.0,0.0,0.0,2.7702594885669197e+18,2.2847410403411925,7.775806631856365e-08
1689549767,19554,17709090,29382688.491518499397155913526865,0.0,0.0,0.0,2.7702594885669197e+18,2.2847410403411925,7.775806631856365e-08
1689634319,19555,17716072,29382688.491518499397155913526865,0.0,0.0,0.0,2.7702594885669197e+18,2.2847410403411925,7.775806631856365e-08
1689718247,19556,17722994,29382688.491518499397155913526865,0.0,0.0,0.0,2.7702594885669197e+18,2.2847410403411925,7.775806631856365e-08
1689806939,19557,17730316,29382688.491518499397155913526865,0.0,0.0,0.0,2.7702594885669197e+18,2.2847410403411925,7.775806631856365e-08
1689890939,19558,17737257,29382688.491518499397155913526865,0.0,0.0,0.0,2.7702594885669197e+18,2.2847410403411925,7.775806631856365e-08
1689938291,19559,17741167,29382688.491518499397155913526865,0.0,0.0,0.0,2.7702594885669197e+18,2.2847410403411925,7.775806631856365e-08
1690057127,19560,17751002,29382688.491518499397155913526865,0.0,0.0,0.0,2.7702594885669197e+18,2.2847410403411925,7.775806631856365e-08
1690118159,19561,17756052,28239392.293093103095872386037525,0.0,0.0,0.0,2.7702594885669197e+18,2.2847410403411925,8.09061688236118e-08
1690239947,19562,17766130,27983957.92656699429210753143356,0.0,0.0,0.0,2.7702594885669197e+18,2.2847410403411925,8.164467107678642e-08
1690302527,19563,17771303,27983957.92656699429210753143356,0.0,0.0,0.0,2.7702594885669197e+18,2.2847410403411925,8.164467107678642e-08
1690415843,19564,17780678,28151575.426526536707699542002332,0.0,0.0,0.0,2.7702594885669197e+18,2.2847410403411925,8.115854994702489e-08
1690468163,19565,17785003,28151575.426526536707699542002332,0.0,0.0,0.0,2.7702594885669197e+18,2.2847410403411925,8.115854994702489e-08
1690568243,19566,17793281,28151575.426526536707699542002332,0.0,0.0,0.0,2.7702594885669197e+18,2.2847410403411925,8.115854994702489e-08
1690672031,19567,17801868,28354096.33581788589271367328525,0.0,0.0,0.0,2.7339399160640717e+18,2.0016295040870653,7.059401507211983e-08
1690760135,19568,17809152,10127212.62240057095350345552524,0.0,0.0,0.0,2.7339399160640717e+18,1.7055602148168227,1.684135880631421e-07
1690845059,19569,17816190,6787702.164158483915792731610324,0.0,0.0,0.0,2.7339399160640717e+18,1.7507905167881868,2.579356716670617e-07
1690929059,19570,17823152,6626166.28605445013561637688191,0.0,0.0,0.0,2.7339399160640717e+18,1.6381549261862631,2.472251458032307e-07
1691004251,19571,17829380,6582801.27278392037432420737694,0.0,0.0,0.0,2.7339399160640717e+18,1.6381549261862631,2.4885377186747035e-07
1691100227,19572,17837323,6582551.59638897228810705623697,0.0,0.0,0.0,2.7339399160640717e+18,1.6381549261862631,2.4886321089908584e-07
1691186207,19573,17844439,6534340.5638540754408568324728,0.0,0.0,0.0,2.7339399160640717e+18,1.6381549261862631,2.5069934910464e-07
1691269715,19574,17851356,6534340.5638540754408568324728,0.0,0.0,0.0,2.7339399160640717e+18,1.6381549261862631,2.5069934910464e-07
1691365847,19575,17859300,6534340.5638540754408568324728,0.0,0.0,0.0,2.7339399160640717e+18,1.6381549261862631,2.5069934910464e-07
1691452211,19576,17866438,6437000.56032228795688925840658,0.0,0.0,0.0,2.7179733463716413e+18,1.6589965711583226,2.5772820052003535e-07
1691536091,19577,17873373,6561727.252793799067860214604785,0.0,0.0,0.0,2.7179733463716413e+18,1.6362607241159237,2.4936433062182673e-07
1691610479,19578,17879524,6306818.752942773294634634602296,0.0,0.0,0.0,2.7179733463716413e+18,1.6375707872688747,2.5965084005383556e-07
1691704811,19579,17887327,6306818.752942773294634634602296,0.0,0.0,0.0,2.7179733463716413e+18,1.6375707872688747,2.5965084005383556e-07
1691777015,19580,17893310,6265123.348249455947969576266889,0.0,0.0,0.0,2.6220092578990126e+18,1.568105746732794,2.502912807248942e-07
1691863379,19581,17900442,6265123.348249455947969576266889,0.0,0.0,0.0,2.6220092578990126e+18,1.568105746732794,2.502912807248942e-07
1691920823,19582,17905200,6265123.348249455947969576266889,0.0,0.0,0.0,2.6220092578990126e+18,1.568105746732794,2.502912807248942e-07
1692040967,19583,17915150,6265123.348249455947969576266889,0.0,0.0,0.0,2.6220092578990126e+18,1.568105746732794,2.502912807248942e-07
1692218075,19585,17929802,6265123.348249455947969576266889,0.0,0.0,0.0,2.6220092578990126e+18,1.568105746732794,2.502912807248942e-07
1692313535,19586,17937696,6265123.348249455947969576266889,0.0,0.0,0.0,2.6220092578990126e+18,1.568105746732794,2.502912807248942e-07
1692376931,19587,17942932,5738369.649074219595701920612872,0.0,0.0,0.0,2.195029463755643e+18,1.105647316041036,1.926762100833661e-07
1692469427,19588,17950581,5738369.649074219595701920612872,0.0,0.0,0.0,2.195029463755643e+18,1.105647316041036,1.926762100833661e-07
1692573359,19589,17959173,5738369.649074219595701920612872,0.0,0.0,0.0,2.195029463755643e+18,1.105647316041036,1.926762100833661e-07
1692653579,19590,17965807,5676114.743720235647045595853302,0.0,0.0,0.0,2.195029463755643e+18,1.105647316041036,1.9478945827588634e-07
1692748355,19591,17973654,5503695.638658925938361369977074,0.0,0.0,0.0,2.195029463755643e+18,1.009278937493772,1.8338204067907013e-07
1692823823,19592,17979905,5502693.031742481180546957195872,0.0,0.0,0.0,2.195029463755643e+18,1.0288432351042263,1.8697085757270253e-07
1692886775,19593,17985113,5656761.245659744162558257891088,0.0,0.0,0.0,2.195029463755643e+18,1.0288432351042263,1.818784973280648e-07
1692989363,19594,17993598,5026888.714583372540124527419425,0.0,0.0,0.0,2.1557990927308585e+18,0.9559998866669629,1.90177252958383e-07
1693076867,19595,18000829,5026888.714583372540124527419425,0.0,0.0,0.0,2.1557990927308585e+18,0.9559998866669629,1.90177252958383e-07
1693151891,19596,18007040,5026888.714583372540124527419425,0.0,0.0,0.0,2.1557990927308585e+18,0.9559998866669629,1.90177252958383e-07
1693225007,19597,18013085,5008423.585653793666140342792568,0.0,0.0,0.0,2.1557990927308585e+18,0.9855084646482629,1.9677019081835822e-07
1693352579,19598,18023618,5008423.585653793666140342792568,0.0,0.0,0.0,2.1557990927308585e+18,0.9855084646482629,1.9677019081835822e-07
1693439015,19599,18030761,5008423.585653793666140342792568,0.0,0.0,0.0,2.1557990927308585e+18,0.9855084646482629,1.9677019081835822e-07
1693516079,19600,18037136,5008423.585653793666140342792568,0.0,0.0,0.0,2.1557990927308585e+18,0.9855084646482629,1.9677019081835822e-07
1693611659,19601,18045036,4984226.83802536538095391242878,0.0,0.0,0.0,2.148052534314822e+18,0.9720990263516383,1.9503506921782904e-07
1693690487,19602,18051534,4984226.83802536538095391242878,0.0,0.0,0.0,2.148052534314822e+18,0.9720990263516383,1.9503506921782904e-07
1693767371,19603,18057891,4954473.69337098798350574916294,0.0,0.0,0.0,2.148052534314822e+18,0.9418630388786229,1.901035502799867e-07
1693850315,19604,18064758,4954473.69337098798350574916294,0.0,0.0,0.0,2.148052534314822e+18,0.9418630388786229,1.901035502799867e-07
1693911647,19605,18069843,4954473.69337098798350574916294,0.0,0.0,0.0,2.148052534314822e+18,0.9418630388786229,1.901035502799867e-07
1694032295,19606,18079797,4954473.69337098798350574916294,0.0,0.0,0.0,2.148052534314822e+18,0.9418630388786229,1.901035502799867e-07
1694127647,19607,18087692,4954473.69337098798350574916294,0.0,0.0,0.0,2.148052534314822e+18,0.9418630388786229,1.901035502799867e-07
1694210207,19608,18094513,4954473.69337098798350574916294,0.0,0.0,0.0,2.148052534314822e+18,0.9418630388786229,1.901035502799867e-07
1694244011,19609,18097312,4954473.69337098798350574916294,0.0,0.0,0.0,2.148052534314822e+18,0.9418630388786229,1.901035502799867e-07
1694367191,19610,18107489,4954473.69337098798350574916294,0.0,0.0,0.0,2.148052534314822e+18,0.9418630388786229,1.901035502799867e-07
1694469791,19611,18115966,4954473.69337098798350574916294,0.0,0.0,0.0,2.148052534314822e+18,0.9418630388786229,1.901035502799867e-07
1694521115,19612,18120203,4875456.827124734233314236768688,0.0,0.0,0.0,2.148052534314822e+18,0.9418630388786229,1.9318457167716936e-07
1694615411,19613,18127987,4875456.827124734233314236768688,0.0,0.0,0.0,2.148052534314822e+18,0.9418630388786229,1.9318457167716936e-07
1694688311,19614,18134009,4875456.827124734233314236768688,0.0,0.0,0.0,2.148052534314822e+18,0.9418630388786229,1.9318457167716936e-07
1694863175,19616,18148369,4875456.827124734233314236768688,0.0,0.0,0.0,2.148052534314822e+18,0.9418630388786229,1.9318457167716936e-07
1695023579,19618,18161473,4875456.827124734233314236768688,0.0,0.0,0.0,2.148052534314822e+18,0.9418630388786229,1.9318457167716936e-07
1695132023,19619,18170414,4875456.827124734233314236768688,0.0,0.0,0.0,2.148052534314822e+18,0.9418630388786229,1.9318457167716936e-07
1695214535,19620,18177236,4875456.827124734233314236768688,0.0,0.0,0.0,2.148052534314822e+18,0.9418630388786229,1.9318457167716936e-07
1695317783,19621,18185775,4875456.827124734233314236768688,0.0,0.0,0.0,2.148052534314822e+18,0.9418630388786229,1.9318457167716936e-07
1695408203,19622,18193235,4875456.827124734233314236768688,0.0,0.0,0.0,2.148052534314822e+18,0.9418630388786229,1.9318457167716936e-07
1695482687,19623,18199391,4875456.827124734233314236768688,0.0,0.0,0.0,2.148052534314822e+18,0.9418630388786229,1.9318457167716936e-07
1695560027,19624,18205782,4875456.827124734233314236768688,0.0,0.0,0.0,2.148052534314822e+18,0.9418630388786229,1.9318457167716936e-07
1695675383,19625,18215324,4875456.827124734233314236768688,0.0,0.0,0.0,2.148052534314822e+18,0.9418630388786229,1.9318457167716936e-07
1695752375,19626,18221693,4875456.827124734233314236768688,0.0,0.0,0.0,2.148052534314822e+18,0.9418630388786229,1.9318457167716936e-07
1695809423,19627,18226412,4875456.827124734233314236768688,0.0,0.0,0.0,2.148052534314822e+18,0.9418630388786229,1.9318457167716936e-07
1695944207,19628,18237550,4875456.827124734233314236768688,0.0,0.0,0.0,2.148052534314822e+18,0.9418630388786229,1.9318457167716936e-07
1696009823,19629,18242969,5018635.695702648177606488464905,0.0,0.0,0.0,2.148052534314822e+18,0.9418630388786229,1.876731239299e-07
1696076807,19630,18248514,5088617.843660783044170738054168,0.0,0.0,0.0,2.148052534314822e+18,0.9418630388786229,1.850921149545474e-07
1696201703,19631,18258866,5088617.843660783044170738054168,0.0,0.0,0.0,2.148052534314822e+18,0.9418630388786229,1.850921149545474e-07
1696290743,19632,18266254,5237739.344353689837849384267262,0.0,0.0,0.0,2.148052534314822e+18,0.9418630388786229,1.798224342518984e-07
1696372859,19633,18273042,5237739.344353689837849384267262,0.0,0.0,0.0,2.148052534314822e+18,0.9418630388786229,1.798224342518984e-07
1696462091,19634,18280434,5237739.344353689837849384267262,0.0,0.0,0.0,2.148052534314822e+18,0.9418630388786229,1.798224342518984e-07
1696512611,19635,18284618,5237739.344353689837849384267262,0.0,0.0,0.0,2.148052534314822e+18,0.9418630388786229,1.798224342518984e-07
1696628963,19636,18294245,5237739.344353689837849384267262,0.0,0.0,0.0,2.148052534314822e+18,0.9418630388786229,1.798224342518984e-07
1696711175,19637,18301052,4950986.295993283870833086566628,0.0,0.0,0.0,2.148052534314822e+18,0.9418630388786229,1.902374562500507e-07
1696795235,19638,18308003,4950986.295993283870833086566628,0.0,0.0,0.0,2.017155324455715e+18,0.9345682333735773,1.887640517465987e-07
1696890119,19639,18315855,4950986.295993283870833086566628,0.0,0.0,0.0,2.017155324455715e+18,0.9345682333735773,1.887640517465987e-07
1696972163,19640,18322640,4950986.295993283870833086566628,0.0,0.0,0.0,2.017155324455715e+18,0.9345682333735773,1.887640517465987e-07
1697066987,19641,18330474,4719455.961942963677353251428424,0.0,0.0,0.0,2.017155324455715e+18,0.9345682333735773,1.9802456912614623e-07
1697152139,19642,18337517,4726187.615118157368926355863275,0.0,0.0,0.0,2.0103820542834732e+18,0.8630932027808721,1.8261932726073008e-07
1697232971,19643,18344190,4726187.615118157368926355863275,0.0,0.0,0.0,2.0103820542834732e+18,0.8630932027808721,1.8261932726073008e-07
1697326415,19644,18351927,4726187.615118157368926355863275,0.0,0.0,0.0,2.0103820542834732e+18,0.8630932027808721,1.8261932726073008e-07
1697411483,19645,18358971,4726187.615118157368926355863275,0.0,0.0,0.0,2.0103820542834732e+18,0.8630932027808721,1.8261932726073008e-07
1697492735,19646,18365710,1625470.202658659211941373876992,0.0,0.0,0.0,2.0103820542834732e+18,0.8630932027808721,5.309806364762489e-07
1697587007,19647,18373512,1625470.202658659211941373876992,0.0,0.0,0.0,2.0103820542834732e+18,0.8630932027808721,5.309806364762489e-07
1697662043,19648,18379716,1625470.202658659211941373876992,0.0,0.0,0.0,2.0103820542834732e+18,0.8630932027808721,5.309806364762489e-07
1697754467,19649,18387359,1625470.202658659211941373876992,0.0,0.0,0.0,2.0103820542834732e+18,0.8630932027808721,5.309806364762489e-07
1697844383,19650,18394806,1400180.292730393924175442466483,0.0,0.0,0.0,1.9826832708569037e+18,0.830684809990917,5.932698912445458e-07
1697925995,19651,18401556,1400180.292730393924175442466483,0.0,0.0,0.0,1.9826832708569037e+18,0.830684809990917,5.932698912445458e-07
1698014771,19652,18408902,1400180.292730393924175442466483,0.0,0.0,0.0,1.9826832708569037e+18,0.830684809990917,5.932698912445458e-07
1698094031,19653,18415446,1400180.292730393924175442466483,0.0,0.0,0.0,1.9826832708569037e+18,0.830684809990917,5.932698912445458e-07
1698184823,19654,18422955,1400180.292730393924175442466483,0.0,0.0,0.0,1.9826832708569037e+18,0.830684809990917,5.932698912445458e-07
1698265475,19655,18429609,1400180.292730393924175442466483,0.0,0.0,0.0,1.9826832708569037e+18,0.830684809990917,5.932698912445458e-07
1698360947,19656,18437505,1582335.35149068921400019437605,0.0,0.0,0.0,1.9826832708569037e+18,0.830684809990917,5.249739312266164e-07
1698442811,19657,18444286,1582335.35149068921400019437605,0.0,0.0,0.0,1.9826832708569037e+18,0.830684809990917,5.249739312266164e-07
1698534479,19658,18451868,1582335.35149068921400019437605,0.0,0.0,0.0,1.9826832708569037e+18,0.830684809990917,5.249739312266164e-07
1698607295,19659,18457886,1582335.35149068921400019437605,0.0,0.0,0.0,1.9749515981443492e+18,0.9492170367129223,5.998836061007437e-07
1698709535,19660,18466335,1550560.46775989876630831814038,0.0,0.0,0.0,1.9749515981443492e+18,0.9492170367129223,6.121767299306039e-07
1698780863,19661,18472223,1550560.46775989876630831814038,0.0,0.0,0.0,1.9749515981443492e+18,0.9492170367129223,6.121767299306039e-07
1698878339,19662,18480290,1550560.46775989876630831814038,0.0,0.0,0.0,1.9749515981443492e+18,0.9492170367129223,6.121767299306039e-07
1698951587,19663,18486333,1550560.46775989876630831814038,0.0,0.0,0.0,1.9749515981443492e+18,0.9492170367129223,6.121767299306039e-07
1699048463,19664,18494341,1550560.46775989876630831814038,0.0,0.0,0.0,1.9749515981443492e+18,0.9492170367129223,6.121767299306039e-07
1699140935,19665,18501977,1550560.46775989876630831814038,0.0,0.0,0.0,1.9749515981443492e+18,0.9492170367129223,6.121767299306039e-07
1699223039,19666,18508752,1550560.46775989876630831814038,0.0,0.0,0.0,1.9749515981443492e+18,0.9492170367129223,6.121767299306039e-07
1699310279,19667,18515962,1462465.720840538545417592320806,0.0,0.0,0.0,1.952376900214121e+18,1.1114627883921964,7.599923694303026e-07
1699390043,19668,18522561,1462465.720840538545417592320806,0.0,0.0,0.0,1.952376900214121e+18,1.1114627883921964,7.599923694303026e-07
1699484387,19669,18530377,1462465.720840538545417592320806,0.0,0.0,0.0,1.952376900214121e+18,1.1114627883921964,7.599923694303026e-07
1699573235,19670,18537729,1462465.720840538545417592320806,0.0,0.0,0.0,1.952376900214121e+18,1.1114627883921964,7.599923694303026e-07
1699653899,19671,18544411,1462465.720840538545417592320806,0.0,0.0,0.0,1.952376900214121e+18,1.1114627883921964,7.599923694303026e-07
1699745951,19672,18552020,1586749.80285468796423896930045,0.0,0.0,0.0,1.952376900214121e+18,1.1114627883921964,7.004650552926411e-07
1699830323,19673,18558996,1586749.80285468796423896930045,0.0,0.0,0.0,1.952376900214121e+18,1.1114627883921964,7.004650552926411e-07
1699908551,19674,18565466,1586749.80285468796423896930045,0.0,0.0,0.0,1.952376900214121e+18,1.1114627883921964,7.004650552926411e-07
1700005763,19675,18573526,1586749.80285468796423896930045,0.0,0.0,0.0,1.952376900214121e+18,1.1114627883921964,7.004650552926411e-07
1700089751,19676,18580472,1586749.80285468796423896930045,0.0,0.0,0.0,1.952376900214121e+18,1.1114627883921964,7.004650552926411e-07
1700171495,19677,18587249,1586749.80285468796423896930045,0.0,0.0,0.0,1.952376900214121e+18,1.1114627883921964,7.004650552926411e-07
1700263475,19678,18594856,1586749.80285468796423896930045,0.0,0.0,0.0,1.952376900214121e+18,1.1114627883921964,7.004650552926411e-07
1700348939,19679,18601891,1586749.80285468796423896930045,0.0,0.0,0.0,1.952376900214121e+18,1.1114627883921964,7.004650552926411e-07
1700433251,19680,18608859,1586749.80285468796423896930045,0.0,0.0,0.0,1.952376900214121e+18,1.1114627883921964,7.004650552926411e-07
1700513723,19681,18615513,1586749.80285468796423896930045,0.0,0.0,0.0,1.952376900214121e+18,1.1114627883921964,7.004650552926411e-07
1700603999,19682,18622978,1252414.316894374215352749628986,0.0,0.0,0.0,1.9213305912679434e+18,1.099711990524033,8.780736340119465e-07
1700694527,19683,18630460,1252414.316894374215352749628986,0.0,0.0,0.0,1.9213305912679434e+18,1.099711990524033,8.780736340119465e-07
1700764019,19684,18636212,1252414.316894374215352749628986,0.0,0.0,0.0,1.9213305912679434e+18,1.099711990524033,8.780736340119465e-07
1700861807,19685,18644286,1252414.316894374215352749628986,0.0,0.0,0.0,1.9213305912679434e+18,1.099711990524033,8.780736340119465e-07
1700954447,19686,18651945,1347806.282832030415217527040634,0.0,0.0,0.0,1.9165427846271212e+18,1.1497570150112255,8.530580615749461e-07
1701034799,19687,18658580,1347806.282832030415217527040634,0.0,0.0,0.0,1.9165427846271212e+18,1.1497570150112255,8.530580615749461e-07
1701127871,19688,18666266,1307952.9610950515252020570386,0.0,0.0,0.0,1.9165427846271212e+18,1.074820192132305,8.217575280631179e-07
1701211667,19689,18673197,1307952.9610950515252020570386,0.0,0.0,0.0,1.9165427846271212e+18,1.074820192132305,8.217575280631179e-07
1701299399,19690,18680455,1307952.9610950515252020570386,0.0,0.0,0.0,1.9165427846271212e+18,1.074820192132305,8.217575280631179e-07
1701386843,19691,18687688,1307952.9610950515252020570386,0.0,0.0,0.0,1.9165427846271212e+18,1.074820192132305,8.217575280631179e-07
1701459563,19692,18693703,1307952.9610950515252020570386,0.0,0.0,0.0,1.9165427846271212e+18,1.074820192132305,8.217575280631179e-07
1701551243,19693,18701301,1307952.9610950515252020570386,0.0,0.0,0.0,1.9165427846271212e+18,1.074820192132305,8.217575280631179e-07
1701630755,19694,18707861,1307952.9610950515252020570386,0.0,0.0,0.0,1.9165427846271212e+18,1.074820192132305,8.217575280631179e-07
