day,blockNumber,timestamp,totalValueLockedUSD,dailyVolumeUSD,dailySupplySideRevenueUSD,token0Balance,token1Balance,token0PriceUSD,token1PriceUSD,outputTokenSupply,outputTokenPriceUSD,dailyLPFeeROI,dailyCRVRewardROI,dailyLDORewardROI
19273,29153796,1665261079,289.90203388335857,30.4261953659814450964722623487929,0.006085239073196289019294452469758579,0.0790137205519154,0.13184603413388998,1456.3395240088307,1326.0257,0.0,0.0,0.0,,
19274,29323445,1665349571,288.30600717179414,13.93626138303014084526061770513536,0.002787252276606028169052123541027072,0.06942645903109952,0.14241466971912267,1443.6479630608897,1320.640924,0.0,0.0,0.0,,
19275,29464988,1665438244,285.55726834671617,26.80997742422727311749982674511717,0.005361995484845454623499965349023434,0.05103193182165126,0.16291370588521287,1430.981929682623,1304.564861,0.0,0.0,0.0,,
19276,29595686,1665507835,283.871661836977,19.2743386654039429786123789079648,0.00385486773308078859572247578159296,0.037688677696214805,0.17813601654505662,1410.1518350500837,1295.2176,0.0,0.0,0.0,,
19277,29704768,1665575779,284.60397826672187,0.3769907491836061587345934477786442,0.00007539814983672123174691868955572884,0.03743033766699206,0.1784360165450566,1410.1518350500837,1299.185688,0.0,0.0,0.0,,
19279,30103890,1665761836,287.0080224766194,2.874529640504619427581883955067534,0.0005749059281009238855163767910135066,0.0354861981203488,0.18070331188861843,1410.1518350500837,1311.36,0.0,0.0,0.0,,
19286,31615979,1666393705,282.19848217748665,125.0579314543055820858318477415936,0.02501158629086111641716636954831874,0.06528986243737088,0.1469763720018184,1397.612766259932,1299.178462,0.0,0.0,0.0,,
19287,31829877,1666481820,286.1499092550716,72.05811719812151400032556215774619,0.01441162343962430280006511243154924,0.061056695679062356,0.15170111615919282,1423.7584854329748,1313.23965,0.0,0.0,0.0,,
19288,32055150,1666566382,297.5289980583213,20.83884319350984089709138869483368,0.004167768638701968179418277738966736,0.04689314125228015,0.16762377985029028,1460.109565401512,1366.511805,0.0,0.0,0.0,,
19289,32249331,1666629124,292.8708108012885,0.9772326541302290664250037747736375,0.0001954465308260458132850007549547275,0.04623752557687933,0.168368941439254,1460.109565401512,1338.48295,0.0,0.0,0.0,,
19290,32516595,1666716646,308.5249833756817,11.75631610387512935173627155788174,0.002351263220775025870347254311576347,0.038572816506576596,0.17716394143925399,1521.5835157700087,1410.180986,0.0,0.0,0.0,,
19291,32871042,1666823648,338.01228291832217,4.631638005053902132302771284328731,0.0009263276010107804264605542568657461,0.03578489592602383,0.18041258293408854,1521.5835157700087,1571.745,0.0,0.0,0.0,,
19292,32900835,1666834256,342.24180118909754,0.9609521528225421646012978186046595,0.0001921904305645084329202595637209319,0.035239446659468605,0.18105215470693428,1693.990134262514,1560.580854,0.0,0.0,0.0,,
19293,33200448,1666921494,335.1392364209572,0.9741877914855739979850486253788615,0.0001948375582971147995970097250757723,0.03467981028001953,0.1817099498214835,1693.990134262514,1521.061341,0.0,0.0,0.0,,
19294,33495550,1667012755,344.16643054617555,0.9587629123407488792528647633920755,0.0001917525824681497758505729526784151,0.0341387426199625,0.18234751069196917,1693.990134262514,1570.275,0.0,0.0,0.0,,
19296,34225625,1667234982,343.2196081973151,0.005104094556991645423037821799462947,0.000001020818911398329084607564359892589,0.03414162648733649,0.18234410895260728,1693.990134262514,1565.085,0.0,0.0,0.0,,
19297,34402507,1667293132,347.3406400639244,0.4188107310138607579284532024334102,0.00008376214620277215158569064048668204,0.03437652316179347,0.18206714400808577,1693.990134262514,1587.915,0.0,0.0,0.0,,
19299,35036679,1667503412,335.47364997038983,238.2382337144109474958884069378221,0.0476476467428821894991776813875644,0.10016906580081154,0.10855555992376466,1673.962027100271,1545.701,0.0,0.0,0.0,,
19300,35313574,1667606195,354.9257010860343,35.11759976633297579892899719021105,0.007023519953266595159785799438042208,0.10446304726381095,0.10386855937965463,1761.714608818137,1645.268074,0.0,0.0,0.0,,
19301,35548622,1667678984,356.7934481841519,6.7371341654609004904143542866297,0.001347426833092180098082870857325939,0.1045800113228298,0.10374158379983665,1791.9397362634916,1632.83,0.0,0.0,0.0,,
19302,35808881,1667761963,352.94551135321785,6.814712134435503551232172845099515,0.001362942426887100710246434569019903,0.10278638214332847,0.10570159591906865,1777.3191579153179,1610.773269,0.0,0.0,0.0,,
19303,36072600,1667842614,344.79125854827964,26.62253503038398025569156309238267,0.005324507006076796051138312618476536,0.1041730962569005,0.10419009394793537,1725.9133925237497,1583.62,0.0,0.0,0.0,,
19304,36307341,1667911238,322.13643337221174,37.30741789924090950985813289145202,0.007461483579848181901971626578290402,0.12009550843445321,0.08686155272119155,1615.7306800319404,1474.696593,0.0,0.0,0.0,,
19305,36613392,1667997359,301.6645039898216,13.14721773445935012286118535544496,0.002629443546891870024572237071088992,0.12367502373067246,0.08298361699599907,1615.7306800319404,1227.217823,0.0,0.0,0.0,,
19306,37031241,1668117847,284.18413345836177,59.85143380589570416643506149905057,0.01197028676117914083328701229981011,0.1276635455339211,0.07868076133162583,1412.0115068077012,1320.802397,0.0,0.0,0.0,,
19307,37332399,1668204620,276.63298084664274,7.96932275367224735603061410558138,0.001593864550734449471206122821116276,0.12187663503865814,0.08494701618448791,1387.8051893469305,1265.4,0.0,0.0,0.0,,
19308,37437646,1668239030,274.0100653178142,9.650629125128075377248018427401445,0.001930125825025615075449603685480289,0.12893398705497777,0.07731095385954223,1366.960281662514,1264.535246,0.0,0.0,0.0,,
19311,38413763,1668556387,4301.336289311977,946.1633003669825006578656646279477,0.1892326600733965001315731329255896,2.0120371695389325,1.2431794994777121,1366.960281662514,1247.576391,3.4349084772817164,1252.241891672155,4.110447622563715e-05,0.0,5.076328036490341e-15
19312,38676426,1668642611,1221960.566851013,135612.7651098507806040293720448825,27.12255302197015612080587440897656,572.9036098491554,387.91652340348605,1309.9975773672616,1215.36,1011.5972936118347,1207.951597505853,2.0335922795704973e-05,0.0,1.684654323827998e-17
19313,38924643,1668729337,2431437.5079887765,126405.7532077663499473345655952846,25.28115064155326998946691311905696,1154.202770963285,764.1305037113901,1312.740411915582,1199.1,2020.513889287388,1203.3757950787046,9.53590225023841e-06,0.0,9.395091578853102e-18
19314,39172137,1668815731,3710521.657502922,404190.9159536472029239095074775888,80.83818319072944058478190149551758,1762.950862376572,1150.376288152339,1314.4209326684975,1211.136004,3069.213129596809,1208.948841552219,1.9956929892051394e-05,0.0,5.8790668247507794e-18
19315,39466703,1668902359,4165132.546060563,283555.8911138883016402667244340273,56.71117822277766032805334488680521,1963.1249457358026,1298.044815316799,1316.6045011253086,1217.58,3434.7300065994,1212.6520972704657,1.2376482003976997e-05,0.0,5.083032843852302e-18
19316,39778342,1668987997,3985073.2978051975,384385.6604678447743602224920801327,76.87713209356895487204449841602629,2002.6708450760864,1296.3907102770524,1252.9643017984667,1138.39,3475.9744800106473,1146.462185128871,1.7575853550059032e-05,0.0,4.865570603387254e-18
19317,40090112,1669075040,3970989.0456875274,427952.9733605487982396171970986331,85.59059467210975964792343941972643,2161.070479230544,1257.4950870778991,1194.0032746210163,1105.9,3608.9081273917814,1100.3297688704056,1.9775292356947885e-05,0.0,4.633484183543967e-18
19318,40390853,1669161017,4127922.6947629577,367013.6296253463335460726911164719,73.40272592506926670921453822329441,2190.984731626832,1268.4771201333222,1225.8858894367293,1136.81627,3652.3190211750825,1130.2196415018686,1.6300004047671788e-05,0.0,4.626011102378938e-18
19319,40679790,1669247895,5210565.487450403,323346.623105147827196207070109836,64.66932462102956543924141402196693,2699.6094299194087,1496.5435777908524,1273.9774521546415,1183.61,4433.394761737809,1175.2992385022708,1.1419128503023317e-05,0.0,3.757796230776259e-18
19320,40950128,1669334362,5415771.768356254,590300.5144778492708130521563033775,118.0601028955698541626104312606741,2958.051237787985,1323.7294615859712,1293.0563506996957,1201.79,4539.335639318416,1193.0758592615186,2.009835030488433e-05,0.0,3.561178783284634e-18
19321,41217782,1669419688,5360243.1315147355,174912.8540515314771277550328006518,34.98257081030629542555100656013027,2856.7891836824074,1362.0837220275816,1303.3512946448081,1201.72,4468.34230906099,1199.604408248923,5.977390349696061e-06,0.0,3.545687209114129e-18
19322,41485156,1669507180,5693842.56498827,192391.0059226581913548528004010438,38.47820118453163827097056008020883,2957.6859532246585,1510.3735148284536,1309.6129720805152,1205.277142,4727.024544774887,1204.5299344345642,6.1842756336579085e-06,0.0,3.330240413794691e-18
19323,41743758,1669593340,5617110.5434692055,252466.2595677582184168575087089937,50.49325191355164368337150174179869,2896.0329872306183,1535.291454047613,1304.7128860430053,1197.57,4685.162049839614,1198.914889968746,8.161619473697016e-06,0.0,3.280197397074168e-18
19324,42010957,1669679534,5476410.656837145,152026.4943112606174050426455528596,30.40529886225212348100852911057193,2854.5035942065433,1589.9221776529894,1267.5593458476876,1168.71,4694.959225967367,1166.4447747592023,5.081971749128104e-06,0.0,3.2719282241093216e-18
19325,42291973,1669765416,5858620.165557811,278509.5637259008099272518810998605,55.70191274518016198545037621997237,2936.4285080004347,1621.3144500595038,1323.3402088397054,1216.745,4815.346723073062,1216.6559341377917,8.694576742152124e-06,0.0,3.2874637225023357e-18
19326,42569443,1669852661,6160327.312605506,268145.82224003036266763908042821,53.62916444800607253352781608564215,2901.6307808346796,1602.111916227686,1406.0123287993551,1298.66,4758.211725490379,1294.67280314657,7.986492244149194e-06,0.0,3.2200990556709406e-18
19327,42836508,1669939050,6362995.4288067315,208019.1742824453510033311420610786,41.60383485648907020066622841221572,2965.959266504584,1768.976495215745,1384.432565245428,1275.78,4995.430214416348,1273.7632507493984,5.992288715708658e-06,0.0,3.032454003458043e-18
19328,43113041,1670024657,6330497.3586459495,198715.2223678863512184486027078755,39.74304447357727024368972054157504,2921.02838572974,1736.8390166671163,1399.7999991719132,1290.644559,4914.36297367336,1288.1623503511921,5.744816721974222e-06,0.0,3.0393725443306893e-18
19329,43391973,1670111992,6993550.754174139,421818.5403390543550979980794669046,84.36370806781087101959961589338073,3278.7240347659426,2027.9653177232694,1364.7861006764315,1242.03,5594.659577449142,1250.0404461361018,1.0912505297167977e-05,0.0,2.6762323860411263e-18
19330,43671586,1670198015,7863428.612887666,189528.6282914567103242192897542697,37.90572565829134206484385795085411,3609.487209486679,2234.8604003853575,1386.0804013634136,1279.89611,6161.3383531818745,1276.2533336327467,4.41888856579237e-06,0.0,2.4105446160579292e-18
19331,43935965,1670283780,8467751.664501168,742168.1823809168277710062630800392,148.4336364761833655542012526160078,3883.860807682989,2507.499816311939,1367.5499319430385,1258.775,6732.311444008849,1257.777768441878,1.6026690601688607e-05,0.0,2.1754587364298655e-18
19332,44212835,1670370749,8402645.21427681,37746.53582072388064083403284200826,7.549307164144776128166806568401657,3877.0463642429218,2445.693199474858,1365.5333193922593,1270.972673,6663.025353564398,1261.0855832601326,8.144736641023837e-07,0.0,2.605926997909978e-18
19333,44470181,1670457469,8888623.477957467,54999.84132154659020904838330137325,10.99996826430931804180967666027465,4142.475823225448,2701.2046174136103,1341.237855568781,1233.737743,7207.30724931917,1233.2793886089871,1.1309940126062826e-06,0.0,2.406923922953032e-18
19334,44720741,1670543740,8180045.104976519,255792.0211890207722745259647035982,51.15840423780415445490519294071954,3724.613699931933,2323.616240965069,1396.987049317047,1281.11,6375.061994280716,1283.1318522572979,5.718333576833302e-06,0.0,2.5936075670988373e-18
19335,44958049,1670629540,8182972.641400551,110128.8539343251900918734444999615,22.02577078686503801837468889999229,3669.4014336030723,2464.137047463711,1381.1438909334734,1264.134749,6455.5633751550795,1267.5845880304714,2.4548636881056225e-06,0.0,2.542756540570234e-18
19336,45185826,1670715302,8171453.838995077,34336.29378676966526206768615279654,6.867258757353933052413537230559319,3631.086006793417,2478.0201086778548,1384.0061692184681,1269.565325,6427.740546313839,1271.2793523816415,7.670481151576225e-07,0.0,2.5418173872626633e-18
19337,45412048,1670803058,8091914.399767057,21815.94405497760285005496787862975,4.363188810995520570010993575725946,3612.115691785407,2467.524037118799,1377.1280475933338,1263.44,6396.6002667763205,1265.0336213435328,4.886726926261507e-07,0.0,2.501583452172339e-18
19338,45681856,1670889068,8050600.545881186,45604.12072988388973433928374182171,9.120824145976777946867856748364329,3620.197503035041,2440.226110171163,1364.5734265334538,1274.707791,6378.10047707397,1262.2254188090958,1.0221614941330621e-06,0.0,2.5981225407376086e-18
19339,45948869,1670975655,8471153.787020639,9330.12202098908246491296083602187,1.866024404197816492982592167204375,3635.174866979989,2457.7537745564014,1437.7719269176503,1320.149092,6411.911882039212,1321.1587967622718,2.024110529014749e-07,0.0,2.6611662218275257e-18
19340,46213387,1671061983,8406470.055707956,19914.57247204903505702220743715036,3.982914494409807011404441487430067,3654.7299256147476,2453.81192763082,1421.664700370437,1308.44157,6429.247037549473,1307.5357046650531,4.328528372206183e-07,0.0,2.692752250597584e-18
19341,46495354,1671148774,8244662.859323246,42769.42083479636279165080637467298,8.553884166959272558330161274934591,3685.6997812381555,2472.1224173947485,1387.6453101528425,1266.207054,6481.235078191505,1272.0820584128235,9.446872670575156e-07,0.0,2.68343178464972e-18
19342,46751867,1671234461,7646211.83337515,15512.97340447392098557991241101964,3.10259468089478419711598248220393,3650.8824891699605,2452.8261121342834,1312.5809596035701,1163.61,6424.057978675923,1190.2463923513853,3.6543743043525155e-07,0.0,2.6889474541484505e-18
19343,46985466,1671320757,7668704.37043011,51745.08759897849833826333293191027,10.34901751979569966765266658638205,3678.918294305447,2488.815608325836,1283.2173029262449,1184.44,6490.509213452235,1181.5258430780666,1.2339632304586848e-06,0.0,2.615646968677218e-18
19344,47199795,1671406607,7693485.043691374,16137.50889088065084505971845917647,3.227501778176130169011943691835286,3676.730237661006,2479.959559086278,1288.3061351300078,1192.249652,6479.2759274224045,1187.3988899176281,3.8401959325640394e-07,0.0,2.5948998858008807e-18
19345,47422634,1671494166,7579482.189668141,37660.43596630369708960492068946084,7.532087193260739417920984137892164,3704.025049564879,2480.0346715687247,1264.8303109192143,1167.128455,6509.050794295067,1164.4527641897134,8.979858956140024e-07,0.0,2.5347786455261554e-18
19346,47662780,1671578323,8015531.327414701,74744.29889915580229370925163537701,14.94885977983116045874185032707542,3755.2512065411156,2500.9670795260495,1322.5917392783065,1219.075264,6585.699768943372,1217.1115612063097,1.7039554887439556e-06,0.0,2.462596365369142e-18
19347,47916146,1671666764,8017448.137056371,38545.11428643245943256705813009538,7.709022857286491886513411626019077,3756.7072808899206,2524.4922923827185,1320.2138141390983,1211.25,6610.771872619351,1212.7854797505909,8.77533445989801e-07,0.0,2.408112762118041e-18
19348,48146905,1671751716,8400723.61510476,95664.23664778383898937116773954494,19.13284732955676779787423354790898,3917.9992055994103,2639.142038990228,1324.6723816110184,1216.5538,6900.823027476901,1217.350971276285,2.1218949353283357e-06,0.0,2.2470264494519223e-18
19349,48382275,1671839703,8846448.406567972,99391.86225333843587456840151380439,19.8783724506676871749136803027609,4090.8437954610877,2788.790531531044,1330.3759126973669,1220.6325,7238.382640830476,1222.1581595682264,2.0509553886020485e-06,0.0,2.074824421514248e-18
19350,48622191,1671925366,8890534.807097556,4602.707584267602515149503733603736,0.9205415168535205030299007467207468,4133.268193156011,2780.3739434835315,1329.5095273058362,1221.1722,7276.1610019534455,1221.8716442242958,9.40274561209489e-08,0.0,2.0847800273436878e-18
19351,48865969,1672011334,9366605.981429592,151120.4445613754448278627706712923,30.22408891227508896557255413425846,4403.672115814353,2929.975159363556,1317.5238479449577,1216.61883,7719.859754591415,1213.3129718915902,2.951203505325933e-06,0.0,2.063669378085769e-18
19352,49088556,1672098224,8979544.09422667,234068.0982589961834731556182103834,46.81361965179923669463112364207657,4205.056939305151,2786.10044557585,1326.7332639509991,1220.542921,7359.899019878191,1220.0634913568806,4.757426489652246e-06,0.0,2.3080231187582583e-18
19353,49291045,1672184060,9128509.390192665,133940.5189136024689837508684126093,26.78810378272049379675017368252194,4192.414447860967,2967.927966748617,1318.7978102645745,1212.82,7527.565453739403,1212.6775178896619,2.6821053240669863e-06,0.0,2.3582600892456456e-18
19354,49494124,1672270107,9090491.211420687,58731.00738789409462360669605985131,11.74620147757881892472133921197027,4239.449906610404,3007.6254417034384,1302.2901353440693,1186.815808,7618.383960077932,1193.2309081633234,1.1746958335061108e-06,0.0,2.138115582849284e-18
19355,49690628,1672358204,9837029.633699372,108008.8558847017119361329796731999,21.60177117694034238722659593464,4621.831844245511,3169.8323762475798,1303.9902983075592,1202.02121,8196.693638830136,1200.121666997347,2.005091155271771e-06,0.0,1.9515194445082187e-18
19356,49896493,1672442868,9800561.856971528,9432.491285622359253878789878252808,1.886498257124471850775757975650562,4626.310954646497,3145.904119778046,1304.0346502995346,1197.65,8177.684356332131,1198.451961450771,1.7549569083621254e-07,0.0,1.9456945893175206e-18
19357,50083188,1672530455,9808690.67346173,483978.9102693769963731710552441762,96.79578205387539927463421104883525,4955.598814376755,2788.232831262556,1306.1799033153104,1196.380394,8178.434398575496,1199.3359847907063,8.987104562855924e-06,0.0,1.933640758170149e-18
19358,50231283,1672617103,9875228.06109408,51466.08128425356393111773937251482,10.29321625685071278622354787450297,4957.848038119687,2837.688555559012,1304.7931256388217,1200.365,8230.37138625301,1199.8520598461005,9.50696559040018e-07,0.0,2.2129203785495072e-18
19359,50414743,1672703074,9700311.61307088,20275.73489131597653549067990827072,4.055146978263195307098135981654146,4790.477959092132,2764.007015123784,1323.7987160607368,1215.14997,7974.646892907479,1216.3938721472643,3.8096947396197833e-07,0.0,2.530045170816066e-18
19360,50653387,1672788392,9659199.532215897,5490.192931729825799967132706906193,1.098038586345965159993426541381238,4799.113748316551,2765.568181979116,1312.5898361644345,1214.915483,7985.597700876739,1209.5775286996256,1.0351625064129831e-07,0.0,1.0155017716924922e-18
19361,50904768,1672873808,8960206.429631028,97214.78282660827945434120447263067,19.44295656532165589086824089452615,4216.782739113683,2521.2227097943464,1375.0980360299811,1254.041047,7107.833798551152,1260.6100091222534,1.985039326604559e-06,0.0,1.2676880520429983e-18
19362,51116677,1672963174,9090247.487179074,16919.00402622182483833299226132448,3.383800805244364967666598452264896,4317.617975068848,2567.568751523855,1361.6471059527412,1250.667763,7263.856388129457,1251.435463679361,3.398554051913316e-07,0.0,1.2188862275015908e-18
19363,51323489,1673049052,9454339.340805497,53885.00862720726495639778901429416,10.77700172544145299127955780285884,4366.978400133003,2709.722706099368,1377.9260789476982,1268.38289,7459.586506207656,1267.4079632882954,1.039491034255482e-06,0.0,1.2827845231640817e-18
19364,51518256,1673135986,9448001.064467123,146064.044455239363085240069388216,29.21280889104787261704801387764319,4339.488282243853,2750.0184517118487,1376.4521783503972,1263.5926,7469.876829152204,1264.8135010198591,2.816609235040734e-06,0.0,1.2499475341277168e-18
19365,51709235,1673218932,9488828.76179967,555547.2526017180113889661060812313,111.1094505203436022777932212162463,4210.392654637782,2886.5681555467313,1383.1057175663116,1269.816062,7465.406139214691,1271.039858361655,1.0666437288744046e-05,0.0,1.5881069088652657e-18
19366,51942765,1673308097,10222059.78791888,183822.5067135459548121216190783009,36.76450134270919096242432381566017,4319.845188604488,3024.631306695748,1440.5638615642808,1322.16013,7722.232574534887,1323.718197976517,3.277011364568957e-06,0.0,1.4901187384576848e-18
19367,52180673,1673394975,10325290.55738264,187685.2583820695628866587088589624,37.53705167641391257733174177179252,4140.147259391543,3185.6335193644795,1466.4423399912187,1335.371221,7686.590387312163,1343.2861694342441,3.2987518914176852e-06,0.0,1.4996623892434484e-18
19368,52419568,1673481537,10415812.35831267,27694.64856053035547749354843833347,5.538929712106071095498709687666701,4137.164862011727,3116.3151729397696,1471.5230474768412,1388.780875,7614.327301073739,1367.922857327643,4.858869429148016e-07,0.0,1.3972864793875086e-18
19369,52654959,1673564851,11140500.098491438,54047.04021298981900775206459397771,10.80940804259796380155041291879555,4197.280096275031,3225.9590246336643,1561.3597052752702,1421.913933,7788.992517255509,1430.2876878891714,8.814996535869983e-07,0.0,1.5105417055362824e-18
19370,52878505,1673652511,11479641.903343057,152033.5923316222159748644316112492,30.40671846632444319497288632224983,4273.700724451195,3249.0129320436345,1584.6855931326177,1448.8,7895.25270330085,1453.992967007078,2.464354591820131e-06,0.0,1.4992846204610041e-18
19371,53122089,1673740362,12207735.196484337,128303.4090019609926987357906246668,25.66068180039219853974715812493335,4290.693108863026,3217.501367422574,1682.5335694030503,1550.426693,7882.404989967834,1548.7322983304557,1.9198585474280258e-06,0.0,1.4373971385118318e-18
19372,53351886,1673826215,12229357.143919569,9296.469821127459695782472052104516,1.859293964225491939156494410420901,4279.133921260122,3186.9722933794346,1701.2785141394995,1552.997042,7839.411079483811,1559.9841646172247,1.3836819141764557e-07,0.0,1.4823068769206611e-18
19373,53572256,1673911997,12151800.99084772,110801.8522363951315623133884218362,22.16037044727902631246267768436724,4136.056185501491,3212.6875223763627,1710.0601673605408,1580.887037,7708.868381879038,1576.3404417972067,1.670688615529324e-06,0.0,1.4568232826369468e-18
19374,53786074,1673999509,11456887.863241669,20667.10160301678991311074570340854,4.133420320603357982622149140681709,3847.3294183729827,2996.799591269941,1751.7515443095117,1574.120147,7179.062918532057,1595.8751153534008,3.255507727199977e-07,0.0,1.4581661315487425e-18
19375,53989766,1674084979,11080959.147328865,276237.041499316563395476879061645,55.24740829986331267909537581232907,3833.473810314356,3001.020306047994,1697.659890038429,1523.823218,7168.099310478197,1545.871320606694,4.545692492689175e-06,0.0,1.490792645393057e-18
19376,54190239,1674172102,11359069.384400388,430932.6108032547306332228115368204,86.18652216065094612664456230736415,3713.0673929110494,3235.714906357709,1708.046946360581,1550.5,7269.722644763246,1562.5175731543086,6.8737629838134034e-06,0.0,1.4048156763174857e-18
19377,54389266,1674257042,11656429.77611062,226682.3027961765516580765523027466,45.33646055923531033161531046054931,3583.9990804544336,3146.199226450038,1801.7650622657907,1652.44,7039.762209128797,1655.7987940267597,3.5390225356401566e-06,0.0,1.5734615355643801e-18
19378,54604811,1674344042,11730792.657581422,16623.66537565412102030825744973891,3.324733075130824204061651489947782,3589.6395031682564,3189.549317074562,1819.8004897065782,1629.811743,7088.947841266739,1654.800249663739,2.551907421658495e-07,0.0,1.623242930724236e-18
19379,54815687,1674431622,11690601.817905787,23421.79123581188950630544775055153,4.684358247162377901261089550110307,3581.4912050320345,3269.26398770091,1778.6761692586517,1627.365909,7159.112605299414,1632.9680034997652,3.571480437229473e-07,0.0,1.5153193526258027e-18
19380,55026009,1674517604,11654586.667996138,10009.01392352480707641683671162682,2.001802784704961415283367342325364,3578.7729613194665,3235.9744311100517,1786.0701308312819,1626.294425,7123.106230003005,1636.1663425580025,1.5421817922913874e-07,0.0,1.6960823523783107e-18
19381,55240458,1674601819,11343273.642725943,117160.7437338145506496732212168613,23.4321487467629101299346442433722,3483.9840104187697,3279.1652266583415,1783.7163000099927,1564.067139,7062.277485080951,1606.1778465500101,1.84917406725857e-06,0.0,1.750108627623611e-18
19382,55467212,1674687243,11326469.106099308,20868.00321353713775226734346885792,4.173600642707427550453468693771586,3486.114525045453,3310.596607193212,1738.3476812868032,1590.767656,7095.769826375806,1596.2283703168468,3.4227444069162196e-07,0.0,1.8092371187984506e-18
19383,55722395,1674776388,11445078.620009733,51037.24399623927303284184635209907,10.20744879924785460656836927041982,3447.684392382468,3347.202817551299,1764.6523262583544,1601.67,7090.002174110955,1614.256009934846,8.071608903715901e-07,0.0,1.6668245108416974e-18
19384,55987490,1674862667,11535688.403572,48770.89561514199691990898103540968,9.754179123028399383981796207081938,3457.7885829698944,3388.550544987125,1769.7057882401061,1598.447437,7142.0235044881665,1615.1848837129676,7.637851201985556e-07,0.0,1.651450087311082e-18
19385,56235300,1674949673,11326374.27930998,62303.876554778920335567906667466,12.46077531095578406711358133349317,3443.066608727494,3420.422008061348,1730.2120224730554,1569.73,7157.479373154676,1582.452940317431,9.948205174448517e-07,0.0,1.6106182209855117e-18
19386,56486007,1675036087,11880912.617968045,6495.698780675833934254339287183547,1.299139756135166786850867857436708,3451.554775865388,3427.0234353208307,1808.9397837639706,1644.9429,7173.307614348138,1656.266991004777,9.886131476379112e-08,0.0,1.599743033413903e-18
19387,56756291,1675122131,11095516.622777749,3928.171870385999218851450201603091,0.7856343740771998437702900403206182,3404.020268864721,3364.9603800243362,1710.201740728529,1567.3157,7059.78736793422,1571.650255809961,6.438674757290668e-08,0.0,1.5078549387746962e-18
19388,57011830,1675209249,11267841.762994086,73004.41954658063816551605284054565,14.60088390931612763310321056810916,3474.8133275873697,3322.668356606722,1724.6509001890272,1587.58,7095.355202186147,1588.058869769107,1.1617042320531906e-06,0.0,1.968320672009773e-18
19389,57283097,1675295842,12187827.480289657,40530.72659580261188470295206422497,8.106145319160522376940590412844994,3624.3063117560523,3425.7195406575447,1811.0144177585719,1641.744582,7361.070116636593,1655.7140860191257,6.274061910216722e-07,0.0,2.0424192312958863e-18
19390,57550470,1675380711,12028629.330123322,148904.522548007162730538813611043,29.78090450960143254610776272220861,3583.9943227407857,3284.83379372942,1845.793219961301,1647.97285,7177.277492555072,1675.9320428394353,2.274408028065871e-06,0.0,2.075948557844066e-18
19391,57808651,1675468628,11689665.459422432,10007.13439101037525985840213338023,2.001426878202075051971680426676047,3467.5855215782854,3212.9947610759814,1827.5097177734228,1665.9284,6978.69900170967,1675.0493833533515,1.5539458818051364e-07,0.0,2.1039835056322305e-18
19392,58073815,1675553653,12554895.8013844,4936.65414614858672990980637902619,0.9873308292297173459819612758052373,3724.6482842223077,3366.4092467961596,1852.216117180324,1680.141006,7412.012340628084,1693.857919335374,7.119330462619019e-08,0.0,1.8908770014847273e-18
19393,58349517,1675639281,12263793.469927192,123005.7520075642829967464554332116,24.60115040151285659934929108664254,3663.1323003843677,3446.009877700591,1812.2543074606297,1632.3999,7423.565969039308,1652.008417662686,1.8309570932805426e-06,0.0,1.7747884445212073e-18
19394,58641053,1675727571,12239004.39665261,114865.7495390567389872693801820872,22.97314990781134779745387603641744,3599.837458925338,3522.817059328306,1819.8308224836,1614.591146,7430.334944770186,1647.167252570086,1.6760944386657377e-06,0.0,1.887249502347445e-18
19395,58929076,1675810838,12528342.66555662,35179.55483297465460583775089992735,7.035910966594930921167550179985478,3596.7907144573496,3542.553556851315,1842.484562805577,1665.83545,7446.535470504231,1682.439130946392,5.071309607773524e-07,0.0,2.1836134638918415e-18
19396,59247330,1675900680,14595208.295243248,68450.55338915097607238906981563975,13.69011067783019521447781396312795,4224.299656952075,4193.158329554839,1817.4817677673136,1649.73992,8777.899120431735,1662.722263607581,8.49405160086018e-07,0.0,1.80391335685561e-18
19397,59535517,1675986930,12129413.851037525,7606628.914666144592679727948645189,1521.325782933228918535945589729038,3796.164943799309,3587.511049644535,1734.3396211619058,1545.8,7707.458493149675,1573.7241870089922,0.00011252948197213053,0.0,2.1794271005353527e-18
19398,59834757,1676072797,14684487.02262278,130486.9016856402928196781248573341,26.09738033712805856393562497146678,4600.433906262516,4631.629605920936,1665.4771566445638,1516.22,9621.493039927745,1526.21708103767,1.6066570107253485e-06,0.0,1.6385701178850149e-18
19399,60110821,1676159251,13045663.80992201,116787.4762032379334037531110645245,23.35749524064758668075062221290483,3946.472216886446,4166.44466007375,1680.1682338890628,1539.664409,8444.868246339673,1544.8037114819995,1.6270413050687575e-06,0.0,1.9165431914943927e-18
19400,60395572,1676246232,13087138.165668283,39673.48665959173722493817111678006,7.934697331918347444987634223356006,3966.5730734934036,4181.73341196939,1702.3744828124536,1514.813298,8481.98405206999,1542.9335972960741,5.43084063429978e-07,0.0,1.9863055553791156e-18
19401,60692527,1676332678,12840075.215384647,37540.63457224798673630811596405393,7.508126914449597347261623192810788,3984.3851979932138,4163.711861505353,1647.4899924265646,1507.2706,8483.67783251274,1513.5033966255185,5.308637842130011e-07,0.0,1.9264376270230353e-18
19402,60981085,1676416855,13432311.968349624,77911.45937275326388601520091129596,15.58229187455065277720304018225919,4067.7909492585773,4131.019097303084,1718.199839978121,1559.671853,8542.722584412208,1572.3689767076582,1.060188282508771e-06,0.0,2.0017924532872165e-18
19403,61293880,1676505536,14029736.56223229,56269.34197004165734421695900015367,11.25386839400833146884339180003071,3908.0069636105663,4092.304785943695,1835.4748745680886,1675.507649,8329.326924794379,1684.3781843247357,7.253838592636719e-07,0.0,2.1375325961920463e-18
19404,61606495,1676591333,16145862.059242152,794124.4168926114097278791543136661,158.8248833785222819455758308627332,4511.7318074029445,4740.429414329371,1850.1108266075566,1645.1375,9631.618343610673,1676.3394772543943,8.805760477799505e-06,0.0,1.7826911641116448e-18
19405,61929036,1676678238,16542172.771117704,43904.11356078208782829416106769603,8.780822712156417565658832213539198,4536.407926335756,4700.213054016646,1888.9113350961184,1696.37,9618.900174714392,1719.7571937177195,4.87818001130048e-07,0.0,1.966802509469078e-18
19406,62253958,1676764568,15507629.992473587,27904.76139366045717983762166722632,5.580952278732091435967524333445259,4314.59508639852,4416.450600887226,1860.5870078631704,1693.656537,9095.237907098372,1705.0274166408192,3.2422379678249087e-07,0.0,2.2103713540089333e-18
19407,62581147,1676850364,15878593.918645019,17621.02000310380375444850580985748,3.524204000620760750889701161971491,4435.814473493069,4518.330294872117,1864.945783582566,1683.37415,9328.809660543087,1702.1028937705464,2.0008589852544406e-07,0.0,2.006827851763932e-18
19408,62917299,1676936521,15982730.849933667,7843.514548912353393642721590269338,1.568702909782470678728544318053869,4478.680340147425,4447.175925236334,1881.7971436626815,1698.77763,9305.417330958377,1717.5727086157012,8.847531960496732e-08,0.0,1.9320656852863415e-18
19409,63253817,1677023273,15313658.4354803,134877.7625689397527752670069966849,26.97555251378795055505340139933693,4423.362487173109,4353.2748897573865,1833.6635711110914,1654.54743,9151.926724057907,1673.271530378941,1.5978032276656567e-06,0.0,1.9035127229249343e-18
19410,63594925,1677110164,14903245.787150368,415197.1157262655090905126115227526,83.0394231452531018181025223045505,4251.955273824581,4438.251561437165,1789.0004559153958,1644.00232,9047.977113588737,1647.135663591354,5.0526285117687945e-06,0.0,2.0251333152397352e-18
19411,63929983,1677195982,15241914.873216666,569645.2931155936939775502248136095,113.9290586231187387955100449627218,4239.3782871707535,4532.090745895337,1832.2170168615366,1649.228635,9126.81709437898,1670.0142794144358,6.711114007869902e-06,0.0,2.0373614903957274e-18
19412,64261633,1677282720,13735694.195792452,33611.9536740462515596013490049054,6.722390734809250311920269800981074,3986.919208929012,4116.0021348405935,1785.4690979769036,1607.67,8438.842463467548,1627.6751527541146,4.417382502077285e-07,0.0,2.1658867238515445e-18
19413,64587592,1677369279,13507661.055775454,12080.9147890745300786396011979004,2.416182957814906015727920239580075,3979.6866235956286,4093.590066811478,1754.790689214703,1593.7463,8408.756419279807,1606.3803471348926,1.597339266253453e-07,0.0,2.1552940471901538e-18
19414,64899887,1677453996,13978423.860190306,114011.6137854763373229366787928416,22.80232275709526746458733575856833,3923.623978726837,4183.043722811859,1814.8273609251128,1639.41,8435.624059144588,1657.07050980266,1.4633245535592739e-06,0.0,2.310251929666842e-18
19415,65238361,1677542074,14103772.616894983,134129.5951247014966094014579457879,26.82591902494029932188029158915758,3955.99243034477,4256.4569960957415,1808.0307770107672,1633.099208,8543.608253834196,1650.7981403016108,1.7182870388681411e-06,0.0,2.379555165261136e-18
19416,65565834,1677628526,13886014.284604743,130478.9427449303620620281121828331,26.09578854898607241240562243656652,3962.9020161074254,4251.885433974327,1779.8445014591382,1606.97296,8546.655581255183,1624.7307677941326,1.6513832193121708e-06,0.0,2.1954967553498675e-18
19417,65878556,1677712814,14303930.693649534,27572.44292724187986475566763797684,5.514488585448375972951133527595369,3949.8036123127895,4273.937555555958,1830.710942448699,1654.91,8554.052509034109,1672.1817733223945,3.500116662289592e-07,0.0,2.2288990818374548e-18
19418,66203542,1677800658,14287870.591583513,261794.8796645433335478196431224072,52.35897593290866670956392862448134,3863.1862063693525,4385.862232260508,1826.8485936595503,1648.573056,8569.428656836182,1667.3072574313921,3.3010514074634736e-06,0.0,2.206165774874526e-18
19419,66513998,1677885046,13686227.383716602,68135.01907115397334073573146035869,13.62700381423079466814714629207177,3908.8978740591037,4390.307216278587,1738.9434686159138,1569.11,8623.987504547056,1586.9952706332708,8.967897080293e-07,0.0,2.152338967505735e-18
19420,66830379,1677973990,13796619.121694684,57155.48830380404836506690006664146,11.43109766076080967301338001332829,3954.007522044172,4437.819209148819,1731.648162984717,1566.01,8720.385816023618,1582.1110915005092,7.431323415155627e-07,0.0,1.8841965691691566e-18
19421,67124148,1678060459,13961436.291953333,22710.08569152053358855810683460321,4.542017138304106717711621366920653,4009.495059037835,4452.063454950749,1745.6604871355173,1563.8185,8795.356605244779,1587.3644376884,2.919213478926291e-07,0.0,1.98230163543542e-18
19422,67425829,1678144865,14584536.744090356,152088.6363122737498933791024758585,30.41772726245474997867582049517165,4279.8629137686285,4556.1712128903,1735.5975616662545,1570.708556,9194.864355240605,1586.161163517101,1.8681255124815467e-06,0.0,1.8246799682717815e-18
19423,67738571,1678233016,13974131.37994437,6697.565807506434172826556181584748,1.339513161501286834565311236316951,4118.835193967096,4364.414971618849,1738.018809170439,1561.61098,8828.835776447433,1582.7830230145375,8.717008261938855e-08,0.0,1.8890882745107035e-18
19424,68034510,1678315900,13942835.253771875,166697.7675635852919741124472065398,33.33955351271705839482248944130795,4243.9624408102945,4263.982528047517,1731.5948135893132,1546.4444,8866.933951734316,1572.452815106934,2.143721029398478e-06,0.0,1.804863343936305e-18
19425,68357109,1678405157,13123388.315689936,44979.96934438908545113287973142542,8.995993868877817090226575946285085,4337.252209059869,4298.537692254113,1600.6658071637726,1437.9069,9003.38903740263,1457.6053818369573,5.790440292595285e-07,0.0,1.6575794449040723e-18
19426,68667990,1678489532,13777685.042503323,362776.5880201220469084671948619961,72.5553176040244093816934389723992,4567.1543434988935,4592.345997605399,1581.7790133503427,1427.03885,9545.667031747005,1443.3443987393925,4.759671108484634e-06,0.0,1.7499534685564753e-18
19427,68979163,1678578943,13072288.207591027,1370565.477433325671608147568849459,274.1130954866651343216295137698916,4564.030556207322,3821.2995186862236,1628.26410240373,1476.1578,8779.84796885392,1488.896875431594,1.8994187189930577e-05,0.0,1.7036770626073838e-18
19428,69275592,1678665198,14194724.999983383,35808.53947837581753400542876923222,7.161707895675163506801085753846442,4524.832777416283,3947.814945478219,1751.8591307005547,1587.6771,8862.007626533894,1601.7504834325246,4.688852492931136e-07,0.0,1.8067692944841575e-18
19429,69576570,1678751176,15238719.146879908,1056669.155868888253703380690773559,211.3338311737776507406761381547123,4787.337664583902,3800.176488691969,1850.449781255316,1678.867082,9003.360467996315,1692.5590395994955,1.2506991905068375e-05,0.0,1.8351828906108803e-18
19430,69892581,1678837173,15785873.329367016,548369.6662960529009919181362627364,109.6739332592105801983836272525475,4619.00092834034,4183.634684596626,1873.1261776948015,1705.19233,9198.03046250841,1716.2232060125211,6.225244261685471e-06,0.0,1.8139973481506246e-18
19431,70216442,1678922102,15774226.295022942,608937.3065572695908273214889939232,121.7874613114539181654642977987844,4588.987423586098,4440.208995799054,1838.0004228418338,1653.0,9418.436305129046,1674.8243321911825,6.9352664270323e-06,0.0,1.543892783872993e-18
19432,70563633,1679010479,16453713.515972357,112755.6200696385490459088057969651,22.55112401392770980918176115939303,4716.433755880376,4573.469069767311,1863.3570846750179,1676.039161,9689.80631189761,1698.0435920344144,1.2408403471347996e-06,0.0,1.5452158646425918e-18
19433,70906418,1679096962,17154197.870817423,121803.5272744755749096556086513647,24.36070545489511498193112173027295,4708.524360725916,4426.770434593637,1960.4223264953857,1789.90569,9536.276946559434,1798.8359573603236,1.2682814029221814e-06,0.0,1.5329197633977614e-18
19434,71244890,1679182411,17617187.55591809,313813.8354998920086832987209272851,62.76276709997840173665974418545698,4686.960341250201,4665.145335821096,2002.4636395425568,1764.515208,9747.824032146831,1807.2943764494828,3.198209989485371e-06,0.0,1.4898631488854763e-18
19435,71582637,1679267672,17837605.60548251,51286.50955310947122989172640859794,10.25730191062189424597834528171959,4683.149391284089,4615.423147363071,2023.292693742578,1811.8,9694.556297824536,1839.9610108494887,5.153439223746316e-07,0.0,1.4823299481788676e-18
19436,71936597,1679356556,17535759.117520504,327409.6460317175693993894340258067,65.48192920634351387987788680516137,4710.543957974395,4769.427908991833,1965.886964304952,1735.08486,9876.5034282345,1775.5027621810032,3.3374405640758257e-06,0.0,1.3902893120140089e-18
19437,72285464,1679443085,18576304.979789257,1926.477348950888899214683309459898,0.3852954697901777798429366618919797,4877.702059788918,4892.10836338697,1994.2961027153758,1808.774891,10181.024755962535,1824.6007081860803,1.86335439856648e-08,0.0,1.3456966509115797e-18
19438,72630723,1679528378,17965265.514944665,18275.9306423434720413281191679317,3.655186128468694408265623833586339,4861.403669464611,4882.329765091408,1948.9133772788048,1739.09,10153.473049405899,1769.3714680215605,1.8197283149824853e-07,0.0,1.3586718503368117e-18
19439,72993222,1679615589,18604731.1657949,26797.96509353933773101405277425757,5.359593018707867546202810554851514,4853.385441777287,4831.175428955235,2019.715193933914,1821.973757,10094.200924189456,1843.1108421084678,2.592301701116913e-07,0.0,1.302262362017199e-18
19440,73341840,1679701374,18003040.76059022,67744.23260147817192338641620794361,13.54884652029563438467728324158871,4853.25544232166,4833.141748451069,1965.2560563452412,1751.48,10095.982679089835,1783.188554579931,6.838636900070088e-07,0.0,1.2456957143066764e-18
19441,73688829,1679787995,17613672.377474364,222122.6560281495519922853494523008,44.42453120562991039845706989046023,4735.351251336528,4844.240844670989,1935.6615497554596,1743.851164,9977.393945208121,1765.3580157505703,2.265819672892857e-06,0.0,1.2162819000072131e-18
19442,74011625,1679868936,17732477.79873931,168418.9382361910004192561874303706,33.6837876472382000838512374860741,4651.3875881122485,4836.608676782411,1968.998799769027,1772.709308,9877.602100147235,1795.2209067497254,1.7059156387624337e-06,0.0,1.2853726235661087e-18
19443,74381567,1679961301,16487522.444725953,157735.9589559069436868498608735644,31.54719179118138873736997217471289,4479.52885950565,4624.66954680806,1907.8710940057624,1717.13,9479.846195972901,1739.218348471725,1.7179194501177142e-06,0.0,1.3233009565536074e-18
19444,74724958,1680047691,16967705.59550237,116893.7380168892638747528957760221,23.3787476033778527749505791552044,4471.296424344455,4592.680626993121,1971.81561792029,1774.809558,9439.246581187866,1797.5699066192947,1.237018585651617e-06,0.0,6.343170315369979e-19
19445,75068146,1680134306,16397425.268928457,102474.6500450008495890363139231632,20.49493000900016991780726278463263,4210.056056362881,4421.185301096321,2012.283029583771,1792.64165,8983.163932859794,1825.3507774635846,1.1196737645329378e-06,0.0,6.755173780718286e-19
19446,75411744,1680220181,15062785.23179423,535855.9262561896896170975934718635,107.1711852512379379234195186943727,3869.1620277761067,4074.55285143001,2005.5602037099254,1792.331113,8266.927030000099,1822.0537301384709,6.418234198790149e-06,0.0,7.088203143022569e-19
19447,75748965,1680305272,15386965.911724703,519220.9669524130920473521657357188,103.8441933904826184094704331471437,3817.457465406487,4157.8488764060785,2041.4047405958977,1826.422838,8292.083564694763,1855.621182743243,6.042762401675048e-06,0.0,7.452294564593317e-19
19448,76088804,1680392250,15389078.636895914,1611028.769425804648115360382970647,322.2057538851609296230720765941293,3797.7790792373057,4197.924300594704,2037.5427763713562,1822.553424,8309.731829721422,1851.934448937785,1.8782198396787433e-05,0.0,7.267658739978932e-19
19449,76429949,1680479274,15070531.71115541,102838.5304793047405829202948258402,20.56770609586094811658405896516798,3843.15356241581,4114.182431174469,2002.0157077765202,1792.938946,8277.137674870932,1820.7419404063992,1.2212660796035884e-06,0.0,7.173045065115903e-19
19450,76757127,1680562123,14955565.315204997,23597.94477325830221317442206162565,4.719588954651660442634884412325131,3796.6508321782626,4063.4244697425506,2005.009280523149,1807.1568,8176.016137354278,1829.199583752846,2.829911122369516e-07,0.0,7.367734045930908e-19
19451,77093816,1680647782,15017362.668150913,347507.5403205280606148446578493487,69.50150806410561212296893156986978,3786.3732684773627,3806.2963112084844,2085.492813607006,1870.823458,7911.370445521297,1898.199910061396,4.144669329727211e-06,0.0,7.867462899730532e-19
19452,77450485,1680737867,14510785.105642267,106955.2086720411287739635928347905,21.39104173440822575479271856695811,3547.826152914825,3637.2298251167595,2129.5944624095832,1912.266893,7482.62666509855,1939.2635440874494,1.3281006137611316e-06,0.0,8.378200958503602e-19
19453,77797410,1680825529,13898409.24179916,101028.627868177096853123830157093,20.2057255736354193706247660314186,3459.955535668218,3565.0159003683875,2087.5029585752823,1872.57,7314.887333006902,1900.0168572775538,1.301185928824887e-06,0.0,8.490926544903423e-19
19454,78134739,1680911207,13801233.897497242,11595.72354474935479749690416820858,2.319144708949870959499380833641717,3464.323682859542,3547.4152282881428,2072.457646509693,1866.59,7302.346939791819,1889.9723624868882,1.5077117312333897e-07,0.0,8.443992480195444e-19
19455,78476594,1680998039,13714369.765706219,34209.36714574120369027833568284762,6.841873429148240738055667136569518,3477.101759510119,3533.563536951842,2064.2427703610792,1849.9137,7302.740492145864,1877.9757791552495,4.4416108487239787e-07,0.0,8.039412384166943e-19
19456,78806717,1681081306,13763282.82736091,197680.4053584754165963761431247664,39.5360810716950833192752286249533,3555.277278181328,3406.688312242703,2081.7221021628097,1867.556687,7263.605722054915,1894.8279069678358,2.5886396458832248e-06,0.0,8.046273786753098e-19
19457,79159419,1681170668,14124357.85773499,59092.41470887973824371725550189153,11.8184829417759476487434511003783,3597.7682683482562,3393.2264467730924,2120.8613483389418,1913.80985,7297.0125913789025,1935.635670194991,7.586170623266822e-07,0.0,8.142030353864453e-19
19458,79480558,1681251671,13953492.292644564,6612.311002432894365330592293143821,1.322462200486578873066118458628765,3599.1828589172965,3353.6299524295227,2112.70595800567,1893.3148,7259.527399644878,1922.0937568645504,8.431078618585945e-08,0.0,7.988868023056935e-19
19459,79843019,1681343930,14105661.131142482,54061.13380438411240277830387004266,10.81222676087682248055566077400853,3593.080395398035,3356.9761514427655,2133.6408122601288,1918.190022,7256.11539208605,1943.9686897106064,6.88302056184371e-07,0.0,7.578001517179582e-19
19460,80179343,1681429380,15509051.540626694,121988.6073735760932519867744281533,24.39772147471521865039735488563064,3760.305760414636,3512.7304445833174,2247.1974344702903,2009.52,7593.325433494391,2042.4584296381913,1.4134290260699515e-06,0.0,7.222802402392657e-19
19461,80522159,1681515314,16088811.629464809,263620.5910474622024037150044659019,52.72411820949244048074300089318032,3727.9395279841915,3529.2336054628163,2327.568024417023,2100.11,7573.9999932043165,2124.215955096423,2.9743976008564935e-06,0.0,7.649366606362971e-19
19462,80869239,1681602546,16149539.435907431,102051.2652185928851894957444511076,20.41025304371857703789914889022154,3700.6903298136226,3576.344801659833,2340.294621928467,2093.990981,7590.4582452496425,2127.6106019046138,1.1301257606226364e-06,0.0,7.2422510519457e-19
19463,81213551,1681688999,16774797.315627858,44553.90886193229366951851821284359,8.91078177238645873390370364256872,3766.1985812271337,3694.304736242031,2376.8726890371127,2117.59,7778.636226579099,2156.5216352847888,4.752164960603351e-07,0.0,7.19213194462807e-19
19464,81545426,1681771478,16443198.883790132,95113.12331261554771125776341352028,19.02262466252310954225155268270405,3753.5962131702477,3704.511778425066,2324.3293773566734,2083.568739,7774.819686236187,2114.9299337320494,1.0377288894319804e-06,0.0,7.064188990424666e-19
19465,81894981,1681859056,16348226.255732449,229255.5497052860560628604851562452,45.85110994105721121257209703124906,3662.5965284621116,3718.1784043953353,2339.347674549629,2092.46,7688.1805036720425,2126.410305783557,2.496075641508524e-06,0.0,0.0
19466,82223445,1681941170,14548746.215164687,152673.5405368967719379946098583128,30.53470810737935438759892197166256,3445.197674895897,3517.9846822802137,2207.776793886017,1973.436318,7251.999783988488,2006.1702493823161,1.8680155138180233e-06,0.0,0.0
19467,82590416,1682033382,14302398.259585008,326943.0510866541430074538230744494,65.38861021733082860149076461488989,3346.145424268724,3629.430650552748,2170.2245487655773,1939.839053,7252.620152273723,1972.0318945838014,4.084657300438657e-06,0.0,6.919106137038466e-19
19468,82930081,1682119109,13716140.626416542,105037.0383484609945374943604332683,21.00740766969219890749887208665365,3379.1085857307517,3568.4574050094184,2106.6143419899595,1848.8835,7228.915431462289,1897.3995140017837,1.3888471048486018e-06,0.0,6.934890780766017e-19
19469,83283314,1682207988,13767394.894032586,820862.0732280114445104808086826826,164.1724146456022889020961617365364,3066.5833079974695,3912.6795489384317,2097.544367003714,1874.7,7222.851876170971,1906.0884993990842,1.0639853099482696e-05,0.0,6.982519087132704e-19
19470,83616554,1682291781,13391757.776153155,587890.5329325985130215452646525194,117.5781065865197026043090529305039,3266.086653569437,3560.814626628179,2068.0731569614572,1863.97,7096.844929007845,1887.0016056593408,7.875462269706622e-06,0.0,7.050602689419747e-19
19471,83955211,1682377788,13606796.13434802,30319.49685408821369100279894558645,6.063899370817642738200559789117288,3348.9526636773558,3649.5490427985364,2058.654677346835,1839.257122,7275.315760076448,1870.2688079898599,3.979609254897637e-07,0.0,7.0161861644361985e-19
19472,84299848,1682464844,14557233.104675043,198649.2659527396749517475380216795,39.72985319054793499034950760433583,3582.5399598645918,3785.785391593913,2090.9186639109316,1866.57,7666.392915085971,1898.8373366605354,2.493534876278172e-06,0.0,6.637217695414913e-19
19473,84649621,1682553182,14432543.547704443,447208.6993511660787517520998091901,89.44173987023321575035041996183801,3512.921805398924,3795.946730111314,2094.7523674046647,1863.525171,7599.686806423811,1899.0971490436953,5.3921305490024185e-06,0.0,6.373708069105247e-19
19474,84985460,1682638162,14785306.993198603,514207.0602214072848378499199905461,102.8414120442814569675699839981091,3558.340637466875,3747.7287102971954,2144.3969865672098,1909.106183,7602.219959179945,1944.8670352328902,6.185791799185013e-06,0.0,0.0
19475,85323698,1682725419,14671254.991980236,18568.47431479338125066409730136275,3.713694862958676250132819460272551,3585.4066831901428,3730.2683871236936,2122.9107116164105,1892.56,7614.836981281571,1926.666982897259,2.258619368534392e-07,0.0,0.0
19476,85657245,1682810622,14553827.838351363,78084.27849083179506102398869017841,15.61685569816635901220479773803569,3545.0220735532944,3689.381402192924,2125.2766187402663,1902.67,7530.159925212143,1932.738213118541,9.588142276675349e-07,0.0,0.0
19477,86006709,1682898386,11513173.751258262,215726.958554264714961606547270385,43.14539171085294299232130945407694,2874.139685900918,2865.665252595495,2119.95579178548,1891.401891,5981.595074759995,1924.7664890990993,3.2801130105471995e-06,0.0,0.0
19478,86329626,1682980085,9861538.361603653,291221.4868230578466160910399178081,58.24429736461156932321820798356158,2541.7942277170946,2549.527693018846,2048.924055702371,1825.2773,5304.869897107925,1858.9595132163192,5.213346587541507e-06,0.0,3.3608203096274186e-19
19479,86687741,1683071762,10034527.124312043,43403.35203603109925453660318158574,8.680670407206219850907320636317148,2524.4246251573636,2532.8784357010227,2097.7805476270914,1870.93,5269.371076569564,1904.3121045186788,7.768638715080542e-07,0.0,3.4507289244194274e-19
19480,86976277,1683144609,10011997.233592184,34842.26438467118261777436103529708,6.968452876934236523554872207059415,2557.6482097510234,2526.952087222793,2064.128781066703,1872.881554,5300.098498479553,1889.02097507515,6.186769603726407e-07,0.0,3.317617136763043e-19
19481,87365966,1683243431,10146818.33294914,51838.09687139106515254965736569385,10.36761937427821303050993147313878,2548.4908749065926,2559.527570680984,2096.7034959758707,1876.67,5322.046983257946,1906.5630883885322,9.068786222633811e-07,0.0,3.226432979159108e-19
19482,87687166,1683324478,10718332.44678396,104419.3231829157302687636230438924,20.88386463658314605375272460877848,2531.532791738164,2604.3457733788705,2186.8352778117833,1989.86144,5347.424132903705,2004.3916810024564,1.7745544581382562e-06,0.0,3.18919764972519e-19
19483,88041137,1683413238,10296189.85721515,21484.15688442334170902582645273641,4.296831376884668341805165290547283,2527.9930799748877,2577.7060151385776,2138.2606928443106,1897.3,5317.334135899424,1936.3443398641252,3.7684866231054203e-07,0.0,3.0698854176094756e-19
19484,88395556,1683503966,10322123.06631209,223986.6927842613592363462101713436,44.79733855685227184726924203426874,2479.9770223464866,2658.100942208538,2154.480717641658,1873.164526,5343.418947159672,1931.7450434611494,3.835087123241691e-06,0.0,3.028048382347273e-19
19485,88686827,1683577613,10644371.545333944,72474.17477882933391376917108077924,14.49483495576586678275383421615585,2609.939537619123,2869.4231687229994,2054.5939832276995,1840.79,5694.171961614041,1869.344940246017,1.202461292107162e-06,0.0,2.6177519214343063e-19
19486,89001546,1683657496,11057181.154112684,36884.25664063178644482003674200239,7.376851328126357288964007348400479,2688.766100826328,2964.3164876002597,2074.633323590196,1848.310538,5874.223380702451,1882.3222130838415,5.96390666837899e-07,0.0,2.9667973695176015e-19
19487,89364585,1683748924,11046313.848361308,44453.20258850470176222604389636182,8.890640517700940352445208779272365,2663.848369675261,2966.7008936012076,2087.2258658326978,1849.28,5849.0877722947835,1888.553271620249,7.245074982884363e-07,0.0,2.8815126931813906e-19
19488,89714428,1683838483,10658575.55329321,480471.9967268002972814800504067784,96.09439934536005945629601008135567,2595.758748085129,3033.9597761587474,2004.8209999333342,1797.83,5839.964502546262,1825.109647266863,7.954795269801481e-06,0.0,2.6307363864324983e-19
19489,90036451,1683919739,10514923.004002951,136578.7312351885285335044906660498,27.31574624703770570670089813320995,2654.6636343294417,2967.2332448266993,1984.6647162214183,1768.08,5839.431360708763,1800.675845725961,2.3235351878886614e-06,0.0,2.9841862803154344e-19
19490,90431624,1684022256,10691161.272056915,74220.72149005348399234163064603675,14.84414429801069679846832612920735,2631.2246919376666,2995.545410356938,2017.6230317022646,1796.781886,5841.357324759214,1830.2529151471854,1.232790202504971e-06,0.0,3.0311747003170863e-19
19491,90767121,1684108718,10698525.590763595,289196.6908944771932746206915473743,57.83933817889543865492413830947487,2744.090544246906,2867.314641561593,2017.8587797269176,1800.06,5839.905747821121,1831.9688797640672,4.816110064600805e-06,0.0,3.103460710879764e-19
19492,91098927,1684194626,10513206.887843601,303545.0883919190883795946520252962,60.70901767838381767591893040505918,2559.431342701329,2894.3017389485217,2052.9343668109163,1816.971,5662.760808760681,1856.551467188751,5.121294577756363e-06,0.0,3.4519179202089525e-19
19493,91424815,1684278318,10534390.854530146,43821.71057339134662942602971629722,8.764342114678269325885205943259438,2539.5589997954157,2917.329491498073,2054.2480979239263,1822.7309,5663.421563416169,1860.0753513704203,7.390763921291352e-07,0.0,3.614957432739679e-19
19494,91758389,1684365069,10386271.475727465,291834.6297521576210166292118827054,58.36692595043152420332584237654107,2491.2417367547055,2886.685250243528,2057.6700916272594,1822.2,5580.015417147969,1861.3338314101015,5.086432277234329e-06,0.0,3.9421107024472107e-19
19495,92090219,1684451449,10282803.472353807,117946.4474863023024671319916793629,23.58928949726046049342639833587258,2525.7295567904966,2843.78310048384,2035.8406926271186,1807.74,5575.975643090418,1844.1263252460487,2.0385397578315413e-06,0.0,3.602900631498731e-19
19496,92422975,1684538935,10318436.312726958,63337.72215071502904545849761850721,12.66754443014300580909169952370144,2550.4394161237547,2821.614163844384,2039.3732597624632,1813.55,5581.482944215064,1848.690825692035,1.0939200865944312e-06,0.0,3.6396603576626024e-19
19497,92751575,1684624208,10336894.885944387,5117.870416587412244185144815754222,1.023574083317482448837028963150844,2553.314580634462,2817.1365495850855,2042.6852096905625,1817.90157,5580.259878042257,1852.4038506914337,8.822727120407807e-08,0.0,3.5781504929470866e-19
19498,93026251,1684695569,10273976.018496081,27044.32403486107419174828730527015,5.408864806972214838349657461054028,2538.268792628644,2832.3030573762003,2030.2362767283746,1807.96,5578.5350562503545,1841.6978498655874,4.65997964152076e-07,0.0,3.4633318876158476e-19
19499,93419066,1684798108,10335333.152850058,184847.6890872764662023186321645555,36.96953781745529324046372643291107,2489.99464405836,2871.602961964046,2053.9323532882636,1818.1666,5563.784037914667,1857.6086135657756,3.1909192039131685e-06,0.0,3.4504699577679633e-19
19500,93757972,1684884561,10447497.697677055,177825.2990362039421298295868324704,35.56505980724078842596591736649412,2464.99157411317,2862.739923306209,2083.1564981427387,1855.751701,5527.47469917051,1890.1032146279888,3.018462896176946e-06,0.0,3.3881201833359596e-19
19501,94103227,1684971732,10174162.874588363,62925.54905146924598095526576828084,12.58510981029384919619105315365616,2501.028580215805,2832.223405626093,2027.4536471182987,1801.921186,5537.324763761123,1837.378753937805,1.1067649899587997e-06,0.0,3.6203476060994023e-19
19502,94449985,1685058521,10201279.359910227,112517.0235091439594123995860385065,22.50340470182879188247991720770132,2479.566586452486,2849.6790404824433,2038.1135403435767,1806.3933,5530.733485553232,1844.4713321581808,1.9720211260360833e-06,0.0,3.6023191364488983e-19
19503,94729231,1685128319,9974795.332807647,101908.2902652369357132126063566366,20.38165805304738714264252127132733,2449.5332953233965,2687.797555114066,2059.1858044233304,1834.494988,5338.851582613553,1868.3410052625286,1.8176912213512955e-06,0.0,3.4794385120448014e-19
19504,95120029,1685227114,9989584.12185505,49619.66156126773564156071738696991,9.923932312253547128312143477393981,2433.0801105183837,2730.3620632194325,2053.705155665187,1828.605452,5362.418004449937,1862.887994476618,8.817808668469057e-07,0.0,3.413522573998692e-19
19505,95478165,1685317861,10332160.945635438,57616.92967783054327903023972414075,11.52338593556610865580604794482814,2409.4479490325575,2688.86873145195,2152.414493836854,1913.827253,5295.644922152361,1951.0675465446495,1.0259053796294055e-06,0.0,3.5233852231042755e-19
19506,95780819,1685394077,10177801.430326965,81569.20487565015937913859806599235,16.31384097513003187582771961319848,2393.9261823759425,2692.974380057595,2121.983498076866,1893.04793,5282.525746819752,1926.6922525563311,1.4143762168402026e-06,0.0,3.564918795071746e-19
19507,96146515,1685486894,10230557.149248324,14200.63863056936786621683395253927,2.840127726113873573243366790507854,2387.297661656823,2684.6026786736734,2143.738237146527,1904.4963,5266.999974884408,1942.3879244413415,2.4618355780433035e-07,0.0,3.6587436125857556e-19
19508,96499483,1685575934,10033476.078981172,268567.2137129757232588779506099941,53.71344274259514465177559012199886,2379.644193943072,2685.3135115044815,2103.854433170061,1872.053699,5259.218363825122,1907.788455409113,4.775013981432217e-06,0.0,3.602868431160551e-19
19509,96837782,1685662495,10602726.165750626,23094.7810688559921176751805934053,4.618956213771198423535036118681059,2534.6546285541726,2833.1874002568925,2107.6548529599645,1856.76,5575.292808843921,1901.7344073717236,3.8581157103145184e-07,0.0,3.384200902976615e-19
19510,97152561,1685742680,10089148.63416109,222643.6725303776032821577775233573,44.52873450607552065643155550467148,2412.795527251,2595.7786769100026,2131.2871266132265,1905.705071,5207.993944999938,1937.2427734574123,3.896689479294583e-06,0.0,3.9348582847000124e-19
19511,97511320,1685834213,9958572.016383693,40492.60598636906086281001410771701,8.0985211972738121725620028215434,2401.1248703060596,2564.9160258786446,2127.3182358702015,1891.14,5164.8464382753555,1928.1448413612577,7.158568462580461e-07,0.0,3.919820573128994e-19
19512,97857066,1685922559,9909529.274014778,85075.25628874526381740739015116212,17.01505125774905276348147803023242,2364.5805954097314,2565.7207751660317,2140.905638061435,1889.21,5125.282279101021,1933.4601948505592,1.5162480047751972e-06,0.0,3.9395548420227165e-19
19513,98195373,1686008965,9283748.591658391,337127.5069308430586745493459683736,67.42550138616861173490986919367471,2370.7603045164115,2456.5837499807963,2036.2176889418995,1814.0495,5025.062739310401,1847.4890908391756,6.436930640944981e-06,0.0,4.038964866568775e-19
19514,98526116,1686093448,9629762.80251325,79969.82735018247542396936428885096,15.99396547003649508479387285777019,2345.863242125944,2478.1680056055206,2115.808432694491,1882.99,5018.738118279706,1918.7617635275385,1.4756896836957311e-06,0.0,4.242622642515122e-19
19515,98862321,1686179553,9292316.009085646,73323.21544820805721275047945387524,14.66464308964161144255009589077504,2317.75502474053,2473.403863772092,2060.2002996665638,1826.34,4983.0266508886,1864.793560240861,1.3993489148455823e-06,0.0,4.340858039254046e-19
19516,99191768,1686264590,9321154.760318127,169802.4021514471771229844601721331,33.96048043028943542459689203442665,2233.6694904186916,2515.162134529898,2089.231113761432,1850.577702,4931.071634340478,1890.289870340692,3.223535655651667e-06,0.0,4.0351551982817384e-19
19517,99515425,1686347909,9224382.777985124,487648.5943887189549283207716853711,97.5297188777437909856641543370742,2222.8821804941576,2505.6336314975606,2077.95629699764,1837.990477,4909.776318865338,1878.7786202278362,9.339139278378315e-06,0.0,4.078377713475849e-19
19518,99876243,1686439910,8706214.786237419,229559.7126571072793449756489933096,45.91194253142145586899512979866188,2193.7610565170125,2508.328173037441,1965.4255329360412,1751.98,4880.214514007844,1783.9819871130005,4.6827289738464655e-06,0.0,3.6223239308618164e-19
19519,100219720,1686527640,8690515.473027661,17949.82612215081238396259937517894,3.589965224430162476792519875035788,2177.557488188717,2507.375554989628,1974.2752828972607,1751.4,4861.375697718286,1787.6658817187497,3.660236354646343e-07,0.0,3.5765013355081307e-19
19520,100535411,1686607427,8749362.1187584,135100.3080001486126805746806949021,27.02006160002972253611493613898045,2215.477039705688,2532.0689541794795,1957.6212128679215,1742.566,4927.431301806246,1775.6436534287454,2.7509886795719007e-06,0.0,3.50662841506951e-19
19521,100892656,1686698662,8348234.651475243,264871.5412717350097333098781203521,52.9743082543470019466619756240704,2124.5869426527343,2409.987589365108,1959.6327984258737,1736.4506,4707.407608506166,1773.425066567466,5.575303388945548e-06,0.0,3.5905911637460753e-19
19522,101235488,1686786185,7614906.0384186655,112108.9582509610637138105060416931,22.42179165019221274276210120833864,2073.4727772959477,2273.849277540093,1863.1611382740334,1649.93,4517.598647804127,1685.6092433355163,2.6069311819237613e-06,0.0,3.7889343809260343e-19
19523,101576123,1686873360,7675884.578157996,152648.2487477705554774068528945839,30.52964974955411109548137057891677,2035.53662872716,2314.746106049285,1877.0601563653363,1665.4353,4515.717179215272,1699.8151729891747,3.526691101798142e-06,0.0,3.7561494403707893e-19
19524,101904917,1686957791,7838916.263499061,76756.86280150582055813552006633828,15.35137256030116411162710401326765,2031.3147123765245,2312.268182637265,1903.247927148612,1718.148776,4508.61596546785,1738.6524653105228,1.7193619676163696e-06,0.0,3.811112902622308e-19
19525,102241463,1687044803,7846963.865902723,16424.53358189198990305763463512859,3.284906716378397980611526927025717,2007.3565808763797,2274.540297320967,1950.1379196606,1728.851181,4445.19825594032,1765.2674670733682,3.708320228471713e-07,0.0,3.9168515530359333e-19
19526,102563691,1687128965,7826042.164881578,57394.19969241393110811165575945494,11.47883993848278622162233115189099,1996.0965517177679,2281.7401207010453,1949.7497066566368,1724.19,4439.7932358438875,1762.704195704297,1.2892900103896841e-06,0.0,3.795953187778078e-19
19527,102894648,1687214512,7825208.296796581,41143.64658288649382040648344714406,8.228729316577298764081296689428812,2014.103761783863,2242.5700209736137,1952.621406167478,1735.698837,4421.336907392832,1769.8737872049971,9.337386122027174e-07,0.0,3.846987682364541e-19
19528,103248588,1687305453,7786797.800975413,123871.8787738825365510639567012331,24.77437575477650731021279134024662,1951.449990926161,2204.443777323702,1966.1438262480362,1791.82,4314.745463890304,1804.694591174007,2.7880013017699714e-06,0.0,3.9853897515293575e-19
19529,103581228,1687389845,8224680.287879631,51442.13584637226871650143151316999,10.288427169274453743300286302634,1926.8236350210193,2198.0829792938666,2106.4685285099276,1895.236431,4281.289232694875,1921.0756014964616,1.1105013798461622e-06,0.0,4.063398021084375e-19
19530,103919543,1687476496,7618148.737849716,9628.078114573210149032179799602863,1.925615622914642029806435959920573,1785.6893631197495,2033.2436513880582,2131.638073290005,1874.691851,3963.9409989226006,1921.8622930866857,2.2424045496609344e-07,0.0,4.3334794366794625e-19
19531,104251723,1687562228,7695879.518437623,128078.0603735639041329189296622097,25.61561207471278082658378593244196,1810.8075593811418,2003.7808068179386,2157.1530181053763,1891.27,3962.8503123099167,1942.0061097265495,2.9958369714468685e-06,0.0,4.3283600235811606e-19
19532,104578959,1687648235,7625289.714979386,28603.17513397704363734276290200834,5.720635026795408727468552580401669,1801.9084407451546,2026.9589931279743,2119.2453269288803,1877.98751,3975.6981584875684,1917.97500992384,6.554096632127723e-07,0.0,4.1053745385814726e-19
19533,104916134,1687735450,7664786.663637636,53532.47840503632834653271779347329,10.70649568100726566930654355869464,1783.4544836913153,2025.7789369171257,2139.4146215390256,1900.1274,3954.1359868743352,1938.4226261010551,1.2344309342126006e-06,0.0,4.3075783647142914e-19
19534,105241013,1687818533,7460167.84152106,22839.881508939874015836049794928,4.567976301787974803167209958985601,1788.946036283545,2012.2097621190253,2083.274112382367,1855.3249,3946.924991922198,1890.1215140366455,5.31952729300755e-07,0.0,0.0
19535,105589896,1687908019,7590256.471981131,109075.6857094406595660650242842653,21.81513714188813191321300485685305,1786.4735548960555,2010.1400733534635,2124.057353371167,1888.2685,3942.150134708211,1925.4102996112663,2.5470885394583776e-06,0.0,0.0
19536,105935881,1687996537,7347981.796423916,5015.543249664833577380112693920134,1.003108649932966715476022538784027,1773.3155059630253,2012.0357353792215,2067.7319305486253,1829.61,3929.4550728609115,1869.9747573584252,1.186796225553866e-07,0.0,0.0
19537,106216073,1688067398,7155783.857611366,94572.51330393979985503988104206296,18.91450266078795997100797620841258,1700.6252076214407,1933.9333487473925,2096.589234692476,1856.46075,3772.639322640504,1896.75801094152,2.3256891546379965e-06,0.0,0.0
19538,106598046,1688164708,7451345.417101784,163065.6410403962018226765063439845,32.61312820807924036453530126879688,1711.6295290316762,1918.8383959015944,2179.628399113458,1939.000749,3770.020991595662,1976.4731903914414,3.9551318519125874e-06,0.0,0.0
19539,106940460,1688253905,7356298.816834036,27376.777401750405537814406263305,5.475355480350081107562881252660999,1689.0837656605668,1916.1665507920218,2173.4244940353915,1923.216323,3742.4725512268765,1965.62532286909,6.585623394916578e-07,0.0,0.0
19540,107270038,1688339829,7382246.622556813,2084.659548524464611339875667853148,0.4169319097048929222679751335706294,1691.7492778470657,1916.1313580793426,2169.471925127205,1937.2597,3745.38469232267,1971.0249357533344,5.021518835342776e-08,0.0,0.0
19541,107590253,1688421896,7432588.9009785075,3763.996192797409682603273279642399,0.7527992385594819365206546559284797,1680.6227887205193,1892.6490041054983,2218.7957478153494,1956.85,3710.1064977942233,2003.335727801188,8.965129502688506e-08,0.0,0.0
19542,107940816,1688513516,7256361.11770865,841323.0664567957694691044587059672,168.2646132913591538938208917411935,1626.3075225469659,1899.2802370951165,2196.5877869276646,1939.7,3656.417757527308,1984.554719648841,2.049167125292892e-05,0.0,0.0
19543,108232190,1688590925,7140142.052831722,20952.42284639877097407976096108617,4.190484569279754194815952192217235,1631.9418525809663,1891.3135178007078,2160.860174057702,1910.7059,3654.858661369696,1953.6027831390559,5.208137163482963e-07,0.0,0.0
19544,108566386,1688679464,7132643.247603913,22766.0167745644930737060153621838,4.553203354912898614741203072436761,1642.1857099105894,1876.8964229830806,2198.2420251397257,1876.886526,3652.090367544259,1953.030327779115,5.547026430878402e-07,0.0,0.0
19545,108918495,1688771181,6929666.052622788,72540.1196076240849636851195675637,14.50802392152481699273702391351275,1626.9168560112391,1877.1944003071244,2104.1696496523787,1867.871,3635.479050218215,1906.1218499407507,1.8454210875029174e-06,0.0,0.0
19546,109255058,1688857947,6891114.450400902,23877.86913549952940636289601739581,4.775573827099905881272579203479165,1637.7956252212489,1863.3133568869353,2089.437853163636,1861.76,3633.938964998832,1896.3209114887038,6.150419387421121e-07,0.0,0.0
19547,109596914,1688946604,6793984.40073616,28583.80724240593551468849099551787,5.716761448481187102937698199103574,1624.0434164514297,1807.6612573843918,2112.301348825188,1860.7,3564.292226152015,1906.1244055375612,7.418417336596534e-07,0.0,0.0
19548,109932425,1689032662,6853514.837742201,688485.5923210599562675153627116589,137.6971184642119912535030725423319,1600.9196300082642,1841.9287015765299,2116.7687152307917,1881.0382,3572.144302879065,1918.599657975303,1.7935933078108532e-05,0.0,0.0
19549,110268871,1689119174,6836118.241400888,98722.8786087688247413219370610915,19.74457572175376494826438741221829,1595.6182033151922,1836.0631687628797,2122.2973429768927,1878.879783,3560.532747597644,1919.9706128284708,2.5537216156543926e-06,0.0,0.0
19550,110561396,1689194431,6821851.355637604,17648.72291170610673229306771527682,3.529744582341221346458613543055366,1597.2956218236263,1823.9420119462109,2134.2773178362027,1871.1009,3550.536718719229,1921.357782239307,4.553874619786501e-07,0.0,0.0
19551,110925252,1689287517,7238051.619670887,26341.18241371028889322424911111502,5.268236482742057778644849822223007,1606.9871645429841,1814.044335387855,2257.6375403849033,1990.06,3551.580938548898,2037.9801966805815,6.653737301998312e-07,0.0,0.0
19552,111196946,1689356429,7196511.918072144,6.286408128759787006314315757582503,0.001257281625751957401262863151516501,1606.9078931278445,1813.5776231752448,2256.760689197216,1968.5429,3551.036869714651,2026.594536217933,1.533737285473665e-10,0.0,0.0
19553,111608797,1689461810,7004861.398847977,173.1211227994723223346021596980219,0.03462422455989446446692043193960438,1602.8676901319727,1805.909750951538,2196.738333403836,1929.1,3539.0697349822244,1979.294538790194,4.3775970202974416e-09,0.0,0.0
19554,111905201,1689538857,6542992.527052683,6047.763142393209291422099030580286,1.209552628478641858284419806116057,1507.7834529439829,1681.076628327061,2186.4204922047843,1931.11,3311.8172885510144,1975.6502116441852,1.632721196973279e-07,0.0,0.0
19555,112277276,1689634848,6264843.7516237665,83297.6977613128633854354351861551,16.65953955226257267708708703723102,1474.3077488118224,1616.489675046719,2154.9958044781147,1910.137,3211.6226918912876,1950.6786296663238,2.35979534059312e-06,0.0,0.0
19556,112612099,1689722059,6228591.666332828,8064.418206191768235387736100553669,1.612883641238353647077547220110733,1466.9697455195926,1619.7020951427376,2150.3158034586263,1897.968428,3206.6428509933817,1942.4026796134408,2.2861907167424284e-07,0.0,0.0
19557,112908074,1689797964,6054202.024614423,133398.5348663894478861234590910726,26.67970697327788957722469181821451,1414.033396693366,1569.840034322573,2166.0461785519765,1905.5065,3099.2957477425516,1953.4121675945737,3.912713480588916e-06,0.0,0.0
19558,113199314,1689872250,5995094.016651804,10214.7984909451312834535644378201,2.04295969818902625669071288756402,1403.746615168396,1565.1352517160847,2174.754885149648,1879.894536,3083.3115416397923,1944.368558184504,3.002920269969659e-07,0.0,0.0
19559,113600455,1689977739,5964542.896792636,17570.7094818823188673767388931757,3.514141896376463773475347778635145,1395.0351603127326,1568.5070825046726,2146.2683910740316,1893.79,3076.962392776241,1938.451672596176,5.199647646918374e-07,0.0,0.0
19560,113941970,1690067229,5916929.821244754,13741.16436913378964419541848126113,2.748232873826757928839083696252227,1384.0602363852329,1567.4751054825501,2140.8420360400232,1884.48,3063.8034307421512,1931.2367633884019,4.1045728307917553e-07,0.0,0.0
19561,114246287,1690145948,5905342.682636445,5239.051500631667523996435629544991,1.047810300126333504799287125908998,1383.3840235749938,1568.7774455235494,2122.9158523752812,1892.26,3064.326525223399,1927.1257922508526,1.5646707243073464e-07,0.0,0.0
19562,114618274,1690242526,5765779.9227750385,270.3014192604009477117648520127957,0.05406028385208018954235297040255914,1378.5312729596303,1556.87026647867,2093.433644650665,1849.811277,3047.3175068082323,1892.0837457512362,8.314045511127055e-09,0.0,0.0
19563,114817708,1690293864,5774272.138638339,1919.02131379708913604291747077118,0.383804262759417827208583494154236,1376.496706442819,1545.1607773250087,2102.517127550076,1863.99,3033.6229784868074,1903.424446474422,5.892330731959704e-08,0.0,0.0
