day,blockNumber,timestamp,totalValueLockedUSD,dailyVolumeUSD,dailySupplySideRevenueUSD,token0Balance,token1Balance,token0PriceUSD,token1PriceUSD,outputTokenSupply,outputTokenPriceUSD,dailyLPFeeROI,dailyCRVRewardROI,dailyOPRewardROI,dailyLDORewardROI
19272,28092105,1665167120,289.14334949488415,55.5761134245100835129381505,0.0111152226849020167025876301,0.06241231757360702,0.15017929174256053,1443.108612,1325.586199,0.0,0.0,0.0,,,
19274,28445163,1665358870,286.73678893832334,311.874328968487153823558464,0.0623748657936974307647116928,0.09198899430795325,0.11768121912321473,1430.277049,1318.537,0.0,0.0,0.0,,,
19275,28574910,1665441267,281.83162727576257,422.670593601628875459431973,0.0845341187203257750918863946,0.09521432707673752,0.11422577445066474,1405.438371,1295.8,0.0,0.0,0.0,,,
19276,28651375,1665479457,279.26328465446875,1.5496546266977489843404945,0.0003099309253395497968680989,0.09410524502097903,0.1154370643496725,1391.837201,1284.545,0.0,0.0,0.0,,,
19277,28938978,1665616726,53585.00418717365,18553.2673890809618455754811895,3.7106534778161923691150962379,21.342446936042716,18.264280918449742,1403.188319,1294.194502,41.47305604094603,1292.0437822153638,6.366911033314006e-05,0.0,,
19278,29174874,1665683342,1663.2922418207836,91675.3013905735720641582179125,18.3350602781147144128316435825,0.6565571240004223,0.5903374535971889,1385.043951,1277.12,1.3036777677855877,1275.84613538822,0.01024274880423006,0.0,,
19279,29352103,1665763489,1711.070303998678,1151.2459523579124061616877045,0.2302491904715824812323375409,0.48067273737871924,0.7826527237947213,1424.408398,1311.432247,1.3036777677855877,1312.4948098985246,0.000128627044831305,0.0,,
19280,29573572,1665869320,1666.2118323729374,664.0313833478641110760323065,0.1328062766695728222152064613,0.4995426854313809,0.7620256348326441,1389.185422,1275.881508,1.3036777677855877,1278.0856386031235,7.419126585447939e-05,0.0,,
19281,29774996,1665960580,1707.1728612003762,3321.786493487776153633489556,0.6643572986975552307266979112,0.6662946232599511,0.5805299682493377,1419.242503,1311.8,1.3036777677855877,1309.5052346410423,0.00037113839952510915,0.0,,
19282,29933936,1666036436,1737.554693094552,1373.6491426396589851021164765,0.2747298285279317970204232953,0.6716242924087329,0.585948410453368,1432.331152,1323.6085,1.3146717577033469,1321.6642731642432,0.00014548902965915803,0.0,,
19283,30075311,1666098469,1748.7326284304727,4093.367737456556538471763341,0.8186735474913113076943526682,0.6737925781487406,0.5842302546591588,1441.589762,1330.64,1.3146717577033469,1330.1667265488416,0.00043354600652699703,0.0,,
19284,30309864,1666223142,1689.9537414087952,2743.7578309963235207197259245,0.5487515661992647041439451849,0.6746441227937633,0.5837409788332183,1394.259232,1283.66,1.3146717577033469,1285.456792926809,0.00029060307473004215,0.0,,
19285,30469747,1666300744,1685.5418553559125,3440.474998954273319504582875,0.688094999790854663900916575,0.6593006246412183,0.6009327320663006,1389.723846,1280.17,1.3146717577033469,1282.100908823396,0.0003643953565919827,0.0,,
19286,30669687,1666394676,831.5811505436225,2138.8780661310055274072353245,0.4277756132262011054814470649,0.6245429794613788,0.6392459168503154,0.0,1300.878314,1.3146717577033469,632.5389936088268,0.00022653768327090726,0.0,,
19287,30801186,1666457246,1731.0626535425436,1250.7137449008367730687339095,0.2501427489801673546137467819,0.6543296854402797,0.6069968755442993,1427.147971,1313.412643,1.3146717577033469,1316.726128327733,0.0001324684182289249,0.0,,
19288,31044380,1666566801,1801.7041815415298,2617.164322046109550527098778,0.5234328644092219101054197556,0.5794926881083041,0.6890400036604756,1483.212998,1367.3997,1.3146717577033469,1370.4593340386346,0.00027719501716526844,0.0,,
19289,31239429,1666643970,3237.979795678235,3681.425973565756145802381265,0.736285194713151229160476253,1.2201972721954688,1.0767645870579072,1462.822278,1349.457495,2.395214762572587,1351.8536401305716,0.00020929831376482452,0.0,,
19290,31484072,1666727508,5074.37877748758,801.6836149703637875613455175,0.1603367229940727575122691035,1.6459672378000416,1.6123831007716485,1621.776529,1491.5734,3.390036985223223,1496.85056523165,2.8878867538388916e-05,0.0,,
19291,31804413,1666826739,5349.969438589933,4751.0266239960966937736154975,0.9502053247992193387547230995,1.721752710678219,1.5305005207980076,1706.458066,1575.870511,3.390036985223223,1578.1448585693395,0.0001711451574955969,0.0,,
19292,32061513,1666898810,101239.81966460904,11119.2835537218425148020262395,2.2238567107443685029604052479,30.84332328918882,31.378319911982917,1691.928057,1563.344875,64.6607713894758,1565.7069578524522,2.0311295618295826e-05,0.0,,
19293,32367168,1666995791,103651.63160243644,2001.0265006046888060881663605,0.4002053001209377612176332721,31.159542802248886,32.7323733601222,1689.869977,1557.97,66.34964820551282,1562.2031827717256,3.6708244998477513e-06,0.0,,
19294,32656091,1667085645,104940.75507489295,74174.5788195323957523637456115,14.8349157639064791504727491223,32.94877925420014,29.11691496132381,1756.353215,1616.622529,64.68389395427702,1622.362981874162,0.00013252197757220678,0.0,,
19295,32943999,1667173340,5408.433492949536,1392.2598926512793077761447775,0.2784519785302558615552289555,1.5757994254387442,1.7140370335017128,1702.276376,1590.39,3.413159550024459,1584.5826758701564,4.592735842208207e-05,0.0,,
19296,33184210,1667245783,3791.9189887037246,117.4398478610534287958670485,0.0234879695722106857591734097,1.1657013719406255,1.1617516122104485,1691.72334,1566.492141,2.4193336761198343,1567.3402251752493,5.699823475085707e-06,0.0,,
19297,33499922,1667346480,3828.754898628599,208.283092082078880363849304,0.0416566184164157760727698608,1.1627173732155383,1.1650348580698267,1708.373912,1581.410941,2.4193336761198343,1582.565867792663,1.0108807864920392e-05,0.0,,
19298,33800257,1667426230,3664.0167990805903,919.3808581833389587510743385,0.1838761716366677917502148677,1.156158871858349,1.1723161392878363,1639.394601,1508.651231,2.4193336761198343,1514.4735243618807,4.462121412331701e-05,0.0,,
19299,34109638,1667519113,2041.2634736028913,177.1145543954339616515449555,0.0354229108790867923303089911,0.6375895099288786,0.6447353369501189,1655.37845,1529.017385,1.3324284972020763,1531.987253266704,1.594596174553024e-05,0.0,,
19300,34448069,1667603275,2199.636466374805,12.663289949127428266448452,0.0025326579898254856532896904,0.6446413368109556,0.6370376814013569,1781.846174,1649.8,1.3324284972020763,1650.847659738403,1.140100189905959e-06,0.0,,
19301,34806946,1667690283,2181.88238939281,321.518463716617841749719761,0.0643036927433235683499439522,0.634911144709126,0.6477011988973445,1777.250878,1626.5,1.3324284972020763,1637.5230595671549,2.8946921614698274e-05,0.0,,
19302,35181297,1667772122,2154.8993836093255,446.231163873362004946096179,0.0892462327746724009892192358,0.6348598479606054,0.6478135819913382,1755.522537,1606.0,1.3324284972020763,1617.272062354062,4.01750442987395e-05,0.0,,
19303,35548457,1667862099,2092.01357727677,150.191844820849924041932207,0.0300383689641699848083864414,0.6564817242407747,0.6242249615011505,1704.022448,1559.3,1.3324284972020763,1570.0756788598576,1.3522058761228656e-05,0.0,,
19304,36030915,1667950732,1781.9393202049373,659.796783673439577292763127,0.1319593567346879154585526254,0.7184844923463124,0.5568017377890474,1444.656247,1336.16,1.3324284972020763,1337.3620602882438,5.94027651098096e-05,0.0,,
19305,36501424,1668029472,1479.016758379279,307.111184310896159218045997,0.0614222368621792318436091994,0.7418233984878974,0.5315133229252393,1201.341797,1105.96156,1.3324284972020763,1110.0158556237866,2.7649806721769257e-05,0.0,,
19306,36869922,1668124097,1727.9417403942552,4068.7464069335422237539363485,0.8137492813867084447507872697,0.7678912597982851,0.5039355956499656,1400.957972,1294.130369,1.3324284972020763,1296.8363736010633,0.00036631701318216734,0.0,,
19307,37272941,1668211066,1721.5458113804036,25635.342915663016883493667114,5.1270685831326033766987334228,0.7875000601874115,0.48675043030241644,1389.496275,1288.786557,1.3324284972020763,1292.0361692919523,0.002307998904223596,0.0,,
19308,37545223,1668272247,1695.6490067170334,520.8500977624334183571715885,0.1041700195524866836714343177,0.8068435926218873,0.46593974979638614,1369.223088,1268.19,1.3324284972020763,1272.6003761385111,4.689312949139297e-05,0.0,,
19309,37867355,1668364540,1632.1789333880106,508.3519882004650780574956,0.10167039764009301561149912,0.8079912143000151,0.46477947602123704,1318.238014,1220.05,1.3324284972020763,1224.9654948204504,4.576790080735361e-05,0.0,,
19310,38188178,1668449161,1655.6802039831928,171.6689180591842342523097495,0.0343337836118368468504619499,0.8138202014716421,0.45851489357752084,1336.845222,1238.19,1.3324284972020763,1242.6034173390183,1.5455680701184025e-05,0.0,,
19311,38535625,1668554789,68151.78189179898,2313.3523876040746084905048905,0.4626704775208149216981009781,31.551200691093715,20.509945423167775,1348.482389,1248.445224,54.376607153840695,1253.3290592954056,6.235972686265621e-06,0.0,2.9225610210654404e-16,
19312,38833583,1668641488,1031221.448475056,101400.3841739892399913182773065,20.2800768347978479982636554613,472.5051755466418,334.5940632528022,1322.154697,1214.894572,841.486711280334,1225.4756191051881,1.798919466656882e-05,0.0,1.9609444177814104e-17,
19313,39150980,1668726894,5102058.142914704,359487.5081687738556047657678905,71.8975016337547711209531535781,2317.495149834766,1712.8266284307615,1311.383384,1204.402989,4198.127268969904,1215.317644280612,1.2898860868929908e-05,0.0,3.9931126910732455e-18,
19314,39473072,1668814773,4640917.175420487,201814.535369766061907842026862,40.3629070739532123815684053724,2218.6660349812914,1426.7439515923238,1314.868256,1208.11,3807.557547843488,1218.869870541811,7.962324613207766e-06,0.0,4.8307140576262045e-18,
19315,39866040,1668901026,5288575.973809777,51974.5526487741772992616117515,10.3949105297548354598523223503,2512.381884360119,1610.1129318437193,1324.928139,1217.213079,4306.1237086616775,1228.1523550222018,1.7907844959890256e-06,0.0,4.0109659147543325e-18,
19316,40263584,1668988723,4707016.727443014,91442.965617044653036478530221,18.2885931234089306072957060442,2416.064474002054,1507.527605734466,1236.802281,1140.16,4100.408464070024,1147.938496539654,3.559544920072609e-06,0.0,3.9497238420934134e-18,
19317,40681150,1669075022,4667639.5940147005,106377.8786470278306063485591075,21.2755757294055661212697118215,2531.4282989505286,1469.2103085296114,1200.925091,1107.795,4186.457022420839,1114.9378983271195,4.171976040256182e-06,0.0,3.846269118784402e-18,
19318,41067229,1669161595,4315487.020252472,92229.385439556708124175569376,18.4458770879113416248351138752,2294.244575673727,1311.9466123834459,1230.817844,1137.005,3774.662065406613,1143.2777147926222,3.928629797001016e-06,0.0,4.399413784971909e-18,
19319,41478863,1669247943,5188079.385008898,92592.5665967129584258967409755,18.5185133193425916851793481951,2706.1375927364884,1465.5183110069988,1276.787482,1182.46,4370.681239758492,1187.0184761622131,3.290278970908868e-06,0.0,3.772138644153511e-18,
19320,41900717,1669331972,5516401.094741903,626433.328519606710504048121601,125.2866657039213421008096243202,2967.106839685902,1411.9225503492921,1287.508009,1201.36,4597.502271445233,1199.8691395986657,2.089361249312968e-05,0.0,3.301642471894186e-18,
19321,42267592,1669420682,5630223.458182473,99958.5130990799139562182955285,19.9917026198159827912436591057,3026.4730702886354,1454.3793431168374,1283.719591,1199.88,4703.655623713745,1196.9888760132405,3.268504634386185e-06,0.0,3.505445068979549e-18,
19322,42631337,1669507170,6732200.986254485,801674.9671382241792844747967095,160.3349934276448358568949593419,3496.302653099082,1820.1654329704581,1298.408678,1204.6,5573.334696330541,1207.9305035613484,2.1856025712784612e-05,0.0,2.753567171755177e-18,
19323,42997172,1669593467,6699183.8176546795,117464.054301007280022459771805,23.492810860201456004491954361,3518.1136137798667,1822.673438896284,1286.11479,1193.02,5599.254381315316,1196.4421262962837,3.2166160721407037e-06,0.0,2.7362522477075976e-18,
19324,43331463,1669679534,6556530.545546992,228534.2695375216015467371797135,45.7068539075043203093474359427,3454.9280258927906,1886.1587754949642,1259.71883,1168.667603,5594.523025840113,1171.9552346578137,6.394037745500695e-06,0.0,2.7316553598296392e-18,
19325,43677624,1669766140,6557194.918092823,69504.69253530149564258393824,13.900938507060299128516787648,3335.7668719473104,1795.8766546815518,1311.070961,1215.989881,5376.42373209688,1219.6201871044539,1.943349295739874e-06,0.0,2.8505936911019065e-18,
19326,44045925,1669852406,6989163.921284022,49114.616275314978238513891545,9.822923255062995647702778309,3312.8671713604977,1823.7239466907743,1397.24748,1294.202787,5379.509927391517,1299.2194485405503,1.289267771116315e-06,0.0,2.777707243664997e-18,
19327,44404683,1669939125,6794266.310958229,59018.283851323072118008986478,11.8036567702646144236017972956,3250.5652450377393,1818.7550535640464,1376.17567,1276.1023,5307.518110292878,1280.1211733563562,1.5926977389974229e-06,0.0,2.7764019712284635e-18,
19328,44760243,1670025493,6885571.099975832,60305.16356537856782714632011,12.061032713075713565429264022,3217.0866255961646,1851.2217996186612,1395.798535,1293.83,5303.7677459687275,1298.2414445295794,1.604810511271315e-06,0.0,2.7581401107258703e-18,
19329,45104421,1670111740,6857937.556444539,166391.5011134228521675120456655,33.2783002226845704335024091331,3215.823964809489,2034.7865224292207,1346.296064,1242.62982,5484.717921934469,1250.3719706383247,4.44115518366237e-06,0.0,2.7018805434701934e-18,
19330,45452165,1670197675,7795500.003639429,35317.9908564674085435462640555,7.0635981712934817087092528111,3561.267196582152,2245.534151564979,1383.719094,1277.071018,6066.105994591104,1285.0912942487905,8.285002075417024e-07,0.0,2.424367591181532e-15,
19331,45824158,1670284618,7787479.5088289045,145843.052271716349539258723953,29.1686104543432699078517447906,3603.705105638557,2274.6624818637765,1365.730261,1259.875,6140.7103397191895,1268.172422733918,3.4265352061544045e-06,0.0,2.3393622045121178e-18,
19332,46170237,1670370471,8874523.503668122,452527.0958333654901166812902645,90.5054191666730980233362580529,4071.6161050980436,2559.42998425683,1380.184446,1271.745,6927.392434570057,1281.0770556871032,9.327037170374318e-06,0.0,2.142581842839291e-18,
19333,46520082,1670456861,8609000.24858081,43616.200701066202231933060637,8.7232401402132404463866121274,4087.396120343271,2539.6332207361224,1340.122615,1233.008076,6924.732350518326,1243.2249815310788,9.258736488518031e-07,0.0,1.9756328394655375e-18,
19334,46929158,1670543894,8699392.501564307,45627.914055292282406440196591,9.1255828110584564812880393182,3983.1821410048224,2458.5921431214765,1393.360258,1280.970825,6731.99234674198,1292.2463445423361,9.588620817358248e-07,0.0,2.0422697649731428e-18,
19335,47291079,1670630044,8350693.232189902,6010.7865341535538245265282015,1.2021573068307107649053056403,3870.3105387300443,2406.717860528924,1372.828055,1262.06,6558.8845193241195,1273.188025736185,1.315158959634552e-07,0.0,2.1027700947922744e-18,
19336,47744681,1670715951,8551860.831755172,855.202920347474197795975151,0.1710405840694948395591950302,3950.143624066682,2464.9024729934663,1375.897226,1264.5,6702.646809214178,1275.8931024082706,1.826819226223197e-08,0.0,2.0488278431314788e-18,
19337,48170480,1670803175,8514352.557354307,151486.385025859879767491089979,30.2972770051719759534982179958,3841.569093934113,2546.906786404231,1379.286446,1262.601518,6666.875087967878,1277.112956971503,3.2450582979677282e-06,0.0,2.113396661442964e-18,
19338,48616699,1670888392,8585750.962340385,19730.88355598323432198141354,3.946176711196646864396282708,3827.373427495573,2566.6259555092047,1388.69555,1274.316777,6671.10176220328,1287.0064448701723,4.194442560091056e-07,0.0,2.159797826145427e-18,
19339,49129502,1670975204,8895969.714669537,3036.6415142683247221438777795,0.6073283028536649444287755559,3825.4439102590445,2567.30394719878,1438.052595,1322.313307,6669.69146113301,1333.7902909767192,6.236667784808192e-08,0.0,2.197375728418407e-18,
19340,49719604,1671061684,8793271.020275379,2389.4959429185791427576632045,0.4778991885837158285515326409,3814.71487961456,2572.8932904741396,1423.040202,1307.78,6663.653149165096,1319.587142883796,4.962462394912627e-08,0.0,2.25257182964216e-18,
19341,50195571,1671148420,8517918.599424042,18636.642116281983471258797429,3.7273284232563966942517594858,3812.7907200917425,2580.4212235601735,1377.558693,1265.520361,6669.029131370237,1277.2351764602242,3.992463317030893e-07,0.0,2.33282775339811e-18,
19342,50663917,1671234834,7835641.960970024,51482.5710593704436564511329395,10.2965142118740887312902265879,3850.1531801966626,2543.4576643392306,1265.788991,1164.619523,6672.707027829641,1174.2823307377603,1.2009215633273952e-06,0.0,2.2579521360202666e-18,
19343,51203008,1671321590,8366346.1188758295,99852.354607768337235189035398,19.9704709215536674470378070796,4021.9643045091043,2657.1913854501463,1294.92345,1188.552034,6970.669607689865,1200.2212971973725,2.1778927443800686e-06,0.0,2.076306726064618e-18,
19344,51640140,1671407799,8352729.011915021,13245.5899580560398059449521175,2.6491179916112079611889904235,4034.9763701757906,2645.530237246481,1293.097275,1185.06,6973.150690758854,1197.841461103723,2.885319588434277e-07,0.0,2.043768379088401e-18,
19345,52050463,1671494353,7832112.993374784,9749.4624948094493067918249325,1.9498924989618898613583649865,3849.1823413582524,2512.111006565582,1273.344085,1166.66,6640.569384746939,1179.4339520591052,2.2696820400164758e-07,0.0,2.163796338426718e-18,
19346,52585997,1671579878,7585353.908900125,25607.0678391752027875782331305,5.1214135678350405575156466261,3579.1965128882307,2325.7188733815838,1327.714623,1218.205,6164.690644302818,1230.4516717169306,6.157918962835475e-07,0.0,2.2952998389412673e-18,
19347,53188607,1671666889,7571590.39748897,41265.189868415523083622569443,8.2530379736831046167245138886,3552.9862534436998,2370.527690387893,1322.318362,1212.14,6180.78440148464,1225.0209529506087,9.937309874382787e-07,0.0,2.2824439910461256e-18,
19348,53731310,1671752550,7684950.1965075685,834.726871921682210047631477,0.1669453743843364420095262954,3585.236719475247,2400.003575602538,1329.084303,1216.61,6244.763912461471,1230.6230154149137,1.9796435603496516e-08,0.0,2.1574818769470837e-18,
19349,54235825,1671839839,7909630.7158775255,4821.0269158741761989563490785,0.9642053831748352397912698157,3721.1443050517028,2421.288388383243,1331.942212,1219.714906,6412.467834308523,1233.4768641736891,1.1107516995963953e-07,0.0,2.079426721888894e-18,
19350,54697457,1671926332,7945999.076904781,10797.3614335673985948802327305,2.1594722867134797189760465461,3741.5425127861954,2433.5060965762073,1329.162227,1221.645634,6446.570477842891,1232.593222119495,2.479510805610824e-07,0.0,2.0917920285968225e-18,
19351,55218034,1672011795,7974227.670536129,4667.0576528019999600744549755,0.9334115305603999920148909951,3750.5457817477663,2450.4797287162783,1331.05691,1216.92,6473.090730065588,1231.904202037244,1.0654325778833118e-07,0.0,2.11575900506854e-18,
19352,55724445,1672098225,7990560.447619747,86516.2891505620684963075788405,17.3032578301124136992615157681,3686.4861973312154,2520.3606979425367,1331.341217,1223.074709,6473.100919510954,1234.4254395192465,1.9748904641507033e-06,0.0,2.290641798752456e-18,
19353,56245369,1672184502,7927121.596960265,48289.9270447031149462971414905,9.6579854089406229892594282981,3649.728202322822,2558.1039418962914,1322.033451,1212.639868,6470.742595449849,1225.0713855523359,1.1108851671405523e-06,0.0,2.2785674008806827e-18,
19354,56845027,1672271354,7686733.690771912,2592.1637776380957385498049035,0.5184327555276191477099609807,3600.3973051835405,2547.80597400524,1294.624656,1187.520007,6407.28225244653,1199.68707291408,6.140093150153041e-08,0.0,2.251723963961975e-18,
19355,57409879,1672357114,7790888.441145256,60184.7511879568526823769484415,12.0369502375913705364753896883,3659.038964840554,2494.667419512056,1309.151053,1202.82716,6418.0392129549455,1213.9047741277718,1.4089168133070233e-06,0.0,2.168656087630772e-18,
19356,57995818,1672444621,7806747.128025434,28130.2567815581590451201895605,5.6260513563116318090240379121,3686.9647401156594,2495.436761825806,1305.916448,1198.940112,6448.940696010837,1210.5472039546748,6.56943707227264e-07,0.0,2.2124527633159416e-18,
19357,58461238,1672530872,7787780.941825926,366168.1240413699883363414189755,73.2336248082739976672682837951,3959.3024236426313,2201.707546776346,1301.752625,1196.23,6451.581150739172,1207.1119869481395,8.576478884817501e-06,0.0,2.151310002423914e-18,
19358,58838698,1672616449,7818239.724451121,67976.1759681266987544887563545,13.5952351936253397508977512709,3908.1502817220207,2261.4550085715923,1306.531631,1199.28,6455.730369467525,1211.0542536639393,1.5839969928695457e-06,0.0,2.36304061364585e-18,
19359,59237477,1672703097,7977679.491822392,15087.6632286332415022030807805,3.0175326457266483004406161561,3911.924507227367,2294.6978799493563,1326.305088,1215.53,6492.75718763153,1228.70442575915,3.4450965327849635e-07,0.0,2.6215780065066587e-18,
19360,59743499,1672789262,7981038.822888596,74261.29697462423987688545059,14.852259394924847975377090118,3885.607688478877,2340.7862159303927,1322.548087,1214.18,6510.043815327123,1225.957773755407,1.6958304856012865e-06,0.0,1.1975531478801645e-18,
19361,60271845,1672876356,8095379.913267212,9882.6836533634076273028706175,1.9765367306726815254605741235,3836.582016793103,2283.200313261393,1362.337975,1256.42,6400.1007643230405,1264.8831965887784,2.2283858452984134e-07,0.0,1.334792171514365e-18,
19362,60783637,1672962069,7907101.801158914,148556.249934665957077172230094,29.7112499869331914154344460188,3729.539966793688,2253.5096099158413,1364.873428,1249.94,6255.194074521613,1264.0857672771147,3.4173163012820925e-06,0.0,1.3539965846738704e-18,
19363,61417505,1673049250,8087105.93587965,758.213792338749955778081019,0.1516427584677499911556162038,3760.993413497098,2267.793474771153,1384.868761,1269.35,6303.269645721688,1283.0017420195138,1.7072819932600198e-08,0.0,1.491492985098574e-18,
19364,62106841,1673134847,8046998.215811163,120479.3434983594907076957161235,24.0958686996718981415391432247,3674.001901042636,2362.2046508014014,1378.444512,1262.63,6302.85299338791,1276.7231322470905,2.7260177860449035e-06,0.0,1.4641796893955435e-18,
19365,62705372,1673222081,8204172.594056929,95416.3096139008310604651928625,19.0832619227801662120930385725,3615.906599369704,2450.013588033979,1398.761695,1284.23,6326.953453748494,1296.7019046419964,2.119943425312475e-06,0.0,1.8641612278782314e-18,
19366,63349495,1673306975,8871494.14806369,183671.238836826684443164697278,36.7342477673653368886329394556,3725.6772105396058,2660.7551040287517,1439.118793,1319.1,6653.7153386235295,1333.3143509411025,3.7693809835969414e-06,0.0,1.6509677054558198e-18,
19367,63951596,1673395126,8840734.564921763,141128.4925261144797724173479465,28.2256985052228959544834695893,3575.6656428794468,2727.9292524329967,1454.186737,1334.73,6557.835141845146,1348.117842809066,2.9069203240887086e-06,0.0,1.6857142049026105e-18,
19368,64544343,1673477898,9383292.251782428,220844.633767176704747886984652,44.1689267534353409495773969304,3761.1575048467657,2843.758516701399,1472.52813,1352.042377,6872.626315471905,1365.3139020025606,4.291628825404304e-06,0.0,1.5987498064609341e-18,
19369,65341934,1673563576,10025383.898828316,467177.7462685498454304995336655,93.4355492537099690860999067331,3817.9807670817304,2859.8252955300018,1561.311528,1421.18,6949.847722481008,1442.5328869291227,8.45819554281544e-06,0.0,1.7046784465913177e-18,
19370,66096886,1673653887,10243914.231818069,137527.607295669428947769417333,27.5055214591338857895538834666,3763.8039105769967,2954.4464223458635,1583.287664,1450.264895,6984.559585761225,1466.6514196115368,2.4430327469424043e-06,0.0,1.612366356051958e-18,
19371,66836207,1673740746,10448403.475360863,141841.110054842008485691151768,28.3682220109684016971382303536,3610.335437466273,2798.3785028488337,1692.074888,1550.7,6664.632311176315,1567.738922046655,2.469666110458997e-06,0.0,1.6119170680469919e-18,
19372,67498102,1673825007,10484224.711701412,58270.1662974130963307913298685,11.6540332594826192661582659737,3614.261152696599,2798.374725948065,1697.759797,1553.7867,6668.861684079612,1572.1160834284672,1.0109328584430259e-06,0.0,1.6906434959026417e-18,
19373,68194484,1673913089,10616639.593460638,146367.4076964207706641824773855,29.2734815392841541328364954771,3523.682706486226,2874.4857492990714,1726.058031,1577.52,6645.846012613558,1597.485041529802,2.5059872039259104e-06,0.0,1.591689352734291e-18,
19374,68797819,1673999390,10625441.429204198,36329.5983981204705243914475935,7.2659196796240941048782895187,3516.988671216065,2904.0401800001328,1725.674205,1568.94,6667.705983384121,1593.56778113533,6.20102143199185e-07,0.0,1.4903709287944097e-18,
19375,69037431,1674085872,10079394.97626801,229108.3430751469007021510542625,45.8216686150293801404302108525,3387.4002186151542,2915.2138525546216,1670.494521,1516.445,6538.369380362017,1541.5762539420698,4.097588519098209e-06,0.0,1.5694355814035655e-18,
19376,69203131,1674171819,10343211.275941849,35932.8174606904327324307359715,7.1865634921380865464861471943,3369.992369736902,2966.502061148748,1705.377972,1549.333332,6569.985274692718,1574.3127029193543,6.294465597582008e-07,0.0,1.527047113565995e-18,
19377,69396933,1674257573,11136847.578887345,96463.1037211518595407314496405,19.2926207442303719081462899281,3323.905170122343,3063.614725674153,1824.199103,1656.012,6615.574317223996,1683.4286858348753,1.5692990798696791e-06,0.0,1.644093350723496e-18,
19378,69638282,1674345044,10863963.647550268,7382.709200071407075949054369,1.4765418400142814151898108738,3301.662720907736,3041.3268751750643,1792.312221,1626.38,6569.544804404863,1653.6859053409619,1.2323965706621705e-07,0.0,1.7743002263698793e-18,
19379,69832133,1674431333,10878669.70580491,1616.9945211672039976350075715,0.3233989042334407995270015143,3299.684688106196,3037.367840103627,1795.818246,1630.7,6563.506065001378,1657.4479551124823,2.6941584714016124e-08,0.0,1.60366424160275e-18,
19380,70019333,1674517499,10861657.982388103,916.5555353274726283087467955,0.1833111070654945256617493591,3304.7821216800567,3025.369393324664,1795.597141,1628.76,6557.23027670696,1656.4399180812095,1.52884804183601e-08,0.0,1.845639873520789e-18,
19381,70222581,1674604624,10456196.193244617,82159.3148523475745708302228595,16.4318629704695149141660445719,3311.2258248644425,3073.911281317692,1714.617586,1554.6025,6611.934754501859,1581.4124883983952,1.4216786701120995e-06,0.0,1.748619122425259e-18,
19382,70458782,1674689898,10821693.949593976,28782.315847442665019305631015,5.756463169488533003861126203,3308.2542315786077,3114.1240096914876,1764.092503,1600.97268,6648.233831326395,1627.7547126279296,4.80444805867499e-07,0.0,1.7591240981019514e-18,
19383,70666106,1674777542,10832991.306593176,65837.8296157240621245239421675,13.1675659231448124249047884335,3271.990264567033,3152.530205307877,1768.625482,1600.64,6646.639018272258,1629.844990349593,1.099063282395826e-06,0.0,1.7224100232972711e-18,
19384,70856228,1674863945,10656773.655505491,11647.584427908920860334450009,2.3295168855817841720668900018,3219.0880224831185,3113.4969570530493,1764.565104,1598.358159,6550.9012645994235,1626.7645053809456,1.9777829596012997e-07,0.0,1.781300138672436e-18,
19385,71006987,1674949847,10454634.899550926,64930.317292252297788852653668,12.9860634584504595577705307336,3187.0367492680566,3137.888685561922,1734.51448,1570.06,6540.0803377346065,1598.5483907942737,1.1230996911460426e-06,0.0,1.7495231519148578e-18,
19386,71166287,1675036429,11524676.494209029,254403.583137612671540778448161,50.8807166275225343081556896322,3350.007037376846,3301.731735441195,1818.032678,1645.88,6877.7718752107085,1675.6409929423482,3.991720762364655e-06,0.0,1.6372780200582644e-18,
19387,71369117,1675122913,11008640.169115454,24367.913378934282376728743702,4.8735826757868564753457487404,3365.240572477884,3311.664362468775,1730.458962,1565.747278,6904.053446625645,1594.518387527247,4.001393257083604e-07,0.0,1.507293910181735e-18,
19388,71535505,1675208739,11135955.788878212,134372.7565921617373594353596545,26.8745513184323474718870719309,3440.299345444058,3226.0102386327844,1749.885717,1585.8056,6901.330036095713,1613.5956012296656,2.1826746714125482e-06,0.0,1.7892968513466667e-18,
19389,71743410,1675293587,11519274.403088855,3871.27586037866301829795046,0.774255172075732603659590092,3438.8568287288726,3224.7959573224166,1810.606579,1641.3,6898.571031330851,1669.8058700522784,6.079461541664982e-08,0.0,1.825759794619308e-18,
19390,71982769,1675381052,11583096.982570779,6044.0832883771766585629197025,1.2088166576754353317125839405,3438.9762256236995,3226.404617256909,1820.007958,1650.1752,6900.278091180203,1678.6420531914591,9.43335473149356e-08,0.0,1.840451218653375e-18,
19391,72169811,1675468482,9746288.722887008,29202.3949135460017130846455195,5.8404789827092003426169291039,2883.415066011435,2672.9377054590664,1836.379839,1665.3001,5753.864644041485,1693.8682652154403,5.420324449052357e-07,0.0,2.2107813773410617e-18,
19392,72320467,1675554610,10539883.867393235,60052.0938505709881279401036385,12.0104187701141976255880207277,3109.2559565790475,2902.703610409431,1837.902365,1662.372615,6224.570197619015,1693.270946068676,1.020220416894816e-06,0.0,1.958110523004718e-18,
19393,72478203,1675641404,10546603.07938039,12548.7982339774309097030869695,2.5097596467954861819406173939,3144.8903792501155,2994.835894564127,1801.950651,1629.36,6353.715633221832,1659.9110958373872,2.1492972742305886e-07,0.0,1.787134409049722e-18,
19394,72651268,1675726180,10633311.81170285,35146.5907010486146213643643915,7.0293181402097229242728728783,3188.7688271206976,3070.560009858242,1783.944937,1610.365468,6475.686132213654,1642.0363177898416,5.965563203334729e-07,0.0,1.975407018742798e-18,
19395,72831218,1675813484,11030481.727204505,23830.8865145141932368972283625,4.7661773029028386473794456725,3175.761399929216,3078.183149438558,1848.336873,1676.51,6469.047036320854,1705.116946170464,3.904720659290673e-07,0.0,2.132666351363923e-18,
19396,73029976,1675900081,11659546.074309302,57804.577966272699210476381436,11.5609155932545398420952762872,3368.0462511821156,3333.5431519952826,1826.772533,1651.963524,6928.435710699006,1682.85404688167,8.953919477743174e-07,0.0,1.917092312927111e-18,
19397,73292694,1675986847,11024321.137479994,4540886.5892859031723988160881335,908.1773178571806344797632176267,3355.4778953487894,3414.021826311138,1712.018074,1546.47,6992.565810175774,1576.577387578834,7.434718244188861e-05,0.0,2.191513688133228e-18,
19398,73571558,1676071893,11090886.445966901,4156.087653294371344439290324,0.8312175306588742688878580648,3448.407314177819,3516.8286359131653,1674.101646,1512.13,7194.314775227856,1541.618179420796,6.761755102599028e-08,0.0,1.9721814770990316e-18,
19399,73759603,1676159374,11375223.438729906,254.3710986788498726768342755,0.0508742197357699745353668551,3477.7653042726934,3537.998939156699,1703.293021,1540.86255,7246.959093631801,1569.6547050646084,4.038530684251873e-09,0.0,1.9273089212895258e-18,
19400,73956451,1676245757,11312597.663096773,486212.0602880936270440787843605,97.2424120576187254088157568721,3515.2815940867113,3576.8584975618596,1677.385609,1514.21,7325.746830652461,1544.224489954047,7.760284672845279e-06,0.0,2.052640407297702e-18,
19401,74179271,1676331955,11779666.132286314,144145.9089599986158472416630095,28.8291817919997231694483326019,3652.952338702956,3767.332650375209,1668.788371,1508.67,7662.022479010189,1537.4094978912224,2.208684634001153e-06,0.0,1.84764588718365e-18,
19402,74382954,1676419095,11919265.608313976,23987.559292844179377979545247,4.7975118585688358755959090494,3582.2072635764116,3685.792327768054,1725.235232,1557.091371,7505.214792548305,1588.1311778242837,3.632339265084734e-07,0.0,1.97697826171778e-18,
19403,74588254,1676505188,12968901.370863117,75216.986088627988907042769532,15.0433972177255977814085539064,3625.4209888112173,3724.0489165458957,1854.030555,1677.545119,7589.6480617963925,1708.7618905735544,1.0476027816375898e-06,0.0,2.0373735262950188e-18,
19404,74852562,1676591788,13067988.841980554,26006.669805168342683247605018,5.2013339610336685366495210036,3725.500171830592,3856.2033698512273,1813.955213,1636.35,7827.922786963692,1669.406967547439,3.585476497431495e-07,0.0,1.8792946422395184e-18,
19405,75059476,1676678091,14470974.433407284,220994.972301203975064582524573,44.1989944602407950129165049146,3971.7416933078844,4135.941652612735,1878.156436,1695.242051,8369.62582469638,1728.9870224195163,2.7538601908408604e-06,0.0,1.9123757071070347e-18,
19406,75222725,1676764477,14473764.095459439,87403.726367000525443988738761,17.4807452734001050887977477522,4012.0935610760985,4116.959477220728,1872.345865,1690.99,8394.858724827445,1724.1224146695743,1.0889960143365844e-06,0.0,2.025514310062478e-18,
19407,75448722,1676851168,14517850.794459812,38794.599491505709523791746789,7.7589198983011419047583493578,4049.8349608333215,4153.194570058057,1862.539068,1679.4,8471.377560915882,1713.7532461592016,4.813127079105716e-07,0.0,1.877468570022058e-18,
19408,75641312,1676937096,13899036.855241587,36543.7026215832550545277248275,7.3087405243166510109055449655,3857.353124293134,3903.225746366738,1883.33419,1699.71,8017.20927463115,1733.6502489990253,4.73800030006172e-07,0.0,1.9444883649108415e-18,
19409,75832793,1677023389,13477714.156892113,188459.551972271959774846099383,37.6919103944543919549692198766,3746.8972836196804,3990.647319950942,1835.387247,1654.044103,7982.771414066792,1688.3502555443893,2.518860029220119e-06,0.0,1.89940653103609e-18,
19410,76098394,1677110062,12742966.34077664,1074.041492505994422856095897,0.2148082985011988845712191794,3598.1003372048913,3773.9055853941977,1820.699488,1640.7159,7608.672866147721,1674.7948774972656,1.5175697452471966e-08,0.0,2.0544808572112482e-18,
19411,76408430,1677196666,12815099.01944526,7525.054212267347933891526431,1.5050108424534695867783052862,3599.2399700075216,3773.964939128037,1830.115267,1650.273678,7609.967122091357,1683.9887497337095,1.0571864358173197e-07,0.0,2.1232936891633406e-18,
19412,76838104,1677283015,12740666.026364557,102886.7987251936780716112280005,20.5773597450387356143222456001,3646.927976446499,3880.052723488809,1783.340422,1607.44,7765.6989183859505,1640.6335296105738,1.454246233178427e-06,0.0,2.0736846432129444e-18,
19413,77124041,1677369319,12802974.258502143,36403.9921537501231732599634855,7.2807984307500246346519926971,3714.317407966947,3910.0248619696436,1769.12679,1593.82,7868.323101835645,1627.154108035455,5.120698125922831e-07,0.0,2.0665046798095892e-18,
19414,77394185,1677455938,13344316.971469976,173913.418778278556249145249587,34.7826837556557112498290499174,3708.7017297446646,4017.229412051328,1821.688936,1639.99,7967.169687562517,1674.9131115283863,2.3455978081148243e-06,0.0,2.1151686579309687e-18,
19415,77651381,1677541763,13340621.47299419,27727.531997530276478901387961,5.5455063995060552957802775922,3699.135247317355,4048.868706158343,1816.791962,1635.04,7987.731843486427,1670.138874763649,3.7414627263254803e-07,0.0,2.2233098282953645e-18,
19416,77846600,1677628568,13392861.706413068,18442.901285195985319056780095,3.688580257039197063811356019,3785.3246539058223,4125.591484373698,1785.621777,1607.94,8156.594012193121,1641.9674298355858,2.4800982950645966e-07,0.0,2.056224414368734e-18,
19417,78054104,1677714407,13861605.151141882,1488.292280998591378382895694,0.2976584561997182756765791388,3789.9273428088964,4127.489235408869,1845.624791,1663.68,8163.4563310827725,1698.0068967066215,1.9296391681846493e-08,0.0,1.985318124926155e-18,
19418,78266265,1677801316,14059584.63943833,144841.6434136124986333192585935,28.9683286827224997266638517187,3817.994648651716,4290.981681791298,1831.641123,1646.8,8353.96255240627,1682.9839194561166,1.8537781135902029e-06,0.0,1.9645802183102718e-18,
19419,78471994,1677887667,13939033.919220049,50787.950350301113174167094061,10.1575900700602226348334188122,4018.713820138571,4409.357891007718,1745.377673,1570.49183,8688.20747371597,1604.3624604257163,6.55649535953745e-07,0.0,1.8525362622655587e-18,
19420,78634145,1677973583,14335879.299393967,8660.168552630876388543613874,1.7320337105261752777087227748,4162.936552345084,4530.894162109516,1739.8972,1565.43,8964.073693722932,1599.2594203495478,1.0855895162064512e-07,0.0,1.5974083881657985e-18,
19421,78791327,1678060459,14395221.5862339,9480.612127242799418020612414,1.8961224254485598836041224828,4143.719497768673,4597.736539833697,1739.592813,1563.125,9008.555388717554,1597.9500558172385,1.1837328154146517e-07,0.0,1.6778908899104396e-18,
19422,78951469,1678146746,14437484.782727934,47833.180856581904945136447968,9.5666361713163809890272895936,4135.887747574525,4610.298847440061,1744.160882,1566.89,9012.313930591656,1601.9731329732006,5.953887597159821e-07,0.0,1.6066758245213162e-18,
19423,79147427,1678233567,14745056.488469291,154573.0681438460948803935269235,30.9146136287692189760787053847,4266.431193608175,4692.938577155468,1737.115569,1562.725,9235.224694238497,1596.6104752890492,1.8857159156915408e-06,0.0,1.5669037308217547e-18,
19424,79378862,1678319552,14715545.311879355,74785.648426182881625312271659,14.9571296852365763250624543318,4337.042958334885,4766.882607832264,1706.660599,1534.27,9384.401030685483,1568.085726916602,9.134784794949057e-07,0.0,1.4767705338232156e-18,
19425,79657978,1678406300,13661478.228699893,310211.5305574171149429281587255,62.0423061114834229885856317451,4452.968186180378,4554.214376233601,1597.703265,1437.56,9302.376932093575,1468.6008026150007,4.078481448638777e-06,0.0,1.4956867611627864e-18,
19426,79936944,1678492699,13814029.107523844,238002.960553737008716316069034,47.6005921107474017432632138068,4471.741889921489,4651.560239970185,1600.878682,1430.77,9418.037466907199,1466.7630231949215,3.087658158910326e-06,0.0,1.5319670755804908e-18,
19427,80172455,1678578995,14591852.568872146,1575092.566100915807095549036211,315.0185132201831614191098072422,5030.029015899702,4100.73997427458,1688.448516,1487.27,9484.792827468173,1538.4471579193396,1.9270268218183646e-05,0.0,1.3861312621018516e-18,
19428,80399170,1678665304,15733593.450583145,170917.3604414106954666484266965,34.1834720882821390933296853393,5015.471988615739,4309.251021200141,1773.280403,1587.226,9673.445351023476,1626.4725627377932,1.9474478230044212e-06,0.0,1.4057004827162015e-18,
19429,80663513,1678751887,17121699.706424776,794710.920429185342873093728425,158.942184085837068574618745685,5172.73972837647,4461.8543390677905,1862.825762,1677.73,9993.759489928825,1713.2391192402727,8.341609028864638e-06,0.0,1.4355518745133967e-18,
19430,80934418,1678838060,17186943.970886722,601034.8614421380229952723065275,120.2069722884276045990544613055,5077.5354196072285,4430.622878364135,1895.927662,1706.375,9859.578375977399,1743.1723057004401,6.2856120839806095e-06,0.0,1.4861405040596125e-18,
19431,81242255,1678924489,16581290.490154147,168134.06601969156283454525345,33.62681320393831256690905069,5069.189956218245,4399.2106235548035,1835.08621,1654.59,9819.704681197793,1688.5732339693527,1.8223403127753886e-06,0.0,1.2798607797816997e-18,
19432,81509182,1679010554,17068768.979299918,169424.9616030278460874928307885,33.8849923206055692174985661577,5084.669736758018,4529.002695687321,1863.228821,1676.94,9963.672976503683,1713.100080618007,1.7837512669320857e-06,0.0,1.2950072067975204e-18,
19433,81757756,1679095491,18345777.63884618,168037.5071798944166841381761505,33.6075014359788833368276352301,5032.219806413539,4649.526659035631,1990.077768,1791.853126,10024.643577889592,1830.0678219931656,1.6501142743046695e-06,0.0,1.2772491523589609e-18,
19434,82012330,1679183698,18730431.79904553,368745.482241050310652490362777,73.7490964482100621304980725554,5024.060017456523,5054.419386152958,1958.869343,1758.65,10411.920789832018,1798.9410577668943,3.5342362778339596e-06,0.0,1.2287535928089425e-18,
19435,82247183,1679270045,19090301.037805784,133028.767219510564815235005519,26.6057534439021129630470011038,5059.963391258916,4956.46951001161,2006.943144,1802.7433,10355.157409168554,1843.554886080539,1.2579473287353946e-06,0.0,1.2217073151574363e-18,
19436,82507309,1679356373,18099111.29197795,139743.5741968315821346247159345,27.9487148393663164269249431869,4967.317260622768,4899.195647569863,1932.864265,1734.562544,10198.278332323256,1774.7222327334555,1.3851607172571685e-06,0.0,1.1827519629754346e-18,
19437,82769368,1679443008,19002237.744938493,58228.429384527253454748501559,11.6456858769054506909497003118,5007.373291759007,4930.686963894181,2012.866419,1809.7,10272.664041737484,1849.7867415631474,5.514739477943464e-07,0.0,1.1647175583940904e-18,
19438,83034112,1679528837,19807985.270608984,337647.4277697147956417010108575,67.5294855539429591283402021715,5313.4296352738365,5474.1804603767005,1938.113361,1737.238363,11137.230826842546,1778.537733353654,3.0573692847005044e-06,0.0,1.09249946516374e-18,
19439,83259799,1679614099,20118153.144056164,138946.4823108135635505568187095,27.7892964621627127101113637419,5147.168281869933,5316.020156348082,2028.114479,1820.743026,10801.542982472825,1862.5258610460542,1.244835603394189e-06,0.0,1.0764293426215922e-18,
19440,83497724,1679701962,19498168.537290834,32454.9471783703582250317788285,6.4909894356740716450063557657,5223.9756221892285,5322.087304594477,1949.398645,1750.17,10891.09324044824,1790.285704733197,2.98553902312755e-07,0.0,1.0222442890653995e-18,
19441,83704614,1679786917,19530862.527956918,6875.9985002834056242793116595,1.3751997000566811248558623319,5235.908688361682,5395.82599137846,1938.629842,1738.45,10976.155497070022,1779.3901091480066,6.310426954371249e-08,0.0,9.811352546373767e-19,
19442,83922507,1679873443,20078625.45117963,5307.4980958303070890345225065,1.0614996191660614178069045013,5259.136585653665,5417.365526621429,1983.194575,1781.075,11022.50042537349,1821.6035088516933,4.7922488477839185e-08,0.0,9.992579251790093e-19,
19443,84158141,1679957916,19583482.397775635,36501.774131203425016016190034,7.3003548262406850032032380068,5301.249428400197,5540.690879884295,1906.618534,1710.26,11188.860488332533,1750.266027375782,3.341556973855068e-07,0.0,9.843047172121482e-19,
19444,84434474,1680044100,19304395.70479694,125203.179767678285645207604914,25.0406359535356571290415209828,5040.688911726282,5288.5068427525375,1973.063457,1769.6482,10658.582854274908,1811.1596981257596,1.1625944227468842e-06,0.0,5.528903648076467e-19,
19445,84692318,1680133995,17754415.767839625,28429.905960779971733036956432,5.6859811921559943466073912864,4566.912094895475,4804.060440070283,2001.471245,1793.04,9669.103617268132,1836.200796952043,2.8684481084340746e-07,0.0,6.170965989297768e-19,
19446,84974350,1680217245,18563500.204655502,4163.479151374613978355927802,0.8326958302749227956711855604,4798.562150274975,5032.41018801301,1993.151214,1788.2565,10144.573468446451,1829.8945995507027,4.020482261270096e-08,0.0,5.644495585972029e-19,
19447,85251504,1680301374,18837818.928221412,2715.1076317754573885476678175,0.5430215263550914777095335635,4741.245218746165,5022.455255256085,2037.976544,1826.85,10072.385240682734,1870.2440859921412,2.5824112751021425e-08,0.0,5.88788712531257e-19,
19448,85472013,1680390131,18612538.149367124,45797.65988346004705409041323,9.159531976692009410818082646,4743.248977235699,4910.717868772928,2034.716201,1824.86,9965.403565195145,1867.7154444976707,4.408597344635315e-07,0.0,5.817878875706786e-19,
19449,85709964,1680479982,17971669.768711813,33434.640332807717939016377983,6.6869280665615435878032755966,4636.960968230278,4841.20382605754,2001.679325,1795.0,9781.67897780594,1837.2786317654143,3.3335055395474457e-07,0.0,5.915876113674681e-19,
19450,85970840,1680566125,18030854.434471026,1036999.0521807536505839565466655,207.3998104361507301167913093331,4593.172463267493,4822.713227718574,2021.517273,1813.435,9715.766051623477,1855.8345619549084,1.031733824505124e-05,0.0,5.898971680153416e-19,
19451,86267226,1680652566,18115943.069763765,294603.0780846901292303967333075,58.9206156169380258460793466615,4499.761277563969,4675.656842884618,2083.015527,1869.87,9470.283488753243,1912.9251084487564,2.9128111756587984e-06,0.0,6.396582721869755e-19,
19452,86609001,1680738743,17811294.681248695,330545.163977700473149722064835,66.109032795540094629944412967,4400.786017621281,4406.743776156446,2131.360845,1913.347384,9099.670677405053,1957.3559651422386,3.326352848161152e-06,0.0,6.659734912305984e-19,
19453,87066706,1680825295,16619371.051886555,36687.6776639209432262097528675,7.3375355327841886452419505735,4210.803015168721,4185.110959691214,2086.302947,1871.96,8676.14552329612,1915.5247001404323,3.955612670911122e-07,0.0,6.921616796550698e-19,
19454,87438578,1680911243,16585735.61263378,8557.143670543501505802574643,1.7114287341087003011605149286,4208.900263310054,4193.764407581966,2080.617081,1866.73,8682.522644615097,1910.2438647735928,9.244017096725132e-08,0.0,6.956831162040346e-19,
19455,87856879,1680998335,16517606.50904877,19597.1771230452681163121080955,3.9194354246090536232624216191,4217.980750792224,4220.821499752929,2064.902704,1849.85,8718.844783329196,1894.471907635188,2.1242508097535555e-07,0.0,6.667949120140906e-19,
19456,88331672,1681084468,16577380.905528128,262573.280250946166249289617468,52.5146560501892332498579234936,4316.565271517425,4107.1994090494245,2072.423802,1858.11,8715.206090820031,1902.1215026675668,2.8402159986189093e-06,0.0,6.510241867703793e-19,
19457,88761452,1681167365,17983140.042816103,725036.942508648375887746469996,145.0073885017296751775492939992,4608.410937023115,4298.525709775106,2122.823394,1907.7,9219.92946746723,1950.4639494553726,7.227316442018935e-06,0.0,6.205639394491245e-19,
19458,89178175,1681248794,17856767.992383048,43558.360753826923092304137427,8.7116721507653846184608274854,4619.163976866483,4267.911171779236,2113.801882,1896.19,9201.70855251189,1940.5926508624852,4.3669035510170546e-07,0.0,6.184590829144549e-19,
19459,89651079,1681341972,18168168.760534972,43362.334555761645009638608291,8.6724669111523290019277216582,4641.644901076561,4271.547635484643,2141.17249,1926.61,9229.735111614184,1968.438805754367,4.280284697987278e-07,0.0,5.810067600015206e-19,
19460,90045114,1681428525,18940405.080578562,153930.0383890976909965736001175,30.7860076778195381993147200235,4602.106421050362,4300.054338291468,2238.84478,2008.58,9214.505699521498,2055.498764471123,1.455463343313992e-06,0.0,0.0,5.820242958506563e-19
19461,90487236,1681516440,19222571.941288084,381334.227212472695066070631695,76.266845442494539013214126339,4317.398675079249,4326.22961428723,2346.146151,2101.905,8929.817718305912,2152.6275840863213,3.5501640193589094e-06,0.0,6.353335449662745e-19,6.138340031698156e-19
19462,90906984,1681603194,19189576.940343894,92362.512929825218252448782867,18.4725025859650436504897565734,4337.832564193087,4321.9527524546875,2337.964493,2093.47,8947.900021921087,2144.5900036133785,8.608225171590076e-07,0.0,6.512419637427472e-19,6.037105061417914e-19
19463,91307200,1681688980,19555461.360002194,174202.59429660411440219980809,34.840518859320822880439961618,4350.463217831523,4382.136036832,2363.795751,2115.83,9020.404930110104,2167.9139142330605,1.593318926467714e-06,0.0,6.315346188337511e-19,6.040841898459391e-19
19464,91693541,1681774827,19285041.033540256,14928.4949700599672654264473445,2.9856989940119934530852894689,4364.544167403689,4406.7461008750315,2320.108011,2078.365065,9059.774318171636,2128.644749445833,1.384989677414715e-07,0.0,6.22040251174129e-19,5.964278436915087e-19
19465,92031200,1681857631,19484964.28423716,25402.3704643360794910208151275,5.0804740928672158982041630255,4361.7203045888955,4436.3754744096,2338.30327,2093.1365,9085.608357079303,2144.5965441659073,2.33617860628993e-07,0.0,6.388989650739931e-19,0.0
19466,92389896,1681948353,18127582.973420464,111232.3382624122196909032574645,22.2464676524824439381806514929,4309.285550078316,4540.015389490253,2167.301395,1935.69,9129.530275805833,1985.5986480991655,1.0959865976280905e-06,0.0,8.867568808626739e-19,0.0
19467,92681982,1682032980,17778507.544804852,93562.211200279892420361674532,18.7124422400559784840723349064,4280.936027248848,4362.331815040447,2172.846777,1943.1556,8925.227839460787,1991.9387902011172,9.400414497312908e-07,0.0,8.536316686438021e-19,5.474647493810179e-19
19468,93024328,1682120923,16806580.723197177,69851.896237982697588241846436,13.9703792475965395176483692872,4261.083130828149,4327.66146226844,2066.64891,1848.67,8869.73238101104,1894.8238798250457,7.419612206340195e-07,0.0,8.451920901919685e-19,5.501125358165523e-19
19469,93338294,1682203880,17301403.95492968,126161.566837390485789714569352,25.2323133674780971579429138704,4227.043353450091,4493.038239773958,2098.60437,1876.35,8993.871853217566,1923.6880664182563,1.3052459023587063e-06,0.0,8.200019124625143e-19,5.416960104151919e-19
19470,93664231,1682293880,17178440.38801968,35309.3271750369207593918956155,7.0618654350073841518783791231,4244.710763888295,4479.012773786412,2081.282611,1862.91,8999.465520588381,1908.828957533087,3.674493772256308e-07,0.0,7.868454344017432e-19,5.396794252663665e-19
19471,93952398,1682377526,17295588.343764625,55277.448141357296287373168238,11.0554896282714592574746336476,4296.388545645687,4591.802259640828,2059.073628,1840.02,9165.801981184592,1886.9694522387376,5.708621586326333e-07,0.0,8.013637415932961e-19,5.5396888004939935e-19
19472,94253276,1682465535,17572155.006535783,125949.1456004998215781449722045,25.1898291200999643156289944409,4355.743114204817,4531.057687625745,2089.909697,1869.11,9171.324981154405,1915.9886976684102,1.2806471156358464e-06,0.0,5.861917245618407e-19,5.456466967740264e-19
19473,94577978,1682553029,17835613.736797675,137872.099543896144242453364324,27.5744199087792288484906728648,4421.144879138741,4627.718736127266,2083.685701,1863.41,9336.913800635588,1910.2258109723107,1.3811054658426807e-06,0.0,5.593598513524399e-19,5.26474026232569e-19
19474,94863675,1682638586,18309434.880039863,60437.144143837284279714020844,12.0874288287674568559428041688,4444.687661805163,4617.096276950356,2137.339393,1908.0453,9352.236106803452,1957.7601197130105,5.889862801512632e-07,0.0,5.478183017319945e-19,2.629525342282916e-19
19475,95113458,1682724370,18224393.217591465,41847.170266610187531436918207,8.3694340533220375062873836414,4461.488495837658,4620.081518462644,2122.233943,1895.22,9373.474442634353,1944.2516570696084,4.104707328337681e-07,0.0,5.39666775921911e-19,2.6107019694856644e-19
19476,95357420,1682810976,18341665.387211446,150997.778280670353615702179012,30.1995556561340707231404358024,4546.990734836134,4547.8770770298215,2129.982076,1903.45,9396.333047243224,1952.0024774550407,1.469980895730281e-06,0.0,5.441847707040327e-19,2.5913977143693122e-19
19477,95589502,1682893169,18213305.56946107,64559.6658718791832885416927645,12.9119331743758366577083385529,4510.384171479834,4564.852579821002,2120.198539,1895.0,9372.941131112311,1943.1793409012535,6.32526772762427e-07,0.0,5.530298973743345e-19,2.5728319999079237e-19
19478,95769416,1682983382,17296806.292343263,101141.242521832781781329563208,20.2282485043665563562659126416,4461.782947576454,4454.376882580976,2049.694673,1830.000866,9212.150431523978,1877.6078854676095,1.0434890684183381e-06,0.0,5.505979741628187e-19,2.56115421705387e-19
19479,95922465,1683062675,17787679.593552645,13807.0116927107817614579753955,2.7614023385421563522915950791,4462.702237204262,4502.96676263589,2095.748101,1873.205,9260.529820168373,1920.8058220182086,1.385783167726553e-07,0.0,1.1421178067639439e-18,2.5365558647017375e-19
19480,96215680,1683157522,18129969.24741364,19672.3233580609982485840930765,3.9344646716121996497168186153,4474.166093804761,4506.30211947442,2133.780251,1904.6841,9276.287918612947,1954.442273297243,1.9334459579834872e-07,0.0,1.1247564250022498e-18,2.495142461362043e-19
19481,96421494,1683240796,17854646.569836497,63081.0040561156880093267938685,12.6162008112231376018653587737,4445.0973068764115,4548.956849535791,2098.213382,1874.69,9286.127087445713,1922.7226164043036,6.305378798294295e-07,0.0,1.0821843198231828e-18,2.4403691486564477e-19
19482,96572917,1683328910,19045852.313571714,107291.090958800551960870768751,21.4582181917601103921741537502,4473.9587601695885,4559.332056381589,2224.99686,1994.0,9327.732412745094,2041.8523464018022,1.0052040235909046e-06,0.0,9.735362712326426e-19,2.3902385052020733e-19
19483,96689745,1683399342,18234868.225176238,31996.2397844501795854852556755,6.3992479568900359170970511351,4474.827903135788,4569.010725054951,2130.576692,1904.33,9338.11031016527,1952.7364337649926,3.1257696035217374e-07,0.0,9.640195011218541e-19,2.261540761755831e-19
19484,96834492,1683503766,19541392.189113963,1019821.295789304820021505074371,203.9642591578609640043010148742,4824.787365442001,4999.570555159491,2106.123464,1876.12,10139.579597312333,1927.238896008444,9.12893194396978e-06,0.0,9.019369394475017e-19,2.102505199516986e-19
19485,96983778,1683590318,19351745.651905257,24957.194072160197587422442213,4.9914388144320395174844884426,4827.270995411308,5058.0243632005695,2072.918601,1847.6,10199.229448479791,1897.3733015477617,2.3006089304214377e-07,0.0,8.322309474423403e-19,2.048245969243711e-19
19486,97145717,1683674526,19698130.321695864,343020.035042486010102884435071,68.6040070084972020205768870142,4766.538607116481,5311.615170624812,2073.258249,1848.0,10379.757446673597,1897.7447616570778,3.1027362288587157e-06,0.0,0.0,2.1601912900274495e-19
19487,97326036,1683761856,19643540.642626964,29904.037990595806481239167023,5.9808075981191612962478334046,4757.771701640672,5327.097342460449,2067.69756,1840.76,10385.239716915547,1891.4864921828848,2.693920544794277e-07,0.0,7.9212709186082385e-19,2.126603997330348e-19
19488,97536991,1683849589,19065613.671249777,40323.318428478476684021622214,8.0646636856956953368043244428,4757.688210236777,5264.320572913007,2019.667142,1796.369919,10324.034673114298,1846.7211971788677,3.786901330775238e-07,0.0,7.30399473555889e-19,1.9971601262661454e-19
19489,97817664,1683934800,18836292.01021733,218114.64743273972559249349225,43.62292948654794511849869845,4704.035142245146,5148.537167470997,2026.608042,1806.932,10152.642251685249,1855.3093414761731,2.0628804622692525e-06,0.0,8.081565417638988e-19,2.2714592691238275e-19
19490,98064586,1684021931,18861463.52697584,34764.8442530649709389779527155,6.9529688506129941877955905431,4727.244609306585,5185.9225004987475,2019.350105,1796.3056,10214.387042630246,1846.5585304587144,3.279599739947804e-07,0.0,7.963193205292828e-19,2.2454714713170546e-19
19491,98310004,1684106924,19136731.125888065,17951.555026401991705680722893,3.5903110052803983411361445786,4787.05774200112,5261.652772134406,2021.220796,1798.11,10353.457039216693,1848.3421579287185,1.6690850988767544e-07,0.0,7.797632605380239e-19,2.2618205408708025e-19
19492,98566330,1684193054,19235581.63544222,121808.013358083586500506782412,24.3616026716167173001013564824,4667.3335580081375,5308.08105339846,2048.701175,1822.430704,10267.681366426157,1873.4104564580477,1.1264032356815518e-06,0.0,7.868965352270021e-19,2.471591496013676e-19
19493,98890610,1684277893,18642771.650528073,32987.7371439285468856276284715,6.5975474287857093771255256943,4555.199374913461,5091.963781713094,2052.932372,1824.69,9934.811432116308,1876.5098641189609,3.146510580225494e-07,0.0,9.232954620919217e-19,2.6688834086428143e-19
19494,99229615,1684365631,18782203.89824099,307796.10522446931161053700948,61.559221044893862322107401896,4524.424402008873,5219.035885442511,2049.862848,1821.74536,10024.701427434524,1873.5923492783413,2.9137103753434483e-06,0.0,1.0181499328765467e-18,2.747999581143805e-19
19495,99625588,1684452887,18562045.892046735,62511.122279042343236975364117,12.5022244558084686473950728234,4528.0836214369165,5175.450295333876,2035.117597,1806.0,9986.305255824298,1858.7500999151634,6.003608342512102e-07,0.0,9.937683890522685e-19,2.584849581434942e-19
19496,99836571,1684540132,18596232.299332812,57965.666980242811860421120513,11.5931333960485623720842241026,4558.002481804208,5126.875488094347,2039.918599,1813.6345,9971.78967657923,1864.8841283736494,5.542424767113481e-07,0.0,9.40785269175291e-19,2.642138629783166e-19
19497,100056078,1684626780,18688878.212752134,76538.784499900576025453568063,15.3077568999801152050907136126,4532.647260738206,5171.794939032363,2047.75371,1818.93,9987.723372144199,1871.1850054713661,7.278196983297251e-07,0.0,9.497207280203202e-19,2.577467189579315e-19
19498,100315535,1684710642,18567739.748551883,35215.9373489703589023597948255,7.0431874697940717804719589651,4548.287186130661,5158.036773146384,2032.708777,1807.353626,9991.453268683623,1858.362267153774,3.372062730379541e-07,0.0,9.289155861572854e-19,2.5075217171427317e-19
19499,100577178,1684798516,18680116.10404849,68536.473235973746495806325788,13.7072946471947492991612651576,4565.974057341,5132.59910511947,2047.177022,1818.33,9986.063607715025,1870.6185778364782,6.519343741082324e-07,0.0,9.02817728241408e-19,2.467957209225113e-19
19500,100881995,1684885102,19066486.40509768,75769.641309935589851796708734,15.1539282619871179703593417468,4560.646648824556,5142.751319093223,2086.588203,1857.04,9990.09342175533,1908.5393499500992,7.0678957618181e-07,0.0,9.053194455862672e-19,2.403597119000843e-19
19501,101206947,1684971159,19241179.339852877,29270.418961033475973526397466,5.8540837922066951947052794932,4729.221584990157,5354.504901947644,2028.124728,1802.17,10380.412012509545,1853.6045887836751,2.7032796690571755e-07,0.0,8.53735488728674e-19,2.367310576078757e-19
19502,101518822,1685053720,19200637.07207134,45638.8510389562318433382066695,9.1277702077912463686676413339,4756.842985916652,5270.113336695122,2034.442652,1807.003418,10328.582811930832,1858.980793559805,4.22273337791883e-07,0.0,8.70794967091777e-19,2.4029210559231524e-19
19503,101852112,1685142697,19620976.944587387,28669.343144515240231354630363,5.7338686289030480462709260726,4792.170673345525,5345.267899110028,2055.573372,1827.844497,10440.291535555532,1879.3514412663715,2.597064843882276e-07,0.0,8.492602885475516e-19,2.321210983833626e-19
19504,102160240,1685229753,19648166.61149289,36943.481479189268414004522123,7.3886962958378536828009044246,4811.133085622444,5317.392303540063,2060.328751,1830.907,10433.936061088798,1883.1020715918182,3.340665675012123e-07,0.0,8.397956154088482e-19,2.2764812735394077e-19
19505,102451013,1685316630,20859091.178159524,56748.1612331369860115418816805,11.3496322466273972023083763361,4911.282879485201,5384.297560923964,2151.136367,1911.9025,10608.558870786928,1966.2511592974008,4.833721038927196e-07,0.0,8.292124949644293e-19,2.291321881464917e-19
19506,102736095,1685400734,20633253.903292567,16477.3857064747501242977914595,3.2954771412949500248595582919,4898.920124727011,5394.019488919513,2129.477093,1891.19,10604.47561901827,1945.7118526717618,1.4169328873465492e-07,0.0,0.0,2.320144333481151e-19
19507,103059077,1685490274,20485447.479656555,35776.7934669321873828609409005,7.1553586933864374765721881801,4886.638390161201,5280.913348270146,2139.331889,1899.54,10481.064007664501,1954.519833547065,3.1012601597858514e-07,0.0,6.477440043610659e-19,2.400671582516983e-19
19508,103402980,1685574987,19922842.946587224,513539.1714851194300365710313345,102.7078342970238860073142062669,4766.134283464097,5286.806256710831,2106.164882,1869.6691,10354.852774790976,1924.0102568227378,4.576160075202806e-06,0.0,6.318837260098768e-19,2.3824455139522095e-19
19509,103682055,1685661609,19907902.945584074,42345.7304417364099227206104025,8.4691460883472819845441220805,4753.300886131577,5312.705512103461,2103.16955,1865.51,10365.96763340089,1920.5059913015227,3.7745269122117513e-07,0.0,6.41762148181964e-19,2.3566224698047846e-19
19510,103989651,1685747040,20352016.936655484,154670.877841981300668913745448,30.9341755683962601337827490896,4715.513834098156,5360.013876037997,2148.608299,1906.753418,10370.55068142886,1962.4817969503788,1.3488315969988496e-06,0.0,6.536201144848531e-19,2.5412654235807083e-19
19511,104327531,1685835405,18671313.250490487,123598.0501796362291514667129485,24.7196100359272458302933425897,4407.802693737781,4908.493963827728,2130.332978,1890.85,9594.946129744161,1945.9529004138699,1.1751379981836263e-06,0.0,7.33918136362259e-19,2.774649164622976e-19
19512,104656632,1685922034,18725480.33637169,10301.192330332593805142975037,2.0602384660665187610285950074,4428.270172571402,4912.384598977806,2130.799009,1891.082926,9621.131115870312,1946.2867838359994,9.762892170724478e-08,0.0,7.3873870009423595e-19,2.7935411042889893e-19
19513,104992925,1686008422,17974991.53038387,31057.8725183812409584111105205,6.2115745036762481916822221041,4414.818355554075,4927.959122636556,2044.722098,1815.744542,9621.530540397831,1868.2050069801721,3.067104399807189e-07,0.0,6.926417272173462e-19,2.662767590055857e-19
19514,105247701,1686094179,18622808.189707812,22915.4179354135898648938418905,4.5830835870827179729787683781,4406.66442545484,4932.30962698309,2117.570357,1883.78,9616.825052024618,1936.4819562551131,2.2357971976916598e-07,0.0,0.0,2.9451570466378227e-19
19515,105291783,1686182343,18196600.42697598,1644665.472775233874718376382384,328.9330945550467749436752764768,4414.548308279625,4961.643100577731,2064.55607,1830.546401,9653.776862688394,1884.9203462849225,1.6053273819289346e-05,0.0,6.970650644613718e-19,2.8721587586575236e-19
19516,105334442,1686267661,18682119.474000126,85730.83935720724032075529889,17.146167871441448064151059778,4537.338833290019,4999.347710303541,2082.437426,1846.92,9824.83974563321,1901.5190026182015,8.13939111319749e-07,0.0,6.767059006872551e-19,2.6639461210576484e-19
19517,105377983,1686354743,18577072.508048393,182828.3012554692451701163613185,36.5656602510938490340232722637,4597.569778756124,4929.370813349528,2070.743733,1837.29,9822.772933170821,1891.2248745275288,1.7458533617225039e-06,0.0,6.581904189894685e-19,2.669390918158362e-19
19518,105420816,1686440409,17572394.747313663,991386.4067777738250223506117345,198.2772813555547650044701223469,4595.02360176035,4845.715962691888,1975.699905,1752.89,9738.567017655325,1804.4127760743618,1.0007339605187538e-05,0.0,5.762607168563069e-19,2.4162789460024927e-19
19519,105464151,1686527079,17541697.32715855,163730.649560335495226358973564,32.7461299120670990452717947128,4630.465501714761,4785.449116986632,1976.831993,1752.822938,9718.766071745424,1804.9305022533774,1.655716034266506e-06,0.0,5.708221627316541e-19,2.362514858878751e-19
19520,105507574,1686613925,17374191.51699466,168511.253881307086476538949853,33.7022507762614172953077899706,4657.631571887057,4727.402439858548,1961.157159,1742.9961,9692.051236314961,1792.6227475867681,1.7212998204375712e-06,0.0,6.015806991095171e-19,2.3576571968640857e-19
19521,105550723,1686700223,17279348.901482876,211763.8021819847497279337610215,42.3527604363969499455867522043,4603.210317346997,4765.21008518547,1956.391887,1736.2646,9669.211480295564,1787.04839962345,2.172658085622116e-06,0.0,6.9516214274729e-19,2.3576040833864387e-19
19522,105594173,1686787123,16446511.962073695,75050.7489457176489768021274745,15.0101497891435297953604254949,4576.395686468158,4806.489847827867,1859.444825,1651.3,9679.958168431333,1699.0271730418958,8.084647087791997e-07,0.0,6.909810478359341e-19,2.374177426997478e-19
19523,105637296,1686873369,16496195.345398322,148865.8115256116553260138270075,29.7731623051223310652027654015,4582.190793791449,4762.208506759226,1872.991601,1661.79,9643.251078437006,1710.6466700099706,1.6003152456896854e-06,0.0,7.024624100071005e-19,2.3306670079761915e-19
19524,105679680,1686958137,17086254.09443851,344542.162090393842810269223254,68.9084324180787685620538446508,4493.273839245031,4876.191278501515,1937.621499,1718.552375,9656.574465135101,1769.3908079027547,3.574960015356084e-06,0.0,6.946885709524648e-19,2.3477102232835543e-19
19525,105723699,1687046175,17374119.35304072,110008.02160219774821864006843,22.001604320439549643728013686,4502.981415788451,4970.721821270388,1950.324814,1728.49,9758.989109020356,1780.3195760287922,1.1221265668662424e-06,0.0,6.838249115240622e-19,2.3753563433943936e-19
19526,105766133,1687131043,17404868.04495776,216412.41547535063899411004091,43.282483095070127798822008182,4611.445430112916,4921.490274639467,1938.527249,1720.1,9829.947372477453,1770.5962591101027,2.20472720491928e-06,0.0,6.612377349158775e-19,2.284827080180514e-19
19527,105809776,1687218329,17579313.7697867,46534.5083706187803857835918735,9.3069016741237560771567183747,4619.404288622871,4925.78040023312,1957.331239,1733.250116,9842.823450074527,1786.003158438608,4.6888430891606704e-07,0.0,6.731058640615535e-19,2.275582788871292e-19
19528,105853329,1687305435,18150146.302423727,46721.780946487517814845027972,9.3443561892975035629690055944,4599.1037270023235,4956.264012906483,2018.467667,1789.05,9850.18685752311,1842.6194918892832,4.5517285561131585e-07,0.0,6.694900262345909e-19,2.3126431869300523e-19
19529,105896518,1687391813,19180874.257106192,225964.4665686263465592052826765,45.1928933137252693118410565353,4490.748807607559,5065.704175762507,2137.030217,1891.94,9837.690280793904,1949.7334953259262,2.0811551940262855e-06,0.0,6.896506086694542e-19,2.325333474529381e-19
19530,105938966,1687476709,18920266.50078044,3418.7977823202240138355691885,0.6837595564640448027671138377,4490.430102493592,5023.771792576501,2115.946548,1874.837635,9796.637581656842,1931.3020761538246,3.20313092049674e-08,0.0,6.575665622980097e-19,0.0
19531,105981778,1687562333,18902439.16115883,12717.0032902271559761361974775,2.5434006580454311952272394955,4472.81917236547,4953.355743872473,2134.035275,1889.08,9708.9899404899,1946.9006845221886,1.1901428160089877e-07,0.0,6.722565204814118e-19,0.0
19532,106025437,1687649651,18647248.8210354,11788.0480988094391237105367805,2.3576096197618878247421073561,4462.725470881572,4897.453151565915,2119.814589,1875.893036,9643.662681361211,1933.6272365763964,1.1192851649428332e-07,0.0,6.419241407533269e-19,0.0
19533,106069177,1687737131,18796083.03064659,156053.753542548081782012225132,31.2107507085096163564024450264,4384.408536688991,4939.898497347434,2146.608734,1899.73,9599.01103136904,1958.1270371731027,1.469573155773648e-06,0.0,6.542835201903011e-19,0.0
19534,106111302,1687821381,18353637.39232508,101626.8166951489177004040648115,20.3253633390297835400808129623,4346.4633402217505,4978.014884580104,2097.815963,1855.269104,9594.382094838631,1912.9566876639774,9.797904050638567e-07,0.0,6.359248291274915e-19,0.0
19535,106153976,1687906729,18661364.422065057,13745.4619697637372746662036755,2.7490923939527474549332407351,4348.950263959967,4951.365046693411,2138.001521,1891.0547,9571.25069663203,1949.73102403761,1.305041313648851e-07,0.0,0.0,0.0
19536,106191551,1687981879,17587830.295036677,93077.011424145500392283962397,18.6154022848291000784567924794,4294.83390586791,4794.037333259567,2058.679022,1824.38,9359.258853786388,1879.1904967903877,9.373417657848173e-07,0.0,0.0,0.0
19537,106242209,1688083195,17089508.733783334,198204.0032349622995063303162745,39.6408006469924599012660632549,4150.039345917972,4527.641007618913,2094.907678,1854.29,8942.00999852914,1911.1484707123304,2.051698232488073e-06,0.0,0.0,0.0
19538,106285095,1688168967,17239732.999395758,338988.13409279338526544099186,67.797626818558677053088198372,3890.7080478701555,4504.422671116868,2194.007457,1932.21,8635.135742424944,1996.463462027112,3.500977725509548e-06,0.0,0.0,0.0
19539,106328455,1688255687,16597156.733245362,41383.5879496412252680495514105,8.2767175899282450536099102821,3855.8351856997856,4276.1325696973145,2171.988852,1922.841624,8375.445983633694,1981.6445316079362,4.4130825156087253e-07,0.0,0.0,0.0
19540,106369511,1688337799,16437280.880793694,85045.79766318400292127254246,17.009159532636800584254508492,3829.6073051659,4191.479296765502,2180.158506,1929.66,8264.549458383637,1988.8901341281903,9.208229654099461e-07,0.0,0.0,0.0
19541,106413054,1688424885,16574792.419467315,175007.4132871978769006263446,35.00148265743957538012526892,3746.9475515460977,4238.549864353565,2210.974478,1955.948916,8219.562479456597,2016.5054357690203,1.8671448321641161e-06,0.0,7.668751464283901e-19,0.0
19542,106455364,1688509505,16383380.171440832,9873.225248368042418024962414,1.9746450496736084836049924828,3742.8716027631785,4209.391409456767,2194.068089,1941.198675,8186.807726364264,2001.192738248983,1.0664895907472396e-07,0.0,7.546463455742468e-19,0.0
19543,106497055,1688592887,16123771.135474008,27628.140192572041906325205691,5.5256280385144083812650411382,3743.762664265962,4206.833977464155,2160.32676,1910.23,8185.301406573248,1969.8445218554482,3.032222825052036e-07,0.0,7.260196182027759e-19,0.0
19544,106543769,1688686315,15707358.943367753,181635.8557721509332279377244725,36.3271711544301866455875448945,3698.5485492551347,4266.655670149583,2103.74774,1857.788958,8193.702978004934,1917.003702176217,2.035713145105103e-06,0.0,7.240054793535665e-19,0.0
19545,106584909,1688768595,15500304.972483378,28988.737266559886990938671399,5.7977474533119773981877342798,3642.302416214704,4172.184667205546,2114.373128,1869.3129,8040.404516233416,1927.8016350033847,3.3067684115298407e-07,0.0,7.491220822030452e-19,0.0
19546,106630734,1688860245,15436884.24470682,89226.6800615835283501572534455,17.8453360123167056700314506891,3694.9442137527703,4111.786504120793,2104.789094,1862.89,8039.564983398127,1920.1143689471153,1.021987152935087e-06,0.0,7.499221125361557e-19,0.0
19547,106673598,1688945973,14665495.746881433,279069.925748469058968691951803,55.8139851496938117937383903606,3569.705749484406,3828.903333797225,2106.915518,1865.92,7627.798267935789,1922.638123313946,3.3612462549933773e-06,0.0,7.937886748722918e-19,0.0
19548,106716827,1689032431,14716173.811517928,289802.361330617048314353276232,57.9604722661234096628706552464,3474.9812100171152,3897.460745897677,2125.889941,1880.39,7590.378092741659,1938.7932500477611,3.480395986431855e-06,0.0,0.0,0.0
19549,106758319,1689115415,14358230.966587197,161365.504422737621981787076276,32.2731008845475243963574152552,3365.7700057365496,3845.5867323730645,2122.667375,1875.87,7420.265511851553,1935.002318131934,1.9862958696776366e-06,0.0,0.0,0.0
19550,106799956,1689198689,13792789.22871668,300015.2174088042540001193217765,60.0030434817608508000238643553,3327.2905465643867,3620.481276081176,2113.695791,1867.13,7159.763658019546,1926.4307996071325,3.808795349849562e-06,0.0,0.0,0.0
19551,106846559,1689291895,14736846.295698106,84805.2616531626704027631175365,16.9610523306325340805526235073,3364.745013826663,3575.9934888391617,2250.477911,2003.516502,7157.678767492939,2058.88623594376,1.018199018438257e-06,0.0,0.0,0.0
19552,106889971,1689378719,14160086.659869125,68767.2131666279934494426992335,13.7534426333255986898885398467,3307.2600535941647,3587.8004171956068,2182.329257,1935.045286,7106.080751900966,1992.671791139036,8.612140802014353e-07,0.0,0.0,0.0
19553,106932581,1689463939,14064365.961023293,45845.4383136868949252058126295,9.1690876627373789850411625259,3294.502274753869,3558.8498949791606,2185.280412,1928.981237,7064.007874937696,1990.989564284332,5.742649666623033e-07,0.0,0.0,0.0
19554,106976079,1689550935,12512224.128287854,13593.0300985507970145139292685,2.7186060197101594029027858537,2938.817292472831,3167.0965919862406,2187.331703,1921.02,6294.05210598304,1987.9441602324684,1.924278920517123e-07,0.0,0.0,0.0
19555,107019752,1689638281,12353453.97146472,5599.83927069755731296007647,1.119967854139511462592015294,2933.262321700044,3137.845652623205,2164.294046,1913.737149,6259.593760676931,1973.523273837627,8.104346068804345e-08,0.0,0.0,0.0
19556,107062107,1689722991,12239113.932320433,35408.621237873831774215845229,7.0817242475747663548431690458,2917.0903581912153,3146.817576876864,2146.546812,1899.52,6250.550840919044,1958.0856541790588,5.113408756321013e-07,0.0,0.0,0.0
19557,107105431,1689809639,12034964.599294275,98128.3202019136005141243042065,19.6256640403827201028248608413,2871.3978922433607,3116.9013378933314,2140.035632,1889.72,6171.408990556795,1950.1161918955008,1.4395262077735243e-06,0.0,0.0,0.0
19558,107147511,1689893799,11866186.761492845,68564.314704097198740801392514,13.7128629408194397481602785028,2789.955254291455,3102.94773916076,2144.462273,1896.0142,6068.5208026880055,1955.3672381310462,1.021262739419033e-06,0.0,0.0,0.0
19559,107192182,1689983141,11886252.192780098,40899.6380586642493178580160785,8.1799276117328498635716032157,2816.1823695880453,3089.896112278225,2144.423369,1892.35,6084.64783347052,1953.4823572526298,6.052789707575034e-07,0.0,0.0,0.0
19560,107235241,1690069259,11620136.44041208,79558.9003855749830930606401805,15.9117800771149966186121280361,2776.6878222898176,3099.4117651874035,2111.058295,1857.8966,6050.519593676854,1920.5187687609177,1.190691398922418e-06,0.0,0.0,0.0
19561,107278714,1690156205,11637252.393193483,81127.8053663596848822460954985,16.2255610732719369764492190997,2734.973871194582,3071.5223460523484,2135.180113,1887.53,5977.699490937633,1946.7777546924028,1.2282331883114503e-06,0.0,0.0,0.0
19562,107322158,1690243093,10794488.911511071,304881.1599654687566217177846985,60.9762319930937513243435569397,2568.929863038561,2926.4602778776343,2093.737373,1850.64,5654.846003952548,1908.891754782727,4.98879442884971e-06,0.0,0.0,0.0
19563,107347212,1690293201,10846177.587182945,2542.9361691872912811884649895,0.5085872338374582562376929979,2570.336699358372,2929.254253381633,2102.449842,1857.87,5659.096377918952,1916.591777709123,4.1412943203329e-08,0.0,0.0,0.0
