day,blockNumber,timestamp,totalValueLockedUSD,dailyVolumeUSD,dailyTotalRevenueUSD,dailySupplySideRevenueUSD,dailyLPFeeROIAverage,token0PriceUSD,token1PriceUSD,token0Balance,token1Balance,token0BalanceUSD,token1BalanceUSD
19225,15384250,1661088784,323.5565808719687321594201358347503,0,0,0,0.0,1704.6282821281823,1619.399112809888,0.08658987412144872,0.10865328448483864,147.60354837334066,175.95303249862806
19230,15417878,1661551494,310.804003506357532861601810046832,0,0,0,0.0,1635.9404402866476,1556.1323983567186,0.061726752230655324,0.13483602905912634,100.98129022168307,209.82271328467448
19231,15421151,1661597556,300.7772056733630572987816824489746,0,0,0,0.0,1583.3460414880287,1506.3778101247653,0.09131112737224212,0.10369250831687243,144.57711206864874,156.2000936047143
19232,15428024,1661692447,293.8499024610166544445711444672129,0,0,0,0.0,1546.6718570107375,1471.9442118252523,0.10053898836102304,0.09399070801680419,155.5008238303244,138.34907863069225
19233,15435531,1661795676,307.1984466693742482071894651206324,0,0,0,0.0,1617.5773011590504,1538.125520115772,0.09938600585009111,0.09520282814265021,160.76454711596796,146.4338995534063
19234,15441640,1661880397,295.9820633499075216762193799426134,0,0,0,0.0,1560.5155773296274,1480.2573213297621,0.08987722314644146,0.10520282814265021,140.25480676715281,155.7272565827547
19235,15449550,1661989437,309.4870152912830354565567776045544,0,0,0,0.0,1630.9988065358589,1548.3928117461492,0.05087295910637945,0.1462892865334267,82.97373558745244,226.5132797038306
19236,15450487,1662002343,311.5532819412615052944094227891143,0,0,0,0.0,1641.2787369466912,1559.1772730159312,0.06973588319388292,0.1264110650302748,114.45602228831815,197.09725965294336
19237,15460801,1662144267,3330.992138701537726596942965460089,0,0,0,0.0,1663.7045418947748,1584.288800539586,1.088018339870723,0.9599582377126085,1810.141053707735,1520.851084993803
19238,15464764,1662199889,3259.930906132675032594207643714476,0,0,0,0.0,1628.0494572638422,1550.8023494061877,1.1532636536665493,0.8913841542915182,1877.5702654339411,1382.360640698734
19239,15469920,1662270691,3264.311412959597400100912398109414,0,0,0,0.0,1630.5088430520632,1552.540761389399,1.18312519212189,0.8600194970547986,1929.0960881924125,1335.215324767185
19240,15476393,1662361019,3291.525056918589229086530280428929,0,0,0,0.0,1643.824757839508,1565.8680111506762,1.1923728568273888,0.8503098759335875,1960.0520226286844,1331.4730342899047
19241,15486427,1662499637,3294.90408631902509713146564601031,0,0,0,0.0,1639.9935674531862,1583.8779813788774,1.8547349286457564,0.15982969457587565,3041.7533523097845,253.1507340092404
19242,15491021,1662563606,3224.853843886665940596117493283063,0,0,0,0.0,1605.7733257681675,1545.8926187875197,1.621888696702194,0.4013656769019529,2604.3856065292803,620.4682373573855
19243,15499172,1662675919,3428.80804872846662132830829092678,0,0,0,0.0,1709.5431611973402,1636.1069122949748,1.4094344782657233,0.6230148944385027,2409.4890734749083,1019.3189752535582
19244,15505313,1662763157,3612.644888352249314774321450396179,0,0,0,0.0,1805.3503843374124,1716.3464526451444,1.2291375233360524,0.8119695100288148,2219.0239001582772,1393.6209881939722
19245,15509404,1662821937,3619.974648938071397624738134475502,0,0,0,0.0,1809.806011952417,1719.142721977598,0.9857177476569726,1.0679838966646376,1783.9579057977844,1836.016743140287
19246,15516545,1662924162,352.0748181364680267461788132563952,0,0,0,0.0,1861.1141999494978,1759.5787581547454,0.020949560359749788,0.17793195809920348,38.98952426822944,313.0852938682386
19248,15528890,1663100199,322.4095675116488901252683732848605,0,0,0,0.0,1695.1967342976266,1613.1295322230214,0.03961640995515824,0.15823401260239223,67.15760878058025,255.25195873106864
19249,15535498,1663195995,328.4136932566485791965467955396312,0,0,0,0.0,1730.9662782168914,1642.1414414088295,0.04486721879412731,0.15269698711915525,77.66364273001352,250.75005052663505
19250,15538167,1663233587,320.9338106828252568830843076111351,0,0,0,0.0,1710.875527893138,1603.3014525326575,0.0070036955585966445,0.19269698711915526,11.98245133601686,308.9513593468084
19251,15546060,1663329899,295.7509037446907459011781052617331,0,0,0,0.0,1584.5714494473666,1477.246018801576,0.006648812580210092,0.19307236677391487,10.53551858732739,285.21538515736336
19257,15590684,1663871471,257.5605653260433302904523079545678,0,0,0,0.0,1389.362817812957,1286.8237133789085,0.002107416174037589,0.1978768319271722,2.927965673865466,254.63259965217787
19263,15635237,1664409107,267.8973664769389784803555507017167,0,0,0,0.0,1455.646221029888,1338.554927912188,0.001107416197016623,0.19893495195597483,1.6120062022945372,266.28536027464446
19264,15639948,1664465963,265.7504099537464974837202849459972,0,0,0,0.0,1443.6614452690733,1328.0116874943756,0.00016240443239224202,0.19993495195597483,0.2344570175854876,265.515952936161
19265,15649186,1664577491,264.6945151858166131639251875252569,0,0,0,0.0,1436.7641127613301,1322.7535837392024,6.790649354697e-05,0.20003495195597484,0.09756561295174535,264.59694957286484
19282,15765622,1665983015,260.623988513768360130234874457284,0,0,0,0.0,1415.0311466080768,1302.4118068974283,6.832449632030001e-05,0.20003450970244216,0.09668129036953345,260.52730722339885
19289,15821127,1666653083,269.2698136503893886906074261480409,0,0,0,0.0,1465.3356837931854,1345.6162927454077,6.8323551343829e-05,0.20003451070244216,0.10011693782758847,269.1696967125618
19291,15834048,1666808987,313.1649882581631028366089176557289,0,0,0,0.0,1709.1450561701229,1564.9710259944297,6.8322606367358e-05,0.20003451170244216,0.11677324489742728,313.0482150132657
19294,15853078,1667038811,329.2850530585010474385774926977164,0,0,0,0.0,1793.7100902634406,1642.967249365569,0.009225737368297968,0.19034874552224196,16.548298207636545,312.7367548508645
19295,15862869,1667156891,318.1913594056596157755419560423447,0,0,0,0.0,1732.5698349521247,1587.651593554747,0.009218931493763781,0.19035594334170455,15.972442616585257,302.21891678907434
19296,15865765,1667191919,316.9060797318255084214472074847834,0,0,0,0.0,1726.117374101222,1582.031129394553,0.00626701372815579,0.19347816409217292,10.81760127990058,306.0884784519249
19297,15876433,1667320859,314.8130754097105994883431732960368,0,0,0,0.0,1717.7128679176403,1572.7875008715087,0.0015822837643842192,0.1984344140921729,2.7179091827799366,312.09516622693064
19298,15881157,1667377871,313.0793446223476009404874449803031,0,0,0,0.0,1708.3081663628038,1564.157785656485,0.0014617285589241752,0.1985619766983922,2.497082834215901,310.5822617881317
19303,15919716,1667843027,50672.88120573899061486655625772703,0,0,0,0.0,1728.5547660532573,1581.9450336427747,29.133451865001025,0.1985619766983922,50358.76707283068,314.1141329083139
19304,15925049,1667907335,47185.79249968101145915190476812823,0,0,0,0.0,1609.202084225524,1481.8828144706636,29.136117695085286,0.2023717230412209,46885.90132117141,299.891178509602
19305,15933966,1668015023,36851.38847980026129537583882109209,0,0,0,0.0,1256.2631347193624,1159.719322376116,29.136078661100047,0.2145406761586316,36602.581512223456,248.806967576802
19306,15938623,1668071279,38424.00453742588755050574801206753,0,0,0,0.0,1309.5664125239284,1209.425805000005,29.10428522446017,0.2563283714261463,38113.99439046948,310.0101469564072
19307,15949416,1668201623,39956.9875302361974488568542353885,0,0,0,0.0,1361.1956042776012,1253.416698764379,29.12651704714018,0.2474042016977021,39646.88697248383,310.10055775237026
19308,15955946,1668280331,40262.34779575340721382488657406416,0,0,0,0.0,1371.3136267410182,1265.811357608736,29.155256290766,0.22226657345743556,39981.00024265421,281.3475530991983
19309,15963961,1668376907,38730.66968173018972745207369995873,0,0,0,0.0,1319.0544108638082,1217.9631452354893,29.201133832022837,0.17470585970394467,38517.8843833541,212.7852983760866
19310,15968895,1668436391,39661.96968945248644536029206868682,0,0,0,0.0,1350.809882036887,1248.9044562494828,29.15002778743802,0.22885985481203097,39376.14559692113,285.8240925313551
19311,15976257,1668525203,252.9170636752426425376925584440217,0,0,0,0.0,1373.121883609898,1263.6122280055533,6.0570649751138e-05,0.20008819730213448,0.08317088467775802,252.83389279056487
19347,16235784,1671658379,242.2517659941757360900423455773733,0,0,0,0.0,1320.1726342260408,1210.3238053304144,6.0670649751138005e-05,0.20008833106985077,0.08009573150216534,242.17167026267356
19349,16247343,1671797555,0.0002968277467175954027058083744122558,0,0,0,0.0,1333.365419355145,1222.2022561588747,1.00000000048e-07,1.33767716345e-07,0.00013333654199951603,0.00016349120471807936
19381,16480079,1674604415,61846.69735357853529811486606935473,100731.1178259055788686841504326398,10.07311178259055788686841504326398,10.07311178259055788686841504326398,0.00016287226664671227,1711.23690378257,1550.1210007682155,0.19647028708926892,39.6810894874213,336.2072057639131,61510.49014781462
19382,16486393,1674680603,62946.89090875137952071345428882767,90779.3924312332802935621923590479,9.07793924312332802935621923590479,9.07793924312332802935621923590479,0.00014421584786900477,1742.74778861128,1577.4578929542001,0.19503439506639858,39.68853649132808,339.89576070510486,62606.99514804628
19383,16494174,1674774467,63998.55089607283211249286953318532,338.5176705161732133978486072879,0.03385176705161732133978486072879,0.03385176705161732133978486072879,5.289458367047898e-07,1772.6979080322958,1603.8173138698653,0.004552886907426362,39.898858460739106,8.07089309630234,63990.48000297653
19386,16511002,1674977483,0.0003878300206168002758898010112268785,393.6755867761959596319994725975,0.03936755867761959596319994725975,0.03936755867761959596319994725975,101.50724952908466,1764.109922622859,1594.5452163344864,6.7e-17,2.43222968233e-07,1.1819536481573155e-13,0.0003878300204986049
19476,17154204,1682801219,0.0004625749001796645921195842096955955,0,0,0,0.0,2130.8871707862204,1901.8553362515095,6.800000000000001e-17,2.43222968234e-07,1.44900327613463e-13,0.00046257490003476427
19520,17467273,1686613067,1078065.930203141753514163117280136,3868808.051442700316697426992693073,386.8808051442700316697426992693073,386.8808051442700316697426992693073,0.0003588656262158006,1962.8119342428142,1740.6372425528136,317.3332768029558,261.51364352880677,622865.54284122,455200.38736192166
19521,17474414,1686699815,1077096.032131365084728309345889579,7163414.305282739434841057616522784,716.3414305282739434841057616522784,716.3414305282739434841057616522784,0.0006650673748289395,1959.7660435508794,1737.9128373599049,332.48109390562956,244.84016978599598,651585.157958904,425510.8741724611
19522,17481557,1686786779,1031493.471692683293012850685544869,5603317.43194486635343691735833029,560.331743194486635343691735833029,560.331743194486635343691735833029,0.0005432237416636102,1857.56048974385,1648.2235349369773,555.1995459982552,0.10722521481775474,1031316.740570082,176.73112260129648
19523,17488576,1686872123,1058364.454590675600771465151548388,10797508.57316018868246974164179165,1079.750857316018868246974164179165,1079.750857316018868246974164179165,0.0010202070304162042,1878.9996460703153,1665.6836738981533,511.61992573929473,58.25283439138321,961333.6593866558,97030.79520401987
19524,17495740,1686959051,2307700.199446854370390714509511522,16869718.44239111568130698184210186,1686.971844239111568130698184210186,1686.971844239111568130698184210186,0.0007310186325951141,1939.126336462459,1718.897323853619,974.9122731400324,242.7266184376618,1890478.064586319,417222.13486053527
19525,17502687,1687043087,2281142.775958902570530395621292171,9609769.28041956239375823486700341,960.976928041956239375823486700341,960.976928041956239375823486700341,0.0004212699609028196,1948.398398195857,1726.6540372882578,595.7952964250183,648.8249241354785,1160846.6012071313,1120296.1747517711
19526,17510045,1687132283,2403867.937434017059517248018146386,2674276.73213450710552634758103196,267.427673213450710552634758103196,267.427673213450710552634758103196,0.00011124890392228181,1940.2792238905442,1719.2502072456157,214.69949224910872,1155.9056179653053,416576.9641907946,1987290.9732432226
19527,17517118,1687218107,2486992.293738226157529096328696409,11695763.89683422655483183270189283,1169.576389683422655483183270189283,1169.576389683422655483183270189283,0.0004702774482366486,1954.677435725913,1732.091204359781,868.3656915618348,455.8752267180065,1697374.8232544463,789617.4704837799
19528,17524282,1687305047,2441864.989811548259609911324788071,11947122.08506493146695373018765974,1194.712208506493146695373018765974,1194.712208506493146695373018765974,0.0004892621883238089,2019.669577994268,1789.6185315958055,179.49493017571402,1161.8926062848147,362520.44988009485,2079344.5399314533
19529,17531389,1687391111,3530816.103152113398482424025433868,18472629.41061971731624553980876993,1847.262941061971731624553980876993,1847.262941061971731624553980876993,0.0005231829942694664,2138.883007041075,1894.286114601896,426.94776126423426,1381.8529162580778,913191.3114623002,2617624.791689813
19530,17538423,1687476527,3440182.292405902471430199218007009,19339616.177788506399070357325655,1933.9616177788506399070357325655,1933.9616177788506399070357325655,0.0005621683542898329,2117.3454624486253,1874.9107759264366,468.2656879680064,1306.0365827576518,991480.229639442,2448702.0627664602
19531,17545669,1687564571,4187166.376412253299259757101982348,9482373.7344992048310860500504339,948.23737344992048310860500504339,948.23737344992048310860500504339,0.000226462788484276,2132.47272455575,1888.2722985089217,737.1235304721001,1385.0071068232135,1571895.8233599926,2615270.5530522605
19532,17552565,1687648367,4195516.474742190862325907181277999,6106305.7882791636474263903195526,610.63057882791636474263903195526,610.63057882791636474263903195526,0.00014554360172437143,2115.405598819878,1873.1764282839442,1204.242524906587,879.8184038262899,2547461.3795243804,1648055.0952178107
19533,17559864,1687737083,4155831.337293943346906745985118748,4482412.6411589899484269220319362,448.24126411589899484269220319362,448.24126411589899484269220319362,0.00010785838686316128,2146.6283445223003,1900.5612525434997,437.2943062532703,1692.7225998567628,938708.3527014853,3217122.9845924582
19534,17566965,1687823435,4088388.947179211325445767906039728,12397992.1792757165120363475574621,1239.79921792757165120363475574621,1239.79921792757165120363475574621,0.00030324884299058006,2095.1236814653603,1855.1881589192803,1237.014166816414,806.75982367518,2591697.675205211,1496691.2719740004
19535,17573936,1687908287,4257205.588354395651687454797867617,10015384.129720609061907452571436,1001.5384129720609061907452571436,1001.5384129720609061907452571436,0.00023525723439614323,2136.6365050722607,1891.8598491039384,644.2106070609289,1522.7141110467032,1376443.9000011424,2880761.688353253
19536,17581204,1687996199,4541925.280870556211196987808372241,12938302.1457862349426988183154602,1293.83021457862349426988183154602,1293.83021457862349426988183154602,0.0002848638263663011,2069.319860797608,1831.4615579203887,893.8197805958719,1470.0424615883696,1849599.0239607976,2692326.256909759
19537,17588356,1688082851,5090046.286063237401553864550422476,14196997.6167307774920640544230807,1419.69976167307774920640544230807,1419.69976167307774920640544230807,0.00027891686674053946,2090.3234393401995,1850.0413335596563,672.3595650205791,1991.6297332377019,1405448.9584270974,3684597.32763614
19538,17595489,1688169359,5394827.51105345856624860017137205,28938800.0540407091750783311698153,2893.88000540407091750783311698153,2893.88000540407091750783311698153,0.0005364175220569706,2188.0578195800676,1936.7674178638085,1059.1502345393626,1588.908162061997,2317481.952793915,3077345.558259544
19539,17602562,1688255315,5327978.906607524102489923535774918,5641227.8319893869591037443279886,564.12278319893869591037443279886,564.12278319893869591037443279886,0.00010587931992360903,2172.9923891528597,1922.4505489178705,431.010882537322,2284.2697002967084,936583.3673956578,4391395.539211866
19540,17609734,1688342219,5362474.106938497206022386029488364,6569651.7105095300942738795559846,656.96517105095300942738795559846,656.96517105095300942738795559846,0.00012251157916098965,2188.351139409074,1936.7109321229054,1266.2288072157314,1338.1041078106011,2770953.253023139,2591520.853915358
19541,17616861,1688428799,5971703.677798430337648575132359674,7262371.1114606450293081658018139,726.23711114606450293081658018139,726.23711114606450293081658018139,0.00012161305220921547,2209.153759424685,1955.1148200723699,1323.8619767182001,1558.5217725776504,2924614.6628264063,3047089.0149720237
19542,17623847,1688513675,7869503.291698613398464917586489937,8653389.7507475596395780264437654,865.33897507475596395780264437654,865.33897507475596395780264437654,0.00010996106653739955,2191.432838806374,1938.4579094357784,952.935624661746,2982.3752387943878,2088294.421152215,5781208.870546399
19543,17630993,1688600207,8591820.393989721081741352711468633,8598513.2195704582433561455248698,859.85132195704582433561455248698,859.85132195704582433561455248698,0.00010007789764303522,2161.180943194966,1911.337411553035,342.0817335244755,4108.390189517116,739300.523508195,7852519.8704815265
19544,17638208,1688687807,8353011.119676467297386208755371128,25648287.5438424504799962009181348,2564.82875438424504799962009181348,2564.82875438424504799962009181348,0.00030705439243849437,2098.5777421727607,1855.9788486444193,2344.3471497293062,1849.8143843804928,4919794.748348075,3433216.371328392
19545,17645301,1688773859,8634921.356745578241443728180719242,15332631.8090303728061954331006578,1533.26318090303728061954331006578,1533.26318090303728061954331006578,0.00017756539029799686,2109.4984564251668,1865.2231383599815,929.465993827035,3578.2390536588255,1960707.079277814,6674214.277467764
19546,17652443,1688860607,7850633.388626098588803725541969518,10758198.3123127048538481688976227,1075.81983123127048538481688976227,1075.81983123127048538481688976227,0.00013703605530604766,2103.7607506148456,1860.0520308976165,908.3921515690105,3193.240584308998,1911039.7546374558,5939593.633988643
19547,17659548,1688946923,8220823.879689665045428796413637156,4607528.8406378538241032027418278,460.75288406378538241032027418278,460.75288406378538241032027418278,5.6047044773957464e-05,2107.059122576242,1862.5507817632827,1005.8142066676407,3275.891288256584,2119309.9997758376,6101513.879913827
19548,17666662,1689033455,7855823.488129046449458416619904009,15105989.1171472812460409223213851,1510.59891171472812460409223213851,1510.59891171472812460409223213851,0.00019229033264270737,2121.9726019892482,1876.0586613819253,2121.3227323950746,1788.0223252394544,4501388.718119319,3354434.770009728
19549,17673764,1689119711,9476849.737642973413305021979369844,24237709.9651201377848697831774857,2423.77099651201377848697831774857,2423.77099651201377848697831774857,0.0002557570356829188,2120.291233444743,1874.0955524195163,1318.1380793254523,3565.4602109016464,2794836.614063448,6682013.123579525
19550,17680638,1689203231,9650952.904199743943444228337039198,22907568.6627878130175608297924981,2290.75686627878130175608297924981,2290.75686627878130175608297924981,0.00023736069267128298,2116.6706967904265,1870.8624962092722,1946.4758934655092,2956.3393513414344,4120048.485707407,5530904.418492337
19551,17687987,1689292619,10494413.75368393463048951049901891,16860354.4753176046476164327256765,1686.03544753176046476164327256765,1686.03544753176046476164327256765,0.00016066027956443955,2267.4374469576514,2003.4685475908864,621.4628196788901,4534.778295060796,1409128.0692318059,9085285.68445213
19552,17695104,1689379139,3363629.693602881138096745977685114,18714088.3746214109947504535445149,1871.40883746214109947504535445149,1871.40883746214109947504535445149,0.0005563658927798384,2189.998860590574,1935.1670265523037,1015.5844424037616,588.8385375888026,2224128.7716977512,1139500.92190513
19553,17702115,1689464939,10113518.20546338558834638109620107,10952839.5365329028605172268567451,1095.28395365329028605172268567451,1095.28395365329028605172268567451,0.00010829900450088785,2190.8379449719982,1935.5158796067296,1854.8283864937216,3125.7247014429086,4063628.410541632,6049889.794921754
19554,17709240,1689551603,11319760.93791555821894477232147937,8181195.3069885987413038939613915,818.11953069885987413038939613915,818.11953069885987413038939613915,7.227356966157891e-05,2178.687673250424,1924.670637463714,1149.6675111207383,4580.0015501439275,2504766.4348152466,8814994.503100311
19555,17716403,1689638327,12632798.79908414585022390056802313,23326142.7294904481860664110432849,2332.61427294904481860664110432849,2332.61427294904481860664110432849,0.00018464746490842195,2166.2372589840525,1913.9715579744388,5158.571368397446,761.8239109448268,11174689.501350896,1458109.29773325
19556,17723460,1689723863,14632990.06046866099162642630824577,25840589.4660415633932585741557181,2584.05894660415633932585741557181,2584.05894660415633932585741557181,0.00017659131427862087,2147.024685753341,1896.5249189941057,3242.40140169422,4045.0162995900914,6961515.850558725,7671474.2099099355
19557,17730587,1689810239,14675536.96266993244560290620640843,35284977.533506429310753211217238,3528.4977533506429310753211217238,3528.4977533506429310753211217238,0.000240433979507943,2139.0780284885027,1889.6492235471167,4570.84415185603,2592.092016207686,9777392.296880398,4898144.665789534
19558,17737680,1689896039,15400737.58606224137906033578464794,50627254.4399409455088860085274295,5062.72544399409455088860085274295,5062.72544399409455088860085274295,0.00032873266073800845,2143.014543364212,1892.3901527051498,2206.08308018662,5639.994187295664,4727668.1247096425,10673069.461352598
19559,17744842,1689982691,15765848.4255731062435016737873002,20476458.8303826913060217895800901,2047.64588303826913060217895800901,2047.64588303826913060217895800901,0.00012987857220020399,2141.59287447636,1891.0683085757398,4114.5301562524655,3677.392260019569,8811648.464448383,6954199.961124723
19560,17752100,1690070387,17698711.72311740547234855961564252,20068724.3796490226945796825637431,2006.87243796490226945796825637431,2006.87243796490226945796825637431,0.00011339087665593194,2107.098051764532,1860.2733517098452,2465.2515200414423,6721.692291423451,5194526.674988874,12504185.04812853
19561,17759150,1690155599,18418580.86517579794531581348058833,9140367.2171443114001060069983727,914.03672171443114001060069983727,914.03672171443114001060069983727,4.962579519047582e-05,2132.303075392366,1882.352764701638,1173.6197768096151,8455.41181451508,2502513.059432444,15916067.805743353
19562,17766268,1690241627,18940209.58741370483189319878170943,11637118.0597404863429443005984144,1163.71180597404863429443005984144,1163.71180597404863429443005984144,6.144133730956005e-05,2092.54224159961,1846.5642460518122,2159.6177738619513,7809.702912169144,4519091.417515446,14421118.169898259
19563,17773402,1690327955,18419131.38781365949594482486057457,8693036.7085952559071314625045047,869.30367085952559071314625045047,869.30367085952559071314625045047,4.7195693030056145e-05,2107.080075641412,1859.5264400387061,3699.9005303433783,5712.822614262433,7795986.689341624,10623144.698472034
19564,17780650,1690415507,19854658.74351023472677401226299111,27293976.1842073814249431245872342,2729.39761842073814249431245872342,2729.39761842073814249431245872342,0.00013746887587845743,2122.493283940762,1872.7976052045976,2023.4311728011478,8308.393616844432,4294719.074786816,15559939.66872342
19565,17787830,1690502315,21043393.52207365519551720164818611,18994045.4136123305132325233742285,1899.40454136123305132325233742285,1899.40454136123305132325233742285,9.026132307837305e-05,2103.072156594432,1855.7951128234674,8130.716535856193,2125.186091449594,17099483.559721094,3943909.9623525636
19566,17794981,1690588799,21386861.44920090897308691748086432,15243975.6824685869383083617892379,1524.39756824685869383083617892379,1524.39756824685869383083617892379,7.127729198918132e-05,2122.267081433176,1872.341865836635,3786.487132350366,7130.601893569106,8035936.9952574875,13350924.453943422
19567,17801704,1690670051,19472238.01065658841078891767198154,7044942.9257709230376355701130612,704.49429257709230376355701130612,704.49429257709230376355701130612,3.617942078314486e-05,2131.055234619375,1879.979368484341,2085.9488120586407,7993.154673652538,4445272.135085633,15026965.875570955
19568,17809272,1690761575,10185960.45575967450738238158799117,73298844.3669880384996287161451057,7329.88443669880384996287161451057,7329.88443669880384996287161451057,0.0007196066064201245,2105.8809676038804,1859.3822903265655,4434.703144071635,455.5295121894329,9338956.948073544,847003.5076861309
19569,17816411,1690847735,10836401.8929387506761788332232069,61612664.6399048301133024117859929,6161.26646399048301133024117859929,6161.26646399048301133024117859929,0.000568571240238451,2104.9780119381044,1856.5063091517402,950.663598811067,4759.08747367977,2001125.9722472434,8835275.920691507
19570,17823592,1690934375,11571522.60929561474388754210632913,54546966.0002438057136714589652978,5454.69660002438057136714589652978,5454.69660002438057136714589652978,0.0004713897024789567,2117.3240083424034,1867.9885795898588,4514.349856676682,1077.7267579114475,9558341.333598627,2013181.2756969882
19571,17830753,1691020775,10426454.44750421709825648719896106,41305521.5738047935202206090206595,4130.55215738047935202206090206595,4130.55215738047935202206090206595,0.00039616076377422914,2085.5499563101957,1839.674537122702,2789.093533724377,2505.693511043492,5816793.897403923,4609660.550100294
19572,17837891,1691107091,10155957.28548680353141411934173862,11326978.2097208734173037713613057,1132.69782097208734173037713613057,1132.69782097208734173037713613057,0.0001115303844956841,2082.258185543604,1836.3532203671725,793.3816141868284,4630.880285322314,1652025.3604003214,8503931.925086481
19573,17844964,1691192543,11147101.85137761079238412525105062,9735697.6519243968177382298216449,973.56976519243968177382298216449,973.56976519243968177382298216449,8.733837531699968e-05,2070.1086604778025,1824.7069648313518,1971.9989371295421,3871.7722403310345,4082252.078204886,7064849.773172724
19574,17852199,1691279903,11342840.92980614887812092827229411,4685205.9343013545438989377990477,468.52059343013545438989377990477,468.52059343013545438989377990477,4.130540103044031e-05,2078.0139964701157,1831.5348719647377,1913.5601155730262,4022.0016224186056,3976404.703247721,7366436.226558428
19575,17859116,1691363603,11251616.19605812648195181432668171,25687004.5593392822917542274884217,2568.70045593392822917542274884217,2568.70045593392822917542274884217,0.0002282961319666985,2075.425343271788,1829.234613369662,2493.6164978834613,3321.772546582694,5175314.876107975,6076301.319950151
19576,17866455,1691452415,17459163.28653645045539572300660975,37156339.6038565197595591986752784,3715.63396038565197595591986752784,3715.63396038565197595591986752784,0.00021281855833555006,2067.5017858868664,1822.3532196506555,5484.031376935904,3358.799246413514,11338244.66567459,6120918.620861862
19577,17873628,1691539175,24977514.96138743322669168986086766,62339065.682686870844540093829646,6233.9065682686870844540093829646,6233.9065682686870844540093829646,0.0002495807360302112,2111.1292044650563,1859.9568830164235,6638.898905288897,5893.6536094122785,14015573.36444648,10961941.596940953
19578,17880675,1691624387,25364591.68735631712217581040612191,15948093.535900643077263192011468,1594.8093535900643077263192011468,1594.8093535900643077263192011468,6.287541992584258e-05,2101.9767479373813,1851.6719876643776,6079.226447620512,6797.20767655385,12778392.638344284,12586199.049012033
19579,17887876,1691711447,26086530.33514432970328994422109352,28827238.012797613135133483987461,2882.7238012797613135133483987461,2882.7238012797613135133483987461,0.00011050621773935548,2100.62444473648,1850.3543730679123,5258.869041757273,8127.968184507922,11046908.860783238,15039621.474361092
19580,17895060,1691798279,25908548.53770469302419513550050526,24826244.951211263375156867394066,2482.6244951211263375156867394066,2482.6244951211263375156867394066,9.582260046363326e-05,2094.211685184883,1844.4788199328138,4261.237423374126,9208.3547660071,8923933.205377216,16984615.332327478
19581,17902139,1691883875,24970831.33983667952532591974720334,2336622.225056647079056128463483,233.6622225056647079056128463483,233.6622225056647079056128463483,9.357406620775845e-06,2097.5855600716886,1847.3875987720048,3941.4994281200047,9041.52386076657,8267632.28545534,16703199.05438134
19582,17909239,1691969591,25184492.7478736541930405269082273,10520483.233764036023683657715726,1052.0483233764036023683657715726,1052.0483233764036023683657715726,4.1773655475559614e-05,2088.5816009642826,1839.2193116649266,6350.164771221587,6481.910758547212,13262837.30426497,11921655.443608684
19583,17916514,1692057467,24500890.79845231309344863623305505,7537213.927362040408372816505828,753.7213927362040408372816505828,753.7213927362040408372816505828,3.0763019962678886e-05,2094.89760147837,1844.7165328020797,5391.436814006659,7159.030947810397,11294508.050184732,13206382.74826758
19584,17923623,1692143375,23230668.91336257493329578922246845,22499300.765254696459093006221703,2249.9300765254696459093006221703,2249.9300765254696459093006221703,9.685171291952258e-05,2072.0988811549446,1824.4819837521427,5279.693817680919,6736.499110629178,10940047.652457308,12290621.260905268
19585,17930804,1692230123,23456300.33254926759182285671142687,24071316.650013268563765930946124,2407.1316650013268563765930946124,2407.1316650013268563765930946124,0.00010262196641731506,2052.313266517936,1807.0470512024726,5123.736835082435,7161.289598492585,10515513.080786303,12940787.251762964
19586,17937908,1692316091,21994412.42090921173055134857472036,50224340.847666158538981909994572,5022.4340847666158538981909994572,5022.4340847666158538981909994572,0.00022835045504520905,1920.324597417634,1691.2636302459273,10241.846697880601,1375.741925964666,19667670.136920687,2326742.2839885247
19587,17945101,1692403115,28089124.33583644654470734876674805,44895378.347928389788268328847074,4489.5378347928389788268328847074,4489.5378347928389788268328847074,0.00015983189013354297,1889.4951575641242,1663.161473844953,7695.771185910366,8145.933007344482,14541122.38949915,13548001.946337296
19588,17952144,1692488291,25229488.90500592310900460146398377,4189707.79749134767905826184842,418.970779749134767905826184842,418.970779749134767905826184842,1.660639188239776e-05,1897.3703276288938,1669.2863074417692,8066.3105584706045,5945.481343541397,15304778.307081776,9924710.597924147
19589,17959372,1692575747,36764989.98037795869805431152382823,23699403.467168627703055422999357,2369.9403467168627703055422999357,2369.9403467168627703055422999357,6.446187930369997e-05,1914.9197399929953,1684.721101796232,12818.227847772368,7252.899266188829,24545877.53742723,12219112.442950726
19590,17966429,1692661067,48121913.86531230988526253836433859,12950445.232560895665531040544019,1295.0445232560895665531040544019,1295.0445232560895665531040544019,2.691174184968557e-05,1898.9646795582123,1670.7779143361215,20635.802506204323,5347.960189695144,39186660.09362085,8935253.771691462
19591,17973673,1692748583,46464183.99540212608547133905086195,31697301.619693651834967406380916,3169.7301619693651834967406380916,3169.7301619693651834967406380916,6.821878465105567e-05,1852.4322101036896,1629.9880950507252,23027.398722699472,2335.89981309316,42656695.10882906,3807488.8865730646
19592,17980842,1692835115,47514724.41644597746246371256761299,28081312.511495277740070826337012,2808.1312511495277740070826337012,2808.1312511495277740070826337012,5.91002323098304e-05,1906.3009856088947,1677.0232055433883,18646.68335616635,7136.772774930715,35546190.86019689,11968533.55624909
19593,17987994,1692921599,44149068.20060937494577055250158586,13413526.414078470851270169736763,1341.3526414078470851270169736763,1341.3526414078470851270169736763,3.038235451114986e-05,1885.5019569288177,1658.5947205565762,19999.31914917234,3882.993673969838,37708755.39300842,6440312.8076009555
19594,17995093,1693007447,43755347.2730365667346481267232624,20377470.618647797922588884970351,2037.7470618647797922588884970351,2037.7470618647797922588884970351,4.657138358768105e-05,1875.741625252338,1649.5964938712468,18292.967428986685,5724.106987486116,34312880.45593557,9442466.817101
19595,18002240,1693093871,44221621.11528388058141502725072264,11570013.785542859916140730578583,1157.0013785542859916140730578583,1157.0013785542859916140730578583,2.6163703396083844e-05,1873.838430025929,1648.0816066331774,21061.73849794014,2885.3705396309774,39466295.00059682,4755326.114687059
19596,18009424,1693180775,45314469.39489954494733724385665703,8970202.757106816816203949851089,897.0202757106816816203949851089,897.0202757106816816203949851089,1.979544917305481e-05,1882.7517733146042,1655.691144749886,18696.285039550545,6108.63059475885,35200463.81260909,10114005.582290458
19597,18016366,1693264715,45028005.87361231622177342202337196,9642344.199706264832778303450196,964.2344199706264832778303450196,964.2344199706264832778303450196,2.141410442818866e-05,1873.7936464954355,1647.1037177512928,17696.388168010755,7205.755187463482,33159379.715135552,11868626.158476762
19598,18023567,1693351967,48235655.20005867034125687307996113,10167814.983126140186969274427166,1016.7814983126140186969274427166,1016.7814983126140186969274427166,2.1079458630664092e-05,1966.475087358021,1728.7730918294585,17892.58990116299,7548.89289565327,35185332.288950734,13050322.911107937
19599,18030752,1693438907,44553554.26284478201463725817689092,31394084.984521230056791906441676,3139.4084984521230056791906441676,3139.4084984521230056791906441676,7.04637048692256e-05,1935.8656749846907,1701.771154402286,19172.595899203618,4370.731012793965,37115570.30162053,7437983.961224258
19600,18037948,1693525931,44291153.54787464803702479087415065,38986063.515706846240875520363995,3898.6063515706846240875520363995,3898.6063515706846240875520363995,8.802223557705833e-05,1870.8695334913718,1644.595531166041,21624.78465706065,2331.2739771035754,40457150.783206426,3834002.764668223
19601,18045120,1693612691,43846777.55945265050886281423823034,31402600.622647258985792430432337,3140.2600622647258985792430432337,3140.2600622647258985792430432337,7.161894754994913e-05,1852.142496568126,1628.1150618457611,19953.762564749293,4231.621037299247,36957211.61260236,6889565.946850287
19602,18052124,1693697651,41877047.28855230455961348644100465,24056504.626931726014390058378714,2405.6504626931726014390058378714,2405.6504626931726014390058378714,5.744556071771545e-05,1859.8827964888872,1634.1991561408788,18653.920289855392,4395.389526046268,34694105.43417703,7182941.854375267
19603,18059381,1693785395,41909099.93739572767121227032727655,11367714.271638981450886044988906,1136.7714271638981450886044988906,1136.7714271638981450886044988906,2.7124691984843856e-05,1864.4622287914601,1638.1848079047097,18236.43344947116,4827.268904478568,34001141.35440812,7907958.582987603
19604,18066543,1693871795,41630683.59575782648683815006993437,18972646.115304805491276762820083,1897.2646115304805491276762820083,1897.2646115304805491276762820083,4.557370784379366e-05,1851.9655896859101,1627.3379985285442,19259.470618091393,3664.1476699231366,35667876.86027208,5962806.735485746
19605,18073534,1693956395,42908875.29689666186304461067352351,55908951.253865555613374309849896,5590.8951253865555613374309849896,5590.8951253865555613374309849896,0.0001302969394257442,1855.0490712396129,1630.2682059162184,21454.58358383702,1907.397773312744,39799305.35102951,3109569.945867157
19606,18080677,1694042879,43718077.26599477630528323927687531,46175674.133750214292985216690387,4617.5674133750214292985216690387,4617.5674133750214292985216690387,0.00010562146604207369,1854.219996583449,1629.8755552903062,21794.917440455767,2028.0723355149446,40412571.74197845,3305505.524016328
19607,18087957,1694130839,49578580.19756916168822654975097226,28516163.181758517065301462584163,2851.6163181758517065301462584163,2851.6163181758517065301462584163,5.7517103289611075e-05,1877.4515330063737,1648.9338674031346,17425.78834183828,10226.308947063253,32716073.036228877,16862507.161340285
19608,18095052,1694216711,51952630.61297778369280102098785684,17590223.735838064963454144239172,1759.0223735838064963454144239172,1759.0223735838064963454144239172,3.38581964537596e-05,1858.9796784341877,1632.8641079150973,18933.82144269101,10261.136388935147,35197589.29706405,16755041.31591373
19609,18102219,1694303459,51580187.19858219614150888628743277,9479460.239469131704575619947591,947.9460239469131704575619947591,947.9460239469131704575619947591,1.837810359813835e-05,1859.7441785556707,1633.2561993224588,20427.7132178755,8320.719349524677,37990320.73814868,13589866.460433515
19610,18109346,1694389727,52192834.06875761109833869018407792,13538868.149156567774410648112906,1353.8868149156567774410648112906,1353.8868149156567774410648112906,2.5940090034813557e-05,1846.3610246538344,1621.1112603849826,18623.146369389982,10984.923053130471,34385051.612865224,17807782.455892388
19611,18116540,1694476763,50745392.35668196379607218556147961,92748478.904602523961674335790079,9274.8478904602523961674335790079,9274.8478904602523961674335790079,0.00018277221752999168,1765.945022717092,1550.477622696046,23416.222037643063,6058.540581923278,41351760.75821404,9393631.598467922
19612,18123652,1694562899,50819235.39607610711569556704767297,20453486.583566086851930319075209,2045.3486583566086851930319075209,2045.3486583566086851930319075209,4.024752915732643e-05,1817.8552193839278,1595.789218417124,18156.700437453725,11162.490969032397,33006252.657015696,17812982.739060413
19613,18130741,1694648783,50315134.27925824513254545607696985,15962710.087955812126995044060441,1596.2710087955812126995044060441,1596.2710087955812126995044060441,3.17254645478234e-05,1830.8300055988573,1606.7685383666646,19426.14759846295,9179.39330439786,35565973.91645815,14749160.362800097
19614,18137919,1694735891,61203158.61841267505407774106670272,8008924.361442171462780226462321,800.8924361442171462780226462321,800.8924361442171462780226462321,1.3085802338039341e-05,1856.8879972050652,1629.6866494532921,26278.452960833343,7613.129023598186,48796143.88808934,12407014.73032334
19615,18145011,1694822303,59403382.80556947697085951330131286,35148541.274005865609785932948047,3514.8541274005865609785932948047,3514.8541274005865609785932948047,5.916925874246752e-05,1876.1740539776881,1646.5982455212559,25951.149962015064,6507.05696128135,48688874.22961673,10714508.575952744
19616,18152038,1694908043,74613293.12305128238837567120363721,17606957.570136503347920377456009,1760.6957570136503347920377456009,1760.6957570136503347920377456009,2.3597614892964628e-05,1865.5116554423664,1636.9477981030516,31265.525545810884,9949.67024769149,58326202.319241256,16287090.803810028
19617,18159127,1694995019,48002872.10662455311737766995910665,18953117.927030599102879371333073,1895.3117927030599102879371333073,1895.3117927030599102879371333073,3.948329984283379e-05,1845.0756660619388,1618.5690039963251,19628.899668590613,7281.782208504173,36216805.13008779,11786066.97653676
19618,18166155,1695080411,49584141.58960294334509667881958384,17034069.146096883324187255335826,1703.4069146096883324187255335826,1703.4069146096883324187255335826,3.435386516738383e-05,1869.325962125938,1639.925753908218,21117.94982879499,6163.577639825985,39476331.881839484,10107809.707763463
19619,18173242,1695166187,49318603.94143960433525677825797498,16407267.424194598296975739983936,1640.7267424194598296975739983936,1640.7267424194598296975739983936,3.3267907266143254e-05,1872.4313961783816,1642.6005620408873,20766.961336606742,6352.057689905292,38884710.409885034,10433893.531554572
19620,18180541,1695254399,49346302.82390072790576072148398917,6354512.617818891299599386904891,635.4512617818891299599386904891,635.4512617818891299599386904891,1.2877383419170974e-05,1852.194138500425,1624.6854615579812,19931.328604781127,7650.473340039605,36916690.01430146,12429612.809599275
19621,18187646,1695340379,49297856.43140533023195264661043063,22656778.155757559046245151537222,2265.6778155757559046245151537222,2265.6778155757559046245151537222,4.595895196230886e-05,1810.4724188239588,1587.992987826672,20690.310220825613,7455.0835743245,37459235.99171622,11838620.43968911
19622,18194793,1695427019,48157552.58684132136250628481718404,9942393.487576263054977125131855,994.2393487576263054977125131855,994.2393487576263054977125131855,2.0645553923545825e-05,1817.5734280062743,1593.9148987577073,18857.8506776554,8709.38862334769,34275528.30101656,13882024.285824759
19623,18201949,1695513587,49349215.19992758128598147283228995,8903704.49836681442248176748576,890.370449836681442248176748576,890.370449836681442248176748576,1.804224132500466e-05,1815.8171961752812,1592.1712969550192,21877.831796863305,6043.992896088936,39726143.19177474,9623072.008152843
19624,18209071,1695599771,48231207.62339661475667051235627452,19448307.885695996806587970079209,1944.8307885695996806587970079209,1944.8307885695996806587970079209,4.032307886120969e-05,1798.5076613055758,1577.0138219307705,22779.511062361937,4604.958026336412,40969125.166453056,7262082.456943561
19625,18216019,1695683759,48298882.57070007543741777265037441,15228935.485876462063951731157563,1522.8935485876462063951731157563,1522.8935485876462063951731157563,3.153061660087952e-05,1808.6623632849971,1585.8120716866201,22329.192081514226,4989.817766923662,40385969.32039616,7912913.250303917
19626,18223310,1695771887,48401127.30685205968368848623740941,13292080.195354324308927472137593,1329.2080195354324308927472137593,1329.2080195354324308927472137593,2.7462335972229698e-05,1813.5383585167838,1589.8275901055486,19683.083440315444,7991.495777922693,35696026.83289856,12705100.4739535
19627,18230435,1695858059,50448546.79290862894972638631505729,16233411.104262199574102840101825,1623.3411104262199574102840101825,1623.3411104262199574102840101825,3.217815405248516e-05,1820.982573033332,1596.0777537740853,19967.22244831517,8827.002725483087,36359964.11026186,14088582.682646772
19628,18237546,1695944159,50122031.47695323911815411325207062,15635175.254531169900265200391083,1563.5175254531169900265200391083,1563.5175254531169900265200391083,3.1194216981648936e-05,1882.315900657702,1649.7983743825043,20574.192221571026,6906.845401255194,38727129.161851145,11394902.315102095
19629,18244745,1696031291,32706969.89013571442167200857755392,12839084.503873569302635454616523,1283.9084503873569302635454616523,1283.9084503873569302635454616523,3.925488832197135e-05,1899.095130023499,1664.3037298254503,11550.481125360431,6472.080331554071,21935462.454600338,10771507.435535377
19630,18251827,1696116755,32468236.48744678925316527970049768,18990675.125398085555253102844007,1899.0675125398085555253102844007,1899.0675125398085555253102844007,5.849001109974193e-05,1909.5162926470414,1673.4349182668525,11508.220756784085,6270.397096683176,21975135.03445807,10493101.452988718
19631,18259089,1696204391,30792181.29651519890456719884198318,15975731.630541496661682225008008,1597.5731630541496661682225008008,1597.5731630541496661682225008008,5.1882429103356494e-05,1975.2743420971901,1730.4485391656651,11446.457237309512,4728.420304073369,22609893.28877017,8182288.007745031
19632,18266290,1696291175,38852026.53065176040217305472321825,14908628.639739548472312522127945,1490.8628639739548472312522127945,1490.8628639739548472312522127945,3.837284685260264e-05,1895.4120339514984,1660.6119565497172,17032.50820398507,3955.412633598115,32283621.018210925,6568405.512440835
19633,18273347,1696376531,36285363.56759921653019311992880889,24275396.171474625354982904265408,2427.5396171474625354982904265408,2427.5396171474625354982904265408,6.690134474262562e-05,1888.9252196420073,1654.6485526897322,15741.059976656588,3959.5588943313733,29733685.173804052,6551678.393795162
19634,18280579,1696463831,36060625.81551416589624118526794407,7295241.869955960060021521960498,729.5241869955960060021521960498,729.5241869955960060021521960498,2.0230491581811008e-05,1881.6033047375727,1648.2204481694594,16604.69795811349,2922.6498607687035,31243454.552155565,4817171.2633586
19635,18287736,1696550315,26386629.13354072635417805926016196,16175799.191091702864283542860114,1617.5799191091702864283542860114,1617.5799191091702864283542860114,6.130301490663022e-05,1843.891100451207,1615.0670487399714,10770.44329375796,4041.3830505416468,19859524.53727469,6527104.59626604
19636,18294887,1696636727,25916111.1858437192167865984841864,18939929.818650825220050709645521,1893.9929818650825220050709645521,1893.9929818650825220050709645521,7.308168144068032e-05,1882.220633592477,1648.2989930554374,10340.247536762263,3915.238644739593,19462627.270147715,6453483.915696005
19637,18301622,1696718051,25604435.61450858525562504503175762,3958166.725732001130397869678742,395.8166725732001130397869678742,395.8166725732001130397869678742,1.5458910265880385e-05,1867.2803133579132,1635.477585468521,11748.328314917864,2242.1667345239775,21937422.177311473,3667013.437197113
19638,18309187,1696809479,25949872.8362986363769856544773867,39366753.131879371647684890478101,3936.6753131879371647684890478101,3936.6753131879371647684890478101,0.00015170306760352686,1865.127631903035,1633.2742272231517,10365.606798501316,4051.183239584573,19333179.66132676,6616693.174971878
19639,18316338,1696895987,24106835.67242523870893517482062351,13728972.489406292628541706612863,1372.8972489406292628541706612863,1372.8972489406292628541706612863,5.6950537498831774e-05,1804.0683447614074,1579.3214555214931,9525.740518955188,4382.735837322944,17185086.930658158,6921748.741767081
19640,18323473,1696982207,24639421.36878201160741140533696464,11920280.999315401464026945203911,1192.0280999315401464026945203911,1192.0280999315401464026945203911,4.837889989745587e-05,1790.4001043432202,1567.4087457254147,10119.142719320489,4161.076174950248,18117314.18053534,6522107.188246674
19641,18330583,1697068307,26409753.98707958224843510877350763,10705635.081224935358520015157062,1070.5635081224935358520015157062,1070.5635081224935358520015157062,4.053667098323764e-05,1786.6392950461798,1564.117143123431,13034.70537838627,1995.6543360119442,23288316.82837469,3121437.15870489
19642,18337709,1697154467,27184458.9048590206780403210283929,15773040.596163025416424580392216,1577.3040596163025416424580392216,1577.3040596163025416424580392216,5.802227166399001e-05,1753.1465545994931,1534.8493128345472,13527.56670495688,2259.929958559364,23715806.960909974,3468651.943949046
19643,18344894,1697241455,28946155.94645867565114053699707333,10733830.174778280100290401499031,1073.3830174778280100290401499031,1073.3830174778280100290401499031,3.7082057440139906e-05,1770.9663167967374,1549.9818987128085,11867.086108444839,5116.154050871088,21016209.77658228,7929946.169876396
19644,18351995,1697327243,29291433.56493417171851058399344565,8051318.261023225393924815317344,805.1318261023225393924815317344,805.1318261023225393924815317344,2.74869382653287e-05,1778.0708453286907,1556.3329851827302,13695.329535153654,3174.2354935235803,24351266.16362564,4940167.401308531
19645,18359194,1697414171,29075534.59186815386196422646177771,25598856.892342592109245810000504,2559.8856892342592109245810000504,2559.8856892342592109245810000504,8.804260094155614e-05,1779.010123743248,1556.9939502782825,11540.404037481017,5488.164533699513,20530495.61476618,8545038.977101974
19646,18366197,1697498603,31800826.43742451006028264285563352,55811850.059875103123014609961587,5581.1850059875103123014609961587,5581.1850059875103123014609961587,0.00017550440133905904,1829.42176333216,1600.5411843674003,12708.895434474596,5342.503289013224,23249929.895740554,8550896.541683957
19647,18373496,1697586803,31454710.40807636828797706629383012,31545168.02456725845773704938771,3154.516802456725845773704938771,3154.516802456725845773704938771,0.00010028758050961952,1786.6884371658932,1563.2082007774982,13826.581001807272,4318.630111620437,24703792.40146666,6750918.006609707
19648,18380656,1697673419,30484308.03853362644418312736886717,23629377.734445205948013562668412,2362.9377734445205948013562668412,2362.9377734445205948013562668412,7.75132494546917e-05,1784.4004176879864,1561.343136112089,14605.111925863383,2832.7791087978326,26061367.820890408,4422940.217643216
19649,18387806,1697759855,29299922.45728277301655557042782752,12469090.074271809373991808134921,1246.9090074271809373991808134921,1246.9090074271809373991808134921,4.255673404068173e-05,1793.1960240318851,1568.635466291635,11920.96965871002,5051.069692699501,21376635.394603547,7923287.062679226
19650,18394952,1697846135,30109633.10736984967583783822946203,86533739.746198109713951871251992,8653.3739746198109713951871251992,8653.3739746198109713951871251992,0.00028739553031955576,1836.3953073419418,1606.4600630522673,12321.625182509726,4657.606258300897,22627374.663987156,7482258.443382693
19651,18402017,1697931551,30353531.45465451254498481326168514,19405564.210461535188271096781664,1940.5564210461535188271096781664,1940.5564210461535188271096781664,6.393181709170061e-05,1865.573785283631,1631.9049169482978,11391.147660062687,5577.84029033291,21251026.458907917,9102504.995746596
19652,18409223,1698018695,30079080.31505582180332929964428585,16356582.079385035898764684477034,1635.6582079385035898764684477034,1635.6582079385035898764684477034,5.437859770997683e-05,1902.4870592281598,1663.703280300797,10836.564425342005,5687.706961568036,20616423.585705403,9462656.72935042
19653,18416267,1698103931,32121826.00035129556639991816529484,32044060.930141907605459901324191,3204.4060930141907605459901324191,3204.4060930141907605459901324191,9.975790582326006e-05,2017.794117326352,1764.3142167875094,10061.404613755976,6699.477250824559,20301843.041677028,11819982.958674267
19654,18423517,1698191615,33374337.13996895721222150804053736,52511639.200398497576345483424703,5251.1639200398497576345483424703,5251.1639200398497576345483424703,0.00015734136974816733,2042.4859307449894,1786.1586745932666,14352.868988541053,2272.3648367757914,29315532.974921167,4058804.165047792
19655,18430543,1698276791,32870890.94891111931936275411842727,34453103.476360481731258072504432,3445.3103476360481731258072504432,3445.3103476360481731258072504432,0.00010481341540120858,2042.2258655150456,1785.6249433105818,11619.210595164404,5119.68572619218,23729052.41431121,9141838.534599906
19656,18437756,1698363971,33007820.95358018587409876350700044,42065642.382622437473126780626537,4206.5642382622437473126780626537,4206.5642382622437473126780626537,0.0001274414401416577,2065.0078878444206,1805.5578391545257,12852.667196251152,3581.6973974705575,26540859.140097857,6466961.813482328
19657,18444981,1698451187,32076155.24934347797544908031319391,26821826.051442059369544661979048,2682.1826051442059369544661979048,2682.1826051442059369544661979048,8.361920511652043e-05,2035.1497694646157,1778.8070519579423,9388.53879772886,7290.882204037175,19107082.569807485,12969072.679535992
19658,18451976,1698535775,32616611.53383680529114750834137614,3941211.211717302232222829408527,394.1211211717302232222829408527,394.1211211717302232222829408527,1.208344774756461e-05,2033.1579897932386,1776.8070108054005,11031.82992720113,5733.407350013763,22429453.15852914,10187158.375307666
19659,18459245,1698623723,33630876.48744964752653102268395293,9600156.248657845133164752052239,960.0156248657845133164752052239,960.0156248657845133164752052239,2.8545661758891197e-05,2059.3470877960826,1799.3356980886404,11940.97524299056,5024.223053516373,24590612.592097726,9040263.89535192
19660,18466385,1698710135,33801168.10300625150912628004322081,29704492.099420293591010130425468,2970.4492099420293591010130425468,2970.4492099420293591010130425468,8.788007564974773e-05,2072.155989908504,1810.4269078542716,11140.375874370695,5919.36159289533,23084596.597909424,10716571.505096829
19661,18473507,1698796379,33519984.1216870674804040466948572,71870296.051829406651864358760791,7187.0296051829406651864358760791,7187.0296051829406651864358760791,0.00021441029265085513,2070.391969920541,1810.7892183104439,13083.126618793345,3552.4752211004175,27087200.29300342,6432783.828683645
19662,18480580,1698881843,33634383.27685963456894662014437011,53660999.855106724101057270318543,5366.0999855106724101057270318543,5366.0999855106724101057270318543,0.00015954209540100398,2112.6666866821224,1845.8142168906375,13673.000429210635,2572.2473690087904,28886492.51378367,4747890.763075963
19663,18487811,1698969443,32663304.00026343705328408361331918,99332874.980128626220907710691744,9933.2874980128626220907710691744,9933.2874980128626220907710691744,0.0003041115343975229,2058.873540195463,1798.3599292999504,6467.3102347317,10758.652796089946,13315373.918524409,19347930.081739027
19664,18494882,1699055027,24938646.72228664281402370395921836,43950573.771378871675425676543373,4395.0573771378871675425676543373,4395.0573771378871675425676543373,0.0001762347983866424,2097.394429459632,1831.7009507235841,5889.2816265095225,6871.482072635555,12352146.476960035,12586500.245326608
19665,18501880,1699139759,24887721.70800428645885598178026658,16463116.578260482758229395879134,1646.3116578260482758229395879134,1646.3116578260482758229395879134,6.61495526646205e-05,2134.089700016031,1863.4503984611142,5930.067594687067,6564.3955663567085,12655296.174220508,12232425.533783779
19666,18509128,1699227551,23495799.42468418944053513008194308,23169508.588431427641620090689097,2316.9508588431427641620090689097,2316.9508588431427641620090689097,9.861128012562975e-05,2176.9347934578172,1900.9384497339827,8265.044215259204,2895.0632798180854,17992462.32166502,5503337.10301917
19667,18516274,1699314023,22716749.44323599488662812769386943,19643941.241997565392061831668853,1964.3941241997565392061831668853,1964.3941241997565392061831668853,8.647338075847217e-05,2176.851431245205,1900.4290990702616,6006.985790394308,5072.766899150768,13076315.615289457,9640433.827946538
19668,18523496,1699401287,23939597.35456414340309884233389891,35430174.905437612779901207399598,3543.0174905437612779901207399598,3543.0174905437612779901207399598,0.00014799820724086974,2156.8802615965474,1883.2369036581654,9555.882999374759,1767.5428538070564,20610895.423477426,3328701.931086718
19669,18530662,1699487831,23411542.53763521822624439435175154,13887641.728006990760952299260773,1388.7641728006990760952299260773,1388.7641728006990760952299260773,5.931963562709256e-05,2167.110657372465,1891.5993777581252,5981.610965805367,5523.754019080917,12962812.872252813,10448729.665382406
19670,18537821,1699574339,26309525.18763076543913541668629798,59918733.555969093235873490744504,5991.8733555969093235873490744504,5991.8733555969093235873490744504,0.00022774540068149713,2434.857953305408,2125.2995448105867,6031.065244020332,5469.69392606729,14684787.176306725,11624738.01132404
19671,18544961,1699660571,25668776.09820775582961014031743735,58420000.648343591761782029321821,5842.0000648343591761782029321821,5842.0000648343591761782029321821,0.00022759168736690406,2386.1905743408774,2083.00454232219,6634.925316612079,4722.303598669193,15832196.251955405,9836579.846252352
19672,18552033,1699746119,25690116.5735665665101597663207148,71622935.575905168176449394894218,7162.2935575905168176449394894218,7162.2935575905168176449394894218,0.00027879568148632086,2339.83513628737,2041.9137503523261,7144.06602219764,4394.984791753967,16715936.694694785,8974179.87887178
19673,18559230,1699833155,25666185.42884384565243918631112443,24113373.431188077785500213712156,2411.3373431188077785500213712156,2411.3373431188077785500213712156,9.394996969081855e-05,2337.376924872542,2039.7611373402794,7259.07174846697,4264.714367156697,16967186.80086087,8698998.627982974
19674,18566418,1699919999,26790947.93424859062969739782191696,53737353.715363482958679766500428,5373.7353715363482958679766500428,5373.7353715363482958679766500428,0.00020058026258439168,2365.055755584816,2062.5772418342763,10068.031870264396,1444.5477006323997,23811456.72218017,2979491.212068421
19675,18573508,1700005535,28430616.43584267097184068704868318,45008022.904698326067448929893321,4500.8022904698326067448929893321,4500.8022904698326067448929893321,0.00015830829066356932,2271.6698634473755,1982.0571490969903,8547.60080901697,4547.441670552636,19417327.162622258,9013289.273220414
19676,18580719,1700092715,29608715.38504182169688399727829648,52101427.71445867958776062204409,5210.142771445867958776062204409,5210.142771445867958776062204409,0.00017596652552099597,2356.2063495032085,2055.5910871192796,6987.670163226399,6394.424776687571,16464392.806828164,13144322.578213658
19677,18587815,1700178395,29794328.02451815297444134616458429,40846628.728471448886938882685991,4084.6628728471448886938882685991,4084.6628728471448886938882685991,0.0001370953179237948,2246.5511671957424,1959.1855750486886,7080.616117705289,7088.333947373631,15906966.403695803,13887361.62082235
19678,18594879,1700263763,29069825.36464627333212798641571072,58315747.889364346421725604871098,5831.5747889364346421725604871098,5831.5747889364346421725604871098,0.0002006057730236177,2248.3734437001967,1960.8320158776216,9388.671774662469,4059.799620986205,21109240.28976869,7960585.074877584
19679,18602058,1700350955,29488484.46606920706342163417511688,16291727.111557682160469625823049,1629.1727111557682160469625823049,1629.1727111557682160469625823049,5.5247759952884945e-05,2246.213034420436,1958.4872577276526,7209.6066552262855,6787.979840869758,16194312.442013606,13294172.0240556
19680,18609274,1700438291,37203997.31190158499805122189750804,20156934.089494789600321356556098,2015.6934089494789600321356556098,2015.6934089494789600321356556098,5.417948485617854e-05,2305.0104093362183,2009.5509525125883,9133.347900833056,8037.385321430967,21052461.98350929,16151535.328392295
19681,18616414,1700524607,30253939.50704540841383611975400115,13197447.027906637322807406106335,1319.7447027906637322807406106335,1319.7447027906637322807406106335,4.3622243063034066e-05,2323.442415267043,2025.4863589156562,7641.046123336433,6171.559137907906,17753530.65997168,12500408.847073728
19682,18623571,1700611175,29019600.81417360298356356152159497,39168048.141865755992247380534667,3916.8048141865755992247380534667,3916.8048141865755992247380534667,0.0001349710093969849,2228.3323783576793,1942.634378804275,7967.716255713055,5798.765234935828,17754720.114172217,11264880.700001387
19683,18630696,1700697371,34830380.70495419025394120848424482,50645898.1462011462956925371698,5064.58981462011462956925371698,5064.58981462011462956925371698,0.00014540724827333682,2366.6514210244063,2063.0392996975497,10751.360135610596,4549.432947516898,25444721.74288797,9385658.96206622
19684,18637846,1700783831,35508287.4876553524690444449425219,47284796.325709857856623479609066,4728.4796325709857856623479609066,4728.4796325709857856623479609066,0.00013316552182965366,2371.055562143819,2066.8470045767913,12082.51813744908,3319.0485981606494,28648321.834502216,6859965.653153136
19685,18644962,1700870015,42790631.62763202219185520986577519,25352213.551236267585447202918814,2535.2213551236267585447202918814,2535.2213551236267585447202918814,5.924711224609523e-05,2381.579189331391,2075.618472853693,11993.694648079969,6854.197067830928,28563933.57706253,14226698.050569491
19686,18652078,1700956055,43479223.6214580998779296375885835,28469737.056124687140867060380184,2846.9737056124687140867060380184,2846.9737056124687140867060380184,6.547894530958034e-05,2387.6552876088244,2080.8152078656653,8548.604279491112,11086.08939643283,20411120.209602375,23068103.411855724
19687,18659039,1701040343,36132147.59422300308331956136097876,16452598.840900653683594075616846,1645.2598840900653683594075616846,1645.2598840900653683594075616846,4.55345168675531e-05,2375.8933539405703,2070.098529017894,8159.725677128886,8089.233122588976,19386638.006268736,16745509.587954266
19688,18666408,1701129575,35401040.9448156982483418554934298,42038631.312846534553556324618172,4203.8631312846534553556324618172,4203.8631312846534553556324618172,0.0001187497039377394,2322.4985866171305,2023.531351168504,10696.360770085415,5217.985957197137,24842282.770470295,10558758.174345402
19689,18673517,1701215543,34269971.71114760456866274036934021,28783271.892984949745297962400101,2878.3271892984949745297962400101,2878.3271892984949745297962400101,8.398977430034499e-05,2354.4127345883685,2051.0110356619707,9238.925232472657,6103.198994179981,21752243.221243422,12517728.489904182
19690,18680585,1701300959,35659455.58538169808305902069230375,15381073.563335100718142487697369,1538.1073563335100718142487697369,1538.1073563335100718142487697369,4.3133225986883675e-05,2326.588062625937,2026.4307218872957,9172.891724257248,7065.583365529366,21341540.385417156,14317915.199964542
19691,18687797,1701388163,34166112.29156113438258929097486583,18406156.084477951614689007929438,1840.6156084477951614689007929438,1840.6156084477951614689007929438,5.387255045996025e-05,2351.1002638260557,2047.912265087631,12573.406593113554,2248.5205112546914,29561339.55826154,4604772.733299593
19692,18694990,1701475067,34916472.24339613711161934366744037,39096941.771683924094807108129744,3909.6941771683924094807108129744,3909.6941771683924094807108129744,0.0001119727717598345,2399.789116886364,2089.8840479363666,7834.555548536715,7711.045556947921,18801281.141020082,16115191.102376053
19693,18702149,1701561491,29910074.05202897093409833195601193,27283177.959700215889671261709496,2728.3177959700215889671261709496,2728.3177959700215889671261709496,9.121735343162562e-05,2482.460735778911,2161.62318673234,6571.309375899099,6290.2066498730965,16313017.50832533,13597056.54370364
19694,18709281,1701647915,37449215.69552252924315785660935341,23809400.734825939875677503785679,2380.9400734825939875677503785679,2380.9400734825939875677503785679,6.357783545697224e-05,2514.1022561095297,2188.763169868322,8698.801437505566,7117.9648810420385,21869676.319481567,15579539.376040963
