day,blockNumber,timestamp,totalValueLockedUSD,dailyVolumeUSD,dailySupplySideRevenueUSD,token0Balance,token1Balance,token0PriceUSD,token1PriceUSD,outputTokenSupply,outputTokenPriceUSD,dailyLPFeeROI,dailyCRVRewardROI
19228,15405683,1661382225,817831.5485978845,18422.726759271734983592575,20.38526564798091994466576439062425,495.2820480219727,433.0886153655716,0.0,1888.37,0.0,0.0,0.0,
19229,15411862,1661468542,717908.5069175303,10480.86313695275308243686,14.711078733777328316572887577356,497.2640614361579,431.2384409269386,0.0,1664.76,464.10295971320244,1546.8733648265675,2.0629693168873427e-05,
19230,15418280,1661557041,713354.0279220842,6452.98128066367012102434,9.086539717988440442437312329072,500.8119735114399,428.50262375482606,0.0,1664.76,464.10730072879574,1537.0454780648613,1.273157407140478e-05,
19231,15424211,1661639687,717906.1988794012,42127.08129720175794200706,57.128127501990422450521900684248,497.4222693894449,431.2370545180093,0.0,1664.76,464.1094377514427,1546.84680052527,8.019254863368477e-05,
19232,15425880,1661662965,718017.737799401,55.76946,0.073589860363074,497.35186952148734,431.30405451800925,0.0,1664.76,464.1094377514427,1547.0871294454064,1.0330040059349522e-07,
19233,15436423,1661808034,713034.9470240505,3577.8492065693588227206,4.549544236717036194540324572925,501.9302667600723,428.31095594803486,0.0,1664.76,464.12711440502414,1536.2923752862562,6.380534720921024e-06,
19234,15442986,1661898674,714118.2167620987,58671.67818540422278608438,28.00642772146197768799020541701,502.07801878935334,428.9616621988147,0.0,1664.76,464.12711440502414,1538.6263689367604,3.9277777110856435e-05,
19235,15449391,1661987238,719081.6701131649,53071.89060568749653060892,24.401605725040366997227203121881,498.95127849251395,431.9431450258085,0.0,1664.76,464.12711440502414,1549.3205369718019,3.422217357912656e-05,
19236,15455639,1662073515,1432878.014576319,319720.377738349016883386055143,165.6634771524195118739019595629096,466.2912548829397,462.6868300287732,1421.033486,1664.76,464.12711440502414,3087.2534055959222,0.0002323357050644416,
19237,15462151,1662163010,1433249.151260144,155747.294407280620358924427648,65.72345623402596879500701773147617,464.824331460978,464.1619279334745,1421.033486,1664.76,464.12711440502414,3088.053050073278,9.217424266276411e-05,
19238,15467659,1662239961,1399816.0580420645,300299.038273953262820096387607,127.2703974261703632081188032082275,497.68727370811905,433.7027869195848,1459.48419,1552.79,464.12711440502414,3016.018703920203,0.00017849110756401338,
19239,15474498,1662334017,1400088.2046899304,208477.564310291158837945475465,83.00676903428049219139879290723292,500.64240674971717,431.10048827927085,1459.48419,1552.79,464.12711440502414,3016.605066232206,0.0001164133250140413,
19240,15480714,1662421018,1400352.086257801,414513.452155204144187848806835,172.6741425706862849184861747696987,498.44466084979683,433.33611380651,1459.48419,1552.79,464.12711440502414,3017.173620750312,0.00024216785347108948,
19241,15487060,1662508643,1439436.649861862,685778.13414714671255517631755,302.378721294025299367386553395249,514.8291271481286,443.1067164508199,1459.48419,1552.79,464.12711440502414,3101.384524166641,0.0004240727927236169,
19242,15491861,1662574661,1595110.9358191597,412305.09724057099144952648745,198.5638066283827681685550245363564,572.844916897742,488.8316103819845,1459.48419,1552.79,464.12711440502414,3436.7975632364664,0.00027847696309573066,
19243,15493310,1662595486,1595177.575121428,3115.156984228434304546712215,2.687033016235610795565380961176402,575.0021698895421,486.8469007090123,1459.48419,1552.79,464.12711440502414,3436.9411430881923,3.7684450495032723e-06,
19244,15503820,1662742260,1594399.591244043,233158.30720819099213013603618,91.71314746834303407011273756734547,523.6872208922847,534.5773554999168,1459.48419,1552.79,464.12711440502414,3435.2649129063334,0.0001286236359818274,
19245,15511390,1662849991,1594412.9144423949,9573.49543797572861362071159,7.800833207444809533858288823447168,524.61711750616,533.7119157379827,1459.48419,1552.79,464.12711440502414,3435.293618831797,1.094032380881563e-05,
19246,15514740,1662898048,1594428.4560509287,2649.564910824306054761511615,2.155305931360197659450410311122828,522.8070299939702,535.4232454832098,1459.48419,1552.79,464.12711440502414,3435.3271045042593,3.022721313107673e-06,
19248,15529025,1663102205,214731.98313890473,43364.179135496446717711184038,32.02955664139652631649272433262166,63.872455720721874,65.31975163164847,1608.783348,1714.260039,64.53220716868061,3327.516484561224,0.0001491606242032302,
19249,15535164,1663191014,214745.31543058605,2829.2288893814699784930158865,2.558327111658841738898702486627934,63.52753312347145,65.65122877604847,1608.783348,1714.260039,64.53220716868061,3327.723083595509,1.1914047801644548e-05,
19250,15542041,1663280723,214613.3720790298,25326.4633736019324668149193835,14.62460410035114541026267419136503,68.52079630513718,60.88822793332649,1608.783348,1714.260039,64.53220716868061,3325.678471186524,6.8106315075062e-05,
19251,15547417,1663346339,214613.0632140212,3760.8169763175104556990076395,2.259468413528496686061534031383425,68.74803678136742,60.674789160424346,1608.783348,1714.260039,64.53220716868061,3325.673684971669,1.052227237181945e-05,
19252,15554170,1663428227,506368.95935850084,169155.23915159895805866201579,97.01264795153596775957730389232824,150.12027862582883,154.50278772329656,1608.783348,1714.260039,64.53220716868061,7846.763369411866,0.00045178480882738804,
19253,15562841,1663533263,506621.45791500685,96129.504189022511540435349858,46.03729983282294745849366208823967,148.03731281999418,156.60488377488994,1608.783348,1714.260039,64.53220716868061,7850.676121936291,0.00021439423769044493,
19254,15569989,1663619987,506608.4326872828,83873.64619628942342219460921,33.13382748890982308830184034556977,149.829702272295,154.91518007427393,1608.783348,1714.260039,64.53220716868061,7850.474281207521,0.00015430317833685904,
19255,15578114,1663718351,506174.2128846983,20046.112609097827304021123697,9.078506536434372163788342046023713,158.67629816219377,146.3596076272288,1608.783348,1714.260039,152.0736180479624,3328.481424865267,1.791771634080345e-05,
19256,15584042,1663791119,506140.6672751198,18865.3595161532545684871128755,9.054725754944596239086504504081773,159.6955997470906,145.38345407532856,1608.783348,1714.260039,152.0736180479624,3328.260836902614,1.7870781605956216e-05,
19257,15585279,1663806107,451407.47742302367,7268.3945752402579990752691975,3.175156519397976867818178895729401,159.50583452450516,145.571975219814,1265.528989,1714.260039,152.0736180479624,2968.348377695956,6.266620354780311e-06,
19258,15597197,1663950011,387864.44621677854,41535.2631279949604070354269175,16.71343753992598654786636480601032,152.38589010622206,154.43760547262758,1265.528989,1262.7474,152.0736180479624,2550.5044937804414,3.298633224730228e-05,
19260,15610604,1664111519,387972.0968534277,2914.0349641532562193095250315,0.8149518398289419086194667322194286,154.73104403653466,152.17253674563696,1265.528989,1262.7474,152.0736180479624,2551.2123788037015,1.608422689224158e-06,
19261,15619487,1664218823,388257.0896939946,7623.9868086318461740796468,4.30399938782483021644557062260886,160.86799016453463,146.2477647854267,1265.528989,1262.7474,152.0736180479624,2553.0864240472165,8.494551372799408e-06,
19262,15625738,1664294351,385728.6824615677,0,0,158.87008473968555,146.2477647854267,1265.528989,1262.7474,152.0736180479624,2536.460218497024,0.0,
19263,15634038,1664394635,385302.9187809824,29697.388175639246391246322182,20.02902481510369823099689811344546,148.61851044272424,156.18474883711158,1265.528989,1262.7474,152.0736180479624,2533.660497637808,5.192516327094576e-05,
19264,15637835,1664440415,385087.5455146892,6421.4236331466179416371080005,8.448182577717884313488246476459212,143.45931589005548,161.18474883711158,1265.528989,1262.7474,152.0736180479624,2532.244254182449,2.190187808644389e-05,
19265,15647793,1664560691,399499.3811864026,5769.1753809545909900603804055,9.334797494544971183153327340016099,138.9961680340651,165.53096599745453,1289.286905,1330.829193,152.0736180479624,2627.0130632415458,2.420042355931114e-05,
19266,15653956,1664635067,399561.0337038662,28352.696292926516888710263288,41.51075876966413412533321026152465,141.31090543606857,163.33481030833508,1289.286905,1330.829193,152.0736180479624,2627.4184755560223,0.00010761646892514942,
19268,15670622,1664836295,405197.15482016234,18136.9966010734616219308117045,4.569644405985190319510982001706917,157.37105274766856,152.01103067967418,1289.286905,1330.829193,152.0736180479624,2664.4802696307747,1.1846784057704834e-05,0.0
19269,15677161,1664915411,405262.51343875425,61655.592621844233215255945336,37.33548241973029222651171416079641,157.08870843164362,152.33367272134453,1289.286905,1330.829193,152.0736180479624,2664.9100523861985,9.679208240743215e-05,0.0
19270,15682461,1664979659,405365.737221805,40758.070261026893656056977107,29.44509063146514212280749225392167,144.02513272733407,165.06702795598068,1289.286905,1330.829193,152.0736180479624,2665.5888274714216,7.633627461551014e-05,0.0
19271,15688716,1665055127,405374.9191027988,35246.0975772371339510350585145,14.99092433031975750052990651360322,149.04844351512452,160.20742089936755,1289.286905,1330.829193,152.0736180479624,2665.6492053404545,3.88639087833801e-05,0.0
19272,15698144,1665169115,405388.51998434035,37638.5359596941149134114201815,32.1793367306178249245676672192755,157.71687708038507,151.81979530494507,1289.286905,1330.829193,152.0736180479624,2665.7386415077276,8.342479622013597e-05,0.0
19273,15700256,1665194531,405365.858525104,5547.00297283977542054176502,3.386466116179831043398574576328825,162.01046931478507,147.6432009443058,1289.286905,1330.829193,152.0736180479624,2665.589625133111,8.77939927767037e-06,0.0
19275,15718597,1665415727,402701.52212542924,7608.211889901466624872323399,9.524060072175602620374622745537067,167.9460049234691,141.88023502645174,1287.225798,1314.609409,152.0736180479624,2648.069581657625,2.4691086002204508e-05,0.0
19276,15723204,1665471227,402757.0939347398,4766.9209306092358309355015875,7.291399787727787587219068044062536,171.67084235503253,138.27525928726322,1287.225798,1314.609409,152.0736180479624,2648.435008679247,1.8902923529556994e-05,0.0
19278,15742230,1665700823,402818.2865316899,71086.4912530517656006448737965,53.90104032295052443535717477219806,165.4886642912223,144.3752093055856,1287.225798,1314.609409,152.0736180479624,2648.837396665642,0.00013973822215909747,0.0
19279,15746892,1665757043,402834.43282654986,46557.559233564614258115527259,13.93596479511869710903821420294741,158.86503121622079,150.87315280652703,1287.225798,1314.609409,152.0736180479624,2648.9435708664478,3.6128930589721476e-05,0.0
19282,15765444,1665980843,398989.0306732638,6345.429249375269417954749047,4.941275861583863424587098040335367,163.86503121622079,146.02459411668843,1263.379525,1314.609409,152.0736180479624,2623.6571194579383,1.2810237055877194e-05,0.0
19285,15786739,1666237931,397823.16308806767,5902.606999271175475521319245,7.487045861997986853326923402397086,168.53697977147934,141.50703310913664,1263.379525,1306.62759,152.0736180479624,2615.9906510713677,1.9410135160856136e-05,0.0
19288,15808280,1666497611,392272.87094193464,0,0,166.18560971072816,139.53277558126527,1263.379525,1306.62759,152.0736180479624,2579.493247922963,0.0,0.0
19291,15834034,1666808819,414870.72932968545,21977.663278559377300260552006,7.954736154277367029029458692637332,149.74967230034557,155.48093110147417,1302.243802,1414.065025,152.0736180479624,2728.091398462287,2.0278578366065115e-05,0.0
19292,15840398,1666885631,503123.98818076774,42178.6673337075718570835283745,39.90870514519413440015713721865762,185.56543502875226,184.90843485018763,1302.243802,1414.065025,152.0736180479624,3308.42387153627,0.00010173710215892432,0.0
19293,15849566,1666996379,746782.2513430231,71161.1741616641306032383605155,20.32659312766548424247397524052115,284.3926325633991,266.20678794659625,1302.243802,1414.065025,238.10180146241137,3136.3989972201703,3.129638926554259e-05,0.0
19294,15853331,1667041871,954336.3214508127,168185.3360827955608731327239555,81.0388044222359683731834916387418,384.16446176464893,321.1030073876077,1302.243802,1414.065025,351.1232551643794,2717.9524779810936,8.491639959698713e-05,0.0
19295,15858308,1667101943,1050822.5804041917,60332.02341540310593229348852,25.00193281987414300911512377633165,369.00650374966085,403.29556131869253,1302.243802,1414.065025,351.1232551643794,2992.7456098350594,2.6198240869492848e-05,0.0
19296,15869450,1667236295,3671684.1890691174,28968.686814853351743052723891,18.39409353278731403352194990963165,1407.726311403283,1300.1391680215484,1302.243802,1414.065025,1348.7682594112684,2722.2498479255373,5.00971559251962e-06,0.0
19297,15877364,1667332067,3669950.712509203,121631.729916676791732843670604,51.47362162628509193465693000563174,1316.9628945392544,1382.4993271660042,1302.243802,1414.065025,1345.6936857451772,2727.1813425185014,1.4052007902552118e-05,0.0
19298,15885177,1667426435,4140443.9265390937,368333.739401628117871949436709,269.5607763606420133045964667788561,1482.7200898642798,1372.2402203602273,1483.764225,1414.065025,1345.6936857451772,3076.810102030259,7.358856905657369e-05,0.0
19299,15892530,1667515211,5246726.1725700535,116527.1802140314250509569198,118.1073497051635499685611873956541,1887.9821595167843,1585.4858346835108,1483.764225,1542.37,1427.2327086435178,3676.1532585367177,2.7276871275913495e-05,0.0
19300,15895556,1667551727,5211055.655813957,0,0,1887.9821595167843,1562.358753142702,1483.764225,1542.37,1717.7654034378836,3033.6247577141253,0.0,0.0
19301,15907158,1667691659,5397636.651026128,627313.4205279185290431682157625,484.8841122038648889607612225276102,1698.748053863697,1865.3728102950663,1483.764225,1542.37,1777.3528547312214,3036.896492813961,8.985774632684008e-05,0.0
19302,15914186,1667776367,5133595.830558869,191978.2822492074735982271364625,198.629236060755818717009982226226,1571.3144283156892,1816.7726911167379,1483.764225,1542.37,1689.7077572411226,3038.1560412202693,3.8712374205864786e-05,0.0
19304,15928537,1667949395,5088774.281743277,1069918.957669665604520543014875,882.1884861289245990202987065867017,1730.0099134321147,1635.0470142036988,1483.764225,1542.37,1675.9160872514162,3036.4135295634724,0.0001734325495274779,0.0
19305,15935322,1668031439,5090339.189201064,2357937.1211045354043019426634,1613.327115375765996803096275517718,1839.1372624781998,1531.0808134698398,1483.764225,1542.37,1675.9160872514162,3037.347291981347,0.0003171696743280093,0.0
19306,15941921,1668111095,5088487.977522659,744621.6257459862609554751446,1001.378880060582367726673254272604,1548.09635940307,1809.8627324102788,1483.764225,1542.37,1675.9160872514162,3036.242695102967,0.00019686460993608638,0.0
19307,15949824,1668206531,4107475.880993109,3201440.4345938990567067245008975,2685.433732772200194276452177485947,1842.4587381105514,1496.6239881492688,1194.697587,1273.73,1659.209187455169,2475.5624016842607,0.0006534285606816068,0.0
19308,15957277,1668296375,2175386.7988763773,1757590.5769052475774197518914575,1374.591139866679158519752331842154,809.0357850601687,949.050190125335,1194.697587,1273.73,749.368672803893,2902.95935475497,0.0007399413590143712,0.0
19309,15964440,1668382655,2372482.668016782,697057.51534316915090594639166,413.4490358328153110624447976425621,1046.7622204617255,880.813334904883,1194.697587,1273.73,867.7111491827043,2734.1848381819455,0.00019204451269061443,0.0
19310,15970325,1668453587,2432419.0795445363,181001.992028042093086411343011,166.900754743895574954426667703935,920.1989930259135,1046.5793873243524,1194.697587,1273.73,867.7111491827043,2803.2589898558153,7.752436536204202e-05,0.0
19311,15977966,1668545927,2461151.4107105103,702834.543346264891333559331067,472.5264336038241993873499344512707,1088.4490223671544,911.3265685160605,1194.697587,1273.73,958.4225708582532,2567.918875811309,0.00019915689115333998,0.0
19312,15985342,1668635051,2136411.3281614063,752262.453213257320003180238373,875.2977440827176695289908806409431,939.7554629058457,795.8419321659412,1194.697587,1273.73,849.0378532402134,2516.273355785191,0.0004155470565703385,0.0
19313,15991385,1668707903,2150106.6959990985,255251.2793613380219691120828245,151.9699448840642442844212991559043,926.9929722845069,818.5647106096582,1194.697587,1273.73,849.0378532402134,2532.4038119072898,7.214763628793448e-05,0.0
19314,15994619,1668747023,2156252.040991392,10027.642475953221318040945,8.9425984135499602193559291339915,935.2929722845068,815.604393289813,1194.697587,1273.73,849.0378532402134,2539.641822519939,4.2454930039098646e-06,0.0
19315,16004345,1668864323,2202355.3957709395,120783.730622596618387585916581,70.07342451622698212069099126165879,912.1882457910317,873.4710650095632,1194.697587,1273.73,849.0378532402134,2593.9425284349954,3.326731446342003e-05,0.0
19316,16013665,1668976727,2238656.1444651987,76698.058763630310981542021764,55.69917486028021565298470082132955,877.2204616510039,1011.0138129743551,1159.738528,1208.005036,889.6535340985637,2516.323555926189,2.6300054699776263e-05,0.0
19317,16020507,1669059263,2204840.612754225,111383.547889562072266397559294,63.55490948792027715543287593133242,973.2053750488383,890.8711566442485,1159.738528,1208.005036,926.1076818140508,2380.7605271510156,2.8823442395730277e-05,0.0
19318,16027470,1669143407,2204840.7996620825,25237.983089193460666873925024,19.35710381759016589748108762548684,994.9672428610993,869.9789509968007,1159.738528,1208.005036,926.1076818140508,2380.7607289718853,8.778839767532462e-06,0.0
19319,16035881,1669245131,2607225.3558916706,305099.630354304415711461873894,147.6844289284877815634216161361542,1166.437058074957,1038.458716454531,1159.738528,1208.005036,926.1076818140508,2815.2507608884775,6.697788832152557e-05,0.0
19320,16043181,1669333187,3200526.110705208,385940.44692249910943424701301,149.1917132920296068458398921281033,1411.4681019085922,1294.3589846746163,1159.738528,1208.005036,926.1076818140508,3455.8898209720583,6.766147239672263e-05,0.0
19321,16046806,1669376951,3387822.748091851,161018.876096892631412831793866,54.46830121700567187104693837605887,1446.9213307865925,1415.3685480112574,1159.738528,1208.005036,1345.8047099038997,2517.321215448686,1.699579942666886e-05,0.0
19322,16055261,1669478987,3601194.4822040354,193347.33351471274374499047171,68.7601834148429641978051103532264,1516.2914912516242,1525.4016044689336,1159.738528,1208.005036,1512.0430134331068,2381.674628440293,1.9094708232716133e-05,0.0
19323,16064347,1669588643,3601854.044287508,81275.069552769208167037540182,73.24032450828556162149057377166488,1446.4431696899096,1593.0050906142726,1159.738528,1208.005036,1512.0430134331068,2382.1108343402657,2.033884375958882e-05,0.0
19324,16071641,1669676519,3543962.5131079964,201571.849190155491016998793353,116.8551134018766923042247017284348,1592.528542900288,1451.9404265965816,1155.109071,1173.89,1512.0430134331068,2343.823873807266,3.2450673996138986e-05,0.0
19325,16077292,1669744751,3541401.761917318,402413.9552613441470695383510595,446.0913294036623356514024576784623,1390.4608163590535,1648.5938717178867,1155.109071,1173.89,1512.0430134331068,2342.1303034736657,0.0001238795965496022,0.0
19326,16084339,1669829867,3514975.3890839755,447955.1886460398685431912213295,195.5168655165121438788631994512551,1566.6569008299582,1452.7049312887434,1155.109071,1173.89,1499.8785422964718,2343.5066840160125,5.567209962697482e-05,0.0
19327,16092070,1669923239,3242365.1060977504,372811.473943620582666625873194,150.3201335649350494856841858874519,1487.1416371619296,1298.7199065927934,1155.109071,1173.89,1383.1184966204937,2344.2424593555306,4.636972403684281e-05,0.0
19328,16100172,1670020895,3243850.605262032,206068.1753934967424250836341785,190.4994530708474097804711148889403,1544.4840736970998,1243.5603350565038,1155.109071,1173.89,1383.1184966204937,2345.3164809725586,5.87639650030569e-05,0.0
19329,16106629,1670098811,3249155.014693562,31071.3530396372821436839684975,31.94740264077490151603104498163394,1520.373942671292,1271.803390608931,1155.109071,1173.89,1385.6708428047348,2344.82455307853,9.832526455740054e-06,0.0
19330,16114786,1670197259,3279831.585697454,11712.738784089957764884611763,12.049292970019389701753591650635,1538.2762193249882,1280.3199371760338,1155.109071,1173.89,1385.6708428047348,2366.9629787827175,3.7084389373634733e-06,0.0
19331,16120463,1670265971,3274296.2254215227,185063.6932441420022458155060895,62.29178304153410805239478260461265,1376.1784192695907,1435.1089539980555,1155.109071,1173.89,1398.177978752825,2341.8307791846323,1.902200711486386e-05,0.0
19332,16127157,1670346635,3591992.8263923917,165162.792070290199129294675824,62.16208821287683571629286046991308,1460.9019179902375,1453.0266132836916,1211.903632,1253.604352,1398.177978752825,2569.0526392043807,1.898240227722685e-05,0.0
19333,16133923,1670429363,3771013.266882788,239417.549807969496613842143608,114.4373535526264089836925240591969,1494.6508964444865,1563.2048610737902,1211.903632,1253.604352,1507.9484345575568,2500.7574400176563,3.059857780886885e-05,0.0
19334,16142709,1670535287,3771255.673504809,344056.376325698863370719615144,173.9619162777206332465090222541366,1456.4622049173856,1600.3165865642281,1211.903632,1253.604352,1507.9484345575568,2500.918192611356,4.651442091026577e-05,0.0
19335,16144855,1670561159,3759380.441165648,65617.513505031676781065164656,81.72383408736727323663361075769151,1392.4548005006357,1652.7219355434179,1211.903632,1253.604352,1515.7494546133278,2480.212300076121,2.1738644270338245e-05,0.0
19336,16153898,1670670419,3467773.237561463,8989.751859666024423825333272,12.8258938332549630634553324046276,1288.3232650372624,1520.7745493473733,1211.903632,1253.604352,1398.1640115558685,2480.2335125923787,3.698596463670193e-06,0.0
19337,16164243,1670795207,3422052.311212181,655306.403417878013857824394488,286.2009076475509942334845711652182,1495.6945828192845,1283.8297915631078,1211.903632,1253.604352,1380.0554363230162,2479.6484410291578,8.363428773716528e-05,0.0
19338,16167899,1670839295,3425348.4029122684,190308.448425973221673543894224,79.08073637357407203985855327650962,1339.3235288923277,1437.6285077100624,1211.903632,1253.604352,1380.0554363230162,2482.0368173315396,2.3109154735732723e-05,0.0
19339,16176192,1670939483,2673931.893426153,2436.38889691952063642420704,1.739552679372664392111310378496224,1044.168505498719,1123.5604654252531,1211.903632,1253.604352,1077.835856472726,2480.834050350426,6.505661675420471e-07,0.0
19340,16185750,1671054851,2766717.585586644,180748.080899406764613781951928,98.70184761336276873126793194386861,1176.0574533785157,991.9010940881168,1295.230988,1253.604352,1076.2452126180651,2570.7130244568984,3.6967181144845516e-05,0.0
19341,16193431,1671147575,2822000.550332728,428016.564555415972466274121496,525.9281552034001460361857894313637,1200.2598008593516,969.0346994118217,1295.230988,1307.885944,1076.2452126180651,2622.079538424104,0.00019697788696658957,0.0
19342,16200359,1671231167,2821329.32783233,264047.648033554846494028226366,155.8888749696420452744197972593777,1001.1012877898021,1165.7529655049736,1295.230988,1307.885944,1076.2452126180651,2621.455867821412,5.8385657602307505e-05,0.0
19343,16207489,1671317183,2821701.553648614,270304.066827358861071450367484,363.1768590863672234453366220504455,973.2589427562572,1193.6105122960105,1295.230988,1307.885944,1076.2452126180651,2621.801723776839,0.0001360220204798288,0.0
19344,16214815,1671405539,2826151.911820191,206949.818174982781475980799106,127.1690452314588704543430621355559,1134.7976466470066,1037.0375497922726,1295.230988,1307.885944,1076.2452126180651,2625.9368020279667,4.7629109735651346e-05,0.0
19345,16218889,1671454691,2826755.9408564745,73956.535840014840953698721536,74.49611564138977375074269035947921,1192.1294758708777,980.7222930138894,1295.230988,1307.885944,1076.2452126180651,2626.4980394013846,2.7901315609514247e-05,0.0
19346,16222597,1671499415,2826719.1405355562,5249.943936459162944213078438,6.318814147118470912584556462202267,1188.0619820062866,984.7222930138894,1295.230988,1307.885944,1076.2452126180651,2626.4638461520335,2.3666096719096934e-06,0.0
19347,16235502,1671654947,2659453.1317650313,160939.63132937909554200662245,66.9685570430228436984204512809102,1077.274164790807,966.5477763985814,1295.230988,1307.885944,1007.9010088738103,2638.605486402481,2.5366468901176406e-05,0.0
19348,16242839,1671743363,2710591.1401452757,170578.727538499666521779140402,77.01902006244999902073979119312356,1079.6551251552287,1003.2896000686777,1295.230988,1307.885944,1007.9010088738103,2689.3426202380588,2.9173401122531234e-05,0.0
19349,16250657,1671837419,2313403.173593768,331917.6072532662121370952418705,156.8188076582938765704703438099199,1021.2083072283106,893.7528432027632,1198.526551,1218.97,951.225429898375,2432.024103729988,6.780177179235156e-05,0.0
19350,16253583,1671872711,2313282.051211663,81113.626393664491986482538366,32.83340836038290070120308897379977,967.4515005424013,946.5087254048947,1198.526551,1218.97,951.225429898375,2431.8967707358333,1.4195767038776045e-05,0.0
19351,16265097,1672011503,2314892.3514909707,173660.009238104640796128030723,83.5606989812710773712145852284767,932.1341538336918,982.5547954645093,1198.526551,1218.97,951.225429898375,2433.589639985008,3.612808646959434e-05,0.0
19352,16266146,1672024151,2314854.7064099265,18040.022438567803602518210501,13.66748721191447093568092739523077,917.066615309808,997.3387523281281,1198.526551,1218.97,951.225429898375,2433.5500646331925,5.909239221715876e-06,0.0
19353,16279272,1672182575,2338094.7793949284,193308.8715156783162609837556555,94.85757089926590280778965095095027,1026.195269481187,909.1056403448205,1198.526551,1218.97,951.225429898375,2457.981784238801,4.101237262881767e-05,0.0
19354,16286269,1672266875,2364996.448539974,138164.249299100120398006749959,57.70500054098302871522372335655667,957.4979456240519,998.7200162281221,1198.526551,1218.97,951.225429898375,2486.262850219049,2.4949183942799405e-05,0.0
19355,16293386,1672352747,2239866.1308154967,292020.631890568931539985025509,211.6798280155176474472031573700582,895.3967743506112,957.1271836686167,1198.526551,1218.97,920.8151290867117,2432.481895727597,9.450609704445169e-05,0.0
19356,16299669,1672428491,3250016.678501053,134245.6992497770090785252960635,77.56381542571995736675028541799853,1463.4856319145354,1227.2576779120645,1198.526551,1218.97,920.8151290867117,3529.4996529048162,3.462896553007247e-05,0.0
19357,16307096,1672518047,3190707.8378495434,305506.4929796631785016793556285,101.2509741712729626647405079185373,1411.8655467462704,1278.0563175277343,1173.62116,1200.035191,920.8151290867117,3465.090588828802,4.520428082629645e-05,0.0
19358,16314750,1672610255,3185175.4187591625,367125.69320178787441584186873,287.1829700940078103085086425948896,1392.2640637035008,1292.6161373622137,1173.62116,1200.035191,1333.4616313084782,2388.6517196851505,9.016237171825363e-05,0.0
19359,16322464,1672703183,3185333.691379006,308597.390635917122467054947768,146.7362657131083981577541566067887,1425.5922474205925,1260.1534318456863,1173.62116,1200.035191,1333.4616313084782,2388.7704127289753,4.6068503746733014e-05,0.0
19360,16329168,1672783991,3185637.568273948,385574.474481737168038025690439,169.9839890676297923705843099575257,1458.3573683969646,1228.3627288071382,1173.62116,1200.035191,1333.4616313084782,2388.998298472222,5.3367229969974405e-05,0.0
19361,16334472,1672847939,3180461.353171618,230110.225189995357548439592851,128.0548344063928961128188767585598,1262.4793456281097,1415.6158851174184,1173.62116,1200.035191,1331.0993877858518,2389.349272004393,4.026297451427735e-05,0.0
19362,16342758,1672947875,3180744.803068828,42607.6052274200570052792969745,51.08099329543088950825642144615873,1226.2957101193435,1451.2392822449656,1173.62116,1200.035191,1331.0993877858518,2389.5622162066143,1.6060875333225454e-05,0.0
19363,16347131,1673000711,3180684.388321055,0,0,1226.2442329052033,1451.2392822449656,1173.62116,1200.035191,1331.0739516839185,2389.562491473315,0.0,0.0
19364,16354826,1673093555,3180810.6835089335,9537.13393406075618284177342,12.77982575472225500726344713312527,1218.171792953523,1459.2392822449656,1173.62116,1200.035191,1331.0739516839185,2389.657373645503,4.017948401811778e-06,0.0
19365,16365143,1673217959,3197986.739871694,14595.760215101650513068468539,18.18364109538121765166174069588737,1197.802482275035,1413.679114140501,1253.563986,1200.035191,1295.7408062345785,2468.0759643319716,5.872554798436225e-06,0.0
19366,16370672,1673284499,3347995.0672438983,200261.9642895254757039800859845,156.8877420297538595765571977647787,1213.1554167173206,1399.1498641599278,1253.563986,1305.955262,1295.7408062345785,2583.846284021238,5.0668172421566374e-05,0.0
19367,16376381,1673353379,3368942.315684125,252530.114184155028931432444365,139.3009418255759394868463291079307,1410.7544997302143,1225.5176944452492,1253.563986,1305.955262,1295.7408062345785,2600.012517529851,4.4988372243679115e-05,0.0
19368,16386474,1673475275,3589876.1314499835,238297.485296231781497936271482,333.5977290716898403763474113368687,1563.5462329541608,1248.0296460359766,1253.563986,1305.955262,1395.7180047893298,2572.064069626902,9.293671626161906e-05,0.0
19369,16392975,1673553755,3630283.550730857,301725.795719829756915126394571,175.9442304816958079342003252170972,1326.20690176593,1506.788477331812,1253.563986,1305.955262,1395.7180047893298,2601.015060544994,4.9016158088511174e-05,0.0
19370,16400764,1673647751,3630990.7808975317,70419.589596179829328195150659,82.50087117502110663350418373166982,1310.846330823353,1522.0743675039728,1253.563986,1305.955262,1395.7180047893298,2601.5217747696784,2.2983849671475475e-05,0.0
19371,16405411,1673703731,3627489.009279811,550838.354107182319305350884814,244.8428260276051054609824818617622,1426.7603470050417,1408.1291106443946,1253.563986,1305.955262,1395.7180047893298,2599.0128355672714,6.821056100873663e-05,0.0
19372,16413790,1673804915,3755988.2009184626,164189.926999624977168430041564,56.56030614709895824179215043979897,1427.9163739548321,1505.4142486459666,1253.563986,1305.955262,1395.7180047893298,2691.0795648046346,1.5757089050608076e-05,0.0
19373,16422214,1673906627,3830454.09389076,258655.194860085137156361947715,117.133276289227455150145026116437,1415.3802639393048,1574.4676929991747,1253.563986,1305.955262,1395.7180047893298,2744.432672464471,3.263206285479951e-05,0.0
19374,16427518,1673970503,4672733.518174709,118057.9483995887415994908291765,150.1109394074220473595274021001934,1339.2411970169555,1650.0440504435533,1549.264177,1574.43985,1485.2854499966807,3146.017163357489,3.9190298333507125e-05,0.0
19375,16434070,1674049463,4756129.55275001,57514.442379276238358011477123,89.16874694365044684129142771375063,1331.0377222914417,1711.0850512124712,1549.264177,1574.43985,1485.2854499966807,3202.1653162768403,2.3279780997585836e-05,0.0
19376,16441586,1674140159,4879128.240215894,21566.838010463691002449111579,30.90731568889246231276888302100653,1398.0364689227806,1723.279819660469,1549.264177,1574.43985,1485.2854499966807,3284.976797037093,8.06914490920634e-06,0.0
19377,16450782,1674251087,5670634.862369614,83477.303832557322544687412017,130.1301737522532000423170678962464,1575.4414416169698,2051.434276076794,1549.264177,1574.43985,1805.1579791132629,3141.3510218951396,2.295234756167348e-05,0.0
19378,16455284,1674305423,5670973.310251651,1522.874220732546527164575975,2.472469857698443724038856052435545,1576.6496349669696,2050.4603660261764,1549.264177,1574.43985,1805.1579791132629,3141.5385112373215,4.36093996290952e-07,0.0
19379,16463462,1674403979,5866962.156925187,93232.83291978182716126405457,145.0328547095990850537854861831625,1640.397021108198,2112.2139509265744,1549.264177,1574.43985,1805.104987394438,3250.2054993453867,2.557716307012114e-05,0.0
19380,16472058,1674507671,5933449.595364955,107974.4133679770682007248356705,183.8870282310892222192833848355093,1635.8358597210672,2158.931443743061,1549.264177,1574.43985,1859.911167121686,3190.179025887184,3.146816198362671e-05,0.0
19381,16478274,1674582635,6044918.592148129,32425.145455183219498347275293,52.36350721457133372714715968562928,1687.488475991031,2178.9039112512937,1549.264177,1574.43985,1859.911167121686,3250.1114563998076,8.96084592213966e-06,0.0
19382,16484568,1674658571,6079803.023621293,320.93840641783089384560845,0.5105043830071168372423409977700975,1703.2572075624798,2185.5440509383,1549.264177,1574.43985,1935.2700002743536,3141.5787062060535,8.396725700219262e-08,0.0
19384,16496822,1674806471,6155127.14445184,0,0,1702.3722792126916,2184.40855015674,1554.074107,1606.62,1934.2645295326868,3182.153759464794,0.0,0.0
19386,16513320,1675005515,8223940.530400916,10042.846633275290980408098876,15.82825013218659397754180279545571,2272.174185433707,2920.9230945865083,1554.074107,1606.62,2584.2421312227357,3182.3413259305366,1.9246924069532985e-06,0.0
19387,16520829,1675096019,8060030.467555983,0,0,2226.887839775889,2862.7066366453237,1554.074107,1606.62,2532.736785286292,3182.3403499250335,0.0,0.0
19388,16526821,1675168283,7400988.087672427,6422.7216768161964316042624695,10.0730219121086802582663411484487,2048.5890122800774,2624.9697799126457,1554.074107,1606.62,2325.704771465897,3182.256053509134,1.3610374442957107e-06,0.0
19389,16535044,1675267547,7400779.326578314,6166.5452000972368398390430275,9.594374029846924732378617146911046,2052.4923849067213,2621.0641323898008,1554.074107,1606.62,2325.701791895947,3182.170367829097,1.2964005014162203e-06,0.0
19391,16549349,1675440479,7660108.544702141,167619.17914578213241533158205,241.0688526400222624399272689455327,2053.2171113361974,2620.631864744977,1635.874255,1641.323068,2325.701791895947,3293.6761589100834,3.257344152585054e-05,0.0
19392,16555119,1675510103,8107444.340060964,0,0,2175.373528089761,2771.4268318870695,1635.874255,1641.323068,2461.5358531914003,3293.652753239243,0.0,0.0
19393,16564350,1675621427,8107283.223515766,735.5167261251010186265965125,1.136865402553058766359552804879363,2174.9257931435013,2771.7749178535623,1635.874255,1641.323068,2461.4851066727424,3293.6552008939857,1.402277723172681e-07,0.0
19394,16569118,1675678931,7291835.313189397,0,0,1931.921173029313,2517.1492950352804,1635.874255,1641.323068,2213.808426858023,3293.7968907898826,0.0,0.0
19395,16580091,1675811435,6800783.334027296,87042.1552061307655118814796375,150.5966153630225228238481923393505,1749.1638034938553,2400.1193774203502,1635.874255,1641.323068,2064.3761651460036,3294.3527680897773,2.214775952021472e-05,0.0
19396,16587429,1675900235,6793617.223522293,1845767.717657503814385649778689,2494.635500343608089409077860783172,1964.7570915837548,2180.8757519222,1635.874255,1641.323068,2061.2312538509473,3295.902490722449,0.0003673857338478995,0.0
19397,16594262,1675982759,6153519.615969827,3205583.3195119675571844988403165,2453.460672325039800505693133274111,1726.8120956744588,2028.0420292206502,1635.874255,1641.323068,1866.7480831777957,3296.384590627028,0.0003986575972428771,0.0
19398,16601789,1676073479,6103202.014134819,4434869.026489144166729376647148,837.1300452517182971910001927369535,2100.113945647982,1625.3227228040255,1635.874255,1641.323068,1853.0073976512033,3293.6738525010687,0.00013708043716977446,0.0
19399,16608297,1676151995,5971762.184380073,812093.433298293816678358593464,158.3721920263616358881163173478997,2139.3164513102115,1786.2996444165638,1520.259492,1522.390743,1853.0073976512033,3222.740606405369,2.5933520653868276e-05,0.0
19400,16615712,1676241539,5962585.894982703,1047777.064473619512680121902793,273.8241240898797708861404975582919,2246.9696798543773,1672.769571581588,1520.259492,1522.390743,1949.2943182079007,3058.843315392441,4.5926564831054304e-05,0.0
19401,16623221,1676332163,5948212.968945364,3503129.862206771168015171734014,690.5855856231801671781389049267778,2142.7674337035864,1767.3849181497594,1520.259492,1522.390743,1944.3872953106234,3059.170867496907,0.00011610177129776787,0.0
19402,16630147,1676415887,5951908.26791192,5809828.98290230439749513232664,1011.443771949566150003468531982199,1687.3688133052644,2224.573309153271,1520.259492,1522.390743,1944.3872953106234,3061.0713628228477,0.00017004469241197923,0.0
19403,16636993,1676498579,5992051.839600598,2153390.275929364508920995291591,387.6156812198419216550660744182093,2195.1456818486186,1743.8760664136698,1520.259492,1522.390743,1958.6614810692977,3059.258528088958,6.468185491046688e-05,0.0
19404,16644509,1676589311,6005891.547173947,3018565.756390168781740247710686,510.2537220425897253755388404626192,2047.0803803516571,1900.8248581142154,1520.259492,1522.390743,1958.6614810692977,3066.324428811013,8.514659962367645e-05,0.0
19405,16651070,1676669111,6007293.412511313,2122205.520940339506156833615874,357.6240691070449381793672707478746,2058.8976402391086,1889.9449731358536,1520.259492,1522.390743,1958.6614810692977,3067.0401550102138,5.96771216212822e-05,0.0
19406,16658387,1676758151,6007734.407743598,692300.4465946958708119586022525,110.6824975251295633233981781122294,2108.125941099971,1841.075261618912,1520.259492,1522.390743,1958.6614810692977,3067.26530633756,1.846971005795847e-05,0.0
19407,16665681,1676846675,6335034.0532893445,1225277.634370983172687996371057,286.7216772521989812622847920483558,1780.4990327404848,2189.1629695118304,1686.197273,1522.390743,1958.6614810692977,3234.3690395294043,4.784556153494209e-05,0.0
19408,16671546,1676917787,6656357.448404243,1748542.171074948090911542586095,308.053868825703810621518330635971,1717.0132894019823,2249.1957197497336,1686.197273,1672.213,1971.5491966009156,3376.2066195863913,4.627964637018628e-05,0.0
19409,16677576,1676990963,6656502.071387939,84843.3584444192959084989121485,22.2689506635217448197213919178697,1710.9733916879175,2255.372613505703,1686.197273,1672.213,1971.5491966009156,3376.279974582526,3.3455160477988417e-06,0.0
19410,16685983,1677093263,7066293.10356408,559436.728130803522684200564827,138.9322645133512261882514589666561,1824.742070468395,2385.7116290878603,1686.197273,1672.213,2092.8081517413466,3376.464822006969,1.96607694100094e-05,0.0
19412,16698599,1677246659,7066307.943075495,8590.7879092927456670249009475,2.252880962917107354901775036334596,1829.6428436990586,2380.7787461682074,1686.197273,1672.213,2092.8081517413466,3376.471912724483,3.188127198189924e-07,0.0
19414,16709003,1677373175,7066588.3623388205,43145.5130441194071965169417,10.44923490755179833935493239086203,1855.2632580510588,2355.111768606051,1686.197273,1672.213,2092.8081517413466,3376.6059045875654,1.4787061792162344e-06,0.0
19415,16722440,1677536099,7073288.490286613,2058394.0595693018691200448012315,404.1586745489331781002105889264733,1809.6162188641902,2405.147284981784,1686.197273,1672.213,2092.8081517413466,3379.807405853803,5.7193845743427026e-05,0.0
19416,16727284,1677594899,6886789.012212653,293213.621833068612846710032283,86.97684639824190484756554548084908,1775.7380696001758,2429.185217840035,1639.47696,1636.56,2089.4044391309462,3296.053594620054,1.2326341460002575e-05,0.0
19417,16736708,1677709355,6887050.746082075,155520.95150569559795776247664,53.09666951996006021942677865026912,1751.8584385076708,2453.2673406212857,1639.47696,1636.56,2089.3389262735236,3296.2822161005697,7.71041446221233e-06,0.0
19418,16742919,1677785015,6886622.619282138,36331.37530246189535812188,11.175494705600515890919158736002,1773.8882155546708,2430.9366966470775,1639.47696,1636.56,2089.3389262735236,3296.077305928001,1.6228455904950395e-06,0.0
19419,16748594,1677853943,6886464.08626465,84748.12066232969500583073912,24.00445205150655985289769669884435,1785.7968082838545,2418.9100087022375,1639.47696,1636.56,2089.3389262735236,3296.001428809409,3.4857981852485472e-06,0.0
19420,16753430,1677912827,6847365.361225005,0,0,1775.6577329167108,2405.176357275153,1639.47696,1636.56,2077.48942042983,3295.980857417938,0.0,0.0
19421,16765555,1678060079,6903719.004358577,12241.60181281596750861819648,3.630181650049330220202968450553024,1785.2527266888137,2429.99846701318,1639.47696,1636.56,2077.48942042983,3323.106696220964,5.301574340703626e-07,0.0
19422,16771604,1678133555,6904552.826263031,63023.1821038662533141833716,20.39701522202270304704709751865495,1747.065992334438,2468.7627610543964,1639.47696,1636.56,2077.48942042983,3323.508056582299,2.9788121629270916e-06,0.0
19424,16786054,1678309103,6791389.677762747,319988.53387808696502409239471,100.8290342057966064811747122900648,1767.9208380999628,2447.654564811516,1575.667905,1636.56,2094.546461946299,3242.415387363638,1.4603740034800982e-05,0.0
19425,16794016,1678405847,6026892.901166761,102544.406693168427710378546205,28.30556926928479610133124014935402,1676.7610292522734,2202.39473349497,1575.667905,1536.90631,1927.6639340336574,3126.5267740707395,4.69740492629852e-06,0.0
19426,16801067,1678491851,6026262.943391748,153549.4039374104589452602242875,43.79755872936268727147372471199146,1667.6989315492328,2211.27549521664,1575.667905,1536.90631,1927.506427258614,3126.455433906163,7.268503345520797e-06,0.0
19427,16808229,1678578863,5714181.286524805,5843767.3317235880664294578018375,1701.98375995365007736986887208648,2076.738060665236,1588.8618332516637,1575.667905,1536.90631,1822.1922697048478,3135.8827394489867,0.0002978692824531028,0.0
19428,16814998,1678661099,5713832.389782511,645567.798362454343866543333095,169.2571666854411214576587873710019,2058.9344263718185,1606.8874723071774,1575.667905,1536.90631,1822.1922697048478,3135.691268577282,2.9622204381086777e-05,0.0
19429,16822125,1678747571,3924847.5263738497,5458418.0001429090869789820913695,1318.576225846708954904060322420125,1014.0589279340221,1315.8507323968065,1683.669999,1685.22681,1157.7471468855083,3390.0731579708095,0.0003635290295383473,0.0
19430,16828678,1678827047,4027671.001880953,4698918.051028115171519468068248,965.9241989521766374873062404636936,1016.9281538318311,1330.3592845971098,1726.117539,1708.06,1157.7471468855083,3478.8865709718366,0.00026630351721017016,0.0
19431,16835436,1678909259,6002906.01279326,394786.9798809102216145120616765,100.3101321493649002334370431245716,1508.9459094546519,2099.8061530233927,1672.093241,1657.204286,1268.7341648839433,4731.413545045011,2.360694238609397e-05,0.0
19432,16837765,1678937567,5985901.909461743,45267.5050248640576441559949175,15.24736364286791670770262974060548,1498.1772732070801,2110.756925627157,1672.093241,1649.08132,1268.7341648839433,4718.011128839823,3.5883078542957106e-06,0.0
19433,16846414,1679042495,5997982.271099533,113114.9653269435278694895740685,37.81267326552399357489794092862212,1438.647943607835,2060.0134205587583,1707.405957,1719.22482,1737.4061165319372,3452.2626656064713,6.39692747967309e-06,0.0
19434,16857434,1679176331,6168595.42729705,2949624.074511115630624511376036,993.3286084599701544622377670426869,1425.0750603656618,1979.3172254125457,1845.723496,1787.6371,1689.3155619225413,3651.5353118968624,0.00016088196186295816,0.0
19435,16865177,1679270363,6579713.05124362,1652534.279865495560924412316451,307.5225181128183744430653598824311,1601.2514753333078,2044.9647040595066,1822.79669,1790.23,1689.3155619225413,3894.8987386083845,4.980710875500882e-05,0.0
19436,16872165,1679355035,6402563.268722983,1622927.495571978356162864627443,321.2903538413182597576816080110407,1940.0510855466982,1699.3603934230957,1781.531005,1733.7712,1808.530634719662,3540.201722773381,4.907587290245598e-05,0.0
19437,16879341,1679442155,6574085.531140642,2623023.978823170289996625898006,455.1463890566873125048521694091749,1958.9441140489803,1675.0241646789675,1818.973025,1797.477967,1805.9631627831302,3640.210202853453,7.115468499614777e-05,0.0
19438,16886398,1679527715,6327615.843023381,884877.98427290111388459851443,224.3654825260892285222844240546727,2033.5375918128152,1598.5974513456867,1751.502445,1730.18528,1805.4308903539272,3504.7676855595114,3.411685803228588e-05,0.0
19439,16893289,1679611511,6522796.085532056,2238536.606499662799736537807082,608.819867261003709777303431251961,2046.9977164395964,1542.9678099732234,1823.343584,1808.4732,1784.3197245351203,3655.6206804425033,9.33372528096351e-05,0.0
19440,16900484,1679698847,6303895.25534348,2517491.867051648391221297343549,456.1909731380271942622997989783793,1809.9338893702084,1782.7527875939545,1762.394947,1746.78,1784.3197245351203,3532.940407855365,6.993794795300829e-05,0.0
19441,16907826,1679787899,7289965.227150513,3706988.8432645322120958145102995,839.2519969151640234797735497532655,2263.105906522768,1898.3071309699067,1762.394947,1739.17,1784.3197245351203,4085.5711714164972,0.00012866445400258242,0.0
19442,16914912,1679873867,8155572.133722432,4415097.8961727012720755478355275,733.3531123664284299589020197006732,2219.7694658417026,2359.7870068405487,1785.633036,1776.38,2272.4540685202,3588.883157947945,8.956485739013626e-05,0.0
19443,16920009,1679935715,9491048.725669991,9284710.689136346142724330632446,2088.04749596783207966104081585932,2242.267244246506,3243.445386774263,1739.807186,1723.4562,2272.4540685202,4176.563503371696,0.00025501449853634146,0.0
19444,16924279,1679987567,9172799.014729846,193118.904082246078901395659826,68.81875188099594387465161938033235,2169.9276933500673,3114.4123641319247,1739.807186,1733.0856,2623.8946369883843,3495.871703620717,7.502481169650131e-06,0.0
19445,16934025,1680105971,9547601.7150394,55057.982642529147175178271238,20.52549764302964835661953149142644,2154.980495945645,3127.5503306410283,1806.646582,1807.9049,2622.895990913575,3640.0992445430124,2.1498066483751464e-06,0.0
19446,16940602,1680185855,8011260.721647943,0,0,1813.996556008553,2632.6967811403433,1806.646582,1798.16,2207.8837176049724,3628.4794610190124,0.0,0.0
19448,16954726,1680357359,8162671.238131061,4345.1502746906869909331066595,1.590214084296157672354937051249648,1816.3576566328938,2630.304585805083,1847.200592,1827.732927,2207.8837176049724,3697.0566760579286,1.9849735760054573e-07,0.0
19449,16961421,1680438659,8132539.58292646,51010.11029030240566893444056,19.22967470144627537504425286875938,1809.5267977880821,2634.6192745790845,1847.200592,1818.092146,2206.583000848427,3685.580637483164,2.367669971704861e-06,0.0
19450,16971473,1680561227,8053276.882624134,777195.8786549608719927181711355,214.1140575424704809298537976270974,2098.925592026262,2338.1840030159624,1826.080515,1805.020371,1652.4254878335655,4873.609697937116,3.547455600804515e-05,0.0
19451,16978723,1680650471,7984867.904015895,2821506.4738173639315370984900095,494.7145507814116221971948445868122,2101.8100597366724,2133.238784048942,1904.024463,1867.1,2102.219974844104,3798.3027464136026,6.203693473007053e-05,0.0
19452,16984661,1680723323,8154643.921066409,2554098.954973084739970560906792,418.3863423932769359905468208386908,2153.6078474289993,2080.764691074081,1939.768924,1911.384964,2102.2007068493244,3879.0986486196125,5.154237016919927e-05,0.0
19453,16992511,1680820247,7984184.548476521,2105870.3799203203934381086513465,344.1104822535732242868187046800135,1983.0223076476027,2255.2052388051225,1901.931293,1867.950772,2102.2007068493244,3798.012493508684,4.239208611342174e-05,0.0
19454,16997623,1680882875,7938664.534237031,2059867.969531498591109453919753,371.562588278795547189758980896431,1923.6829140673444,2315.947465464705,1888.098437,1859.524836,2102.2007068493244,3776.35898816489,4.577400007022601e-05,0.0
19455,17005163,1680975107,8001255.209644552,118496.2595228164689377378553445,24.99344283489079332465760385924128,1910.5406704355437,2329.3803029833916,1910.317808,1868.1,2102.2007068493244,3806.1328699848277,3.0790232659835574e-06,0.0
19456,17012851,1681069175,7885040.540556772,578711.551009233048464188912138,110.0573604702479798908353078759917,1882.8297469161878,2347.993447422535,1872.492853,1856.672684,2097.562177486659,3759.1450805071177,1.4048785429767256e-05,0.0
19457,17019175,1681146623,7967823.766765101,210864.9671826723926509418578775,41.59316059482825488347565950002902,1891.5898666852945,2339.1015870050296,1872.492853,1892.109041,2097.562177486659,3798.6114796903453,5.3093531050161495e-06,0.0
19458,17027285,1681245959,7797487.381592372,3299921.0294092718314506601300495,553.9121607043222602700371684369173,2006.475612070898,2067.3791485838283,1934.345439,1894.3165,2021.672126218764,3856.949542147771,7.047369772820104e-05,0.0
19459,17034952,1681339667,7845105.058985863,4203517.8932614646193979513271535,748.9133780389992629826266634051122,1807.3968793588174,2242.9604142295675,1960.634842,1917.76,2007.6832339685561,3907.541252649984,9.746639854175582e-05,0.0
19460,17041518,1681427375,8014751.143526005,1891143.3716381572651169081376065,381.4587558345331268898806667944328,2132.9597854205017,1908.6729456727298,1960.438798,2008.3137,2007.6832339685561,3992.0396843098456,4.964447453290764e-05,0.0
19461,17047652,1681502963,9726540.419161234,2029063.395103018503666710769101,347.7713111170354916282863200516112,2384.868158085058,2180.5035302931346,2170.946451,2086.270117,2007.6832339685561,4844.658885722193,4.526026401007464e-05,0.0
19462,17054486,1681587203,9682558.06627607,1071654.339848604277691582120867,172.422863256505301215516335273227,2158.192117918189,2413.2373623265503,2139.482453,2098.9,2007.6832339685561,4822.751867652303,2.2439758723330057e-05,0.0
19463,17062808,1681689299,9725143.509381339,1906391.7803353117650139338387065,340.8769952007329115945734419282074,2096.442653879001,2476.7129281714324,2140.124361,2115.1,2267.3248922721227,4289.258915882856,3.505110180347536e-05,0.0
19464,17069711,1681773695,11405460.485975668,981218.670142338992953890275516,176.991612085625959413268439696915,2540.9824735445836,2845.1092289020517,2156.881763,2082.4725,2267.3248922721227,5030.36001803256,1.819938306461919e-05,0.0
19465,17074655,1681834271,11484687.615484908,4598989.1757556635903666114115335,745.5987389697599893413361295362667,2794.5583098774705,2585.6479604087217,2169.210476,2097.23154,2267.3248922721227,5065.303016179529,7.666711943638877e-05,0.0
19466,17080799,1681909163,11189011.561985314,155537.77846465155702427963825,29.9313167970692304700155153136982,2866.5583098774705,2511.0570611027065,2169.210476,1979.581955,2671.1508923722763,4188.835454386569,2.6750635327575256e-06,0.0
19467,17089174,1682011787,9708199.490355186,19970.7613595390077166783742115,3.931823525704680300251921636385909,2629.5272039971146,2284.4168382819935,2006.650993,1939.950731,2440.95939176951,3977.2064718034817,3.8660264609216237e-07,0.0
19468,17096647,1682103107,9462453.820760302,1965472.110322076680804531603935,316.5781821386127476270882112035318,2283.144270433468,2639.948092225318,1965.542316,1884.445061,2440.95939176951,3876.5306185207537,3.1128040744885395e-05,0.0
19469,17104449,1682197547,9345403.236514203,24381.0583197023867311494975875,4.345520430680445623833431758844391,2270.4786081165958,2652.948092225318,1926.046025,1874.276,2440.95939176951,3828.577922281409,4.27280035882973e-07,0.0
19470,17107604,1682235803,9327080.924038338,115759.3050318507287400164365375,23.72257174407292461830087934209536,2210.249155076271,2714.801122625318,1926.046025,1867.5546,2440.95939176951,3821.071729209273,2.332558658447431e-06,0.0
19471,17119223,1682376611,9133927.422924666,902318.8773703643493488798020055,142.4559271448840477806391258145727,2405.6535508254215,2514.371388136709,1881.125729,1832.899728,2440.95939176951,3741.9415717126135,1.4007199973669691e-05,0.0
19472,17126237,1682461643,9127092.190899681,1507147.147417325539644543924606,262.5049740226779812634510221044523,2214.457900582642,2659.2564388790142,1876.241399,1869.783797,2415.577086986259,3778.4313487949557,2.8971807148661247e-05,0.0
19473,17133018,1682543891,9381091.395210803,1169322.726101824647039177943876,251.6711095328164847139811674865108,2325.9058544910754,2544.8256978000754,1998.840685,1859.45,2415.577086986259,3883.581876045576,2.7776109300102077e-05,0.0
19474,17139920,1682627711,9366791.154813629,676800.565570171455478408125923,104.8767197941600167294307270750854,2508.252343554242,2357.292522570969,1937.830222,1911.61,2415.577086986259,3877.6618660925856,1.1574897243654104e-05,0.0
19475,17145872,1682700023,9304536.568029292,172960.575267589055087281065818,27.00322660831981415929003983103317,2451.677541029085,2415.5275107899206,1937.830222,1885.1376,2415.577086986259,3851.8897277825604,2.980256951703526e-06,0.0
19476,17150753,1682759135,9367609.30874259,0,0,2451.677541029085,2405.3282401408883,1956.130789,1900.7,2410.6934142010086,3885.8567636844673,0.0,0.0
19477,17158912,1682858291,9369482.652512465,127526.408065532018556450370661,21.09853764650382238693647651741093,2516.8954647524633,2338.2526273276117,1956.130789,1901.465175,2410.6934142010086,3886.633861161417,2.2522862505391855e-06,0.0
19478,17168741,1682977655,8485736.717829326,2046125.9016895635363159189539745,365.5457828646191083679104935580696,2074.6541056991705,2507.3440676652235,1899.270585,1812.83744,2270.693414201008,3737.0684499982194,4.276840754265966e-05,0.0
19479,17174858,1683052055,8009979.225497364,101609.5910983759344941597609895,16.39528161791266285466256943830542,2021.2131498656045,2254.190020376602,1886.777297,1861.6,2119.916380015015,3778.4411220222896,2.0637911870067093e-06,0.0
19480,17182446,1683144287,6947717.101845292,1434032.431027615388385112787392,255.4901921804398995548691919875255,1951.6430666197573,1693.5985960445355,1936.087046,1871.261732,1810.494138545684,3837.470088373877,3.677325781048029e-05,0.0
19481,17189056,1683224603,7001692.640227655,1662987.739408208446972335337163,278.370868063505462097663497250334,1682.4844951616378,1970.7021939110366,1956.913359,1882.18,1810.494138545684,3867.282688830965,4.006652314464142e-05,0.0
19482,17194455,1683289979,7046956.614863453,157916.268675765244658402495623,36.47459961599680434930325554477549,1601.8873588979623,2053.7021939110364,1956.913359,1904.9509,1810.494138545684,3892.283584261733,5.2498682777842605e-06,0.0
19485,17212976,1683514991,6946290.273889137,81811.5486488946836151068709375,21.84950847151868182670693014952325,1559.652698013924,2097.3125481326497,1956.913359,1856.75,1810.494138545684,3836.6820007873016,3.1448471708376725e-06,0.0
19487,17231959,1683745583,6426306.070276504,0,0,1436.7089813976545,1982.7814518685118,1904.595728,1861.0,1692.553782011726,3796.8105584440345,0.0,0.0
19488,17236601,1683801899,6308121.732824987,52986.236090725522541533437184,13.72277811817038534177764521603492,1454.5175429749477,1939.8670042933463,1904.595728,1823.761024,1680.6040433556416,3753.484800756303,2.167619764600239e-06,0.0
19490,17254001,1684016855,6261901.865489817,10303.949451722793233699502296,2.599801850903520028146601863706515,1459.9851990343802,1932.0470257825139,1904.595728,1801.83,1679.5489290389544,3728.323573801989,4.162975436039424e-07,0.0
19492,17265842,1684161755,6295978.153337596,115785.8156641578165991700188515,27.39485174559169591025654976107098,1492.0652852912376,1930.2686536210124,1859.989709,1823.96998,1695.1241075801418,3714.169437614429,4.352105762258998e-06,0.0
19494,17282319,1684362791,6342267.43450385,1383531.9154676909730713676159595,289.1227751608856401640575173360173,1504.3352421862692,1917.4617484634664,1891.499905,1823.67,1694.8362728417776,3742.112165129437,4.636126130243986e-05,0.0
19495,17289637,1684451759,6896700.573735413,85018.31683071363223380270096,17.32224268360947113865268858906776,1671.6820409720472,2063.720037601028,1891.499905,1809.7,1694.8362728417776,4069.242961251667,2.7776470357695353e-06,0.0
19496,17294791,1684514567,5447260.332937349,108937.3790683834651445736656475,23.91732685244951841347606455262412,1302.7884498770618,1651.062124997168,1878.494127,1817.0,1463.0681439711066,3723.17609086356,4.387907626809765e-06,0.0
19498,17307594,1684670291,5436932.085290201,149132.4848609892031553855487345,26.2121887267088453726362485887483,1382.2204467877004,1568.8825161613913,1878.494127,1810.48553,1463.0681439711066,3716.116783551247,4.808926329387146e-06,0.0
19499,17317108,1684786103,5452404.9283422325,890498.4935551044220543272289355,157.6068795034606551222347268494146,1358.9968183094484,1593.2049334243147,1878.494127,1819.94,1463.0681439711066,3726.692396939995,2.8914787713414354e-05,0.0
19500,17319106,1684810451,5519369.138534187,82560.9578769641945000263057485,17.18235538267173265960087467872172,1315.660285537329,1638.0849334243146,1907.073189,1837.7,1463.0681439711066,3772.4621107211988,3.1522999495430443e-06,0.0
19501,17329172,1684932851,5481060.703162532,0,0,1315.660285537329,1637.907890715514,1907.073189,1814.51,1463.0681267458178,3746.2785245370665,0.0,0.0
19502,17338612,1685047487,4873037.0407048045,248391.1094133697334333946416945,45.12141796079341019307937587313608,1177.2089981187876,1452.4857957104105,1907.073189,1809.321186,1175.6629333894355,4144.927004422809,1.0355625399813322e-05,0.0
19504,17352756,1685219207,4941279.225951795,542887.666145166038401083992098,115.4746864193510401741588750652794,1181.3324112582322,1483.950921953023,1888.098437,1826.75,1302.5463538913423,3793.5534587232,2.369945691790925e-05,0.0
19505,17359691,1685303231,5026977.154685159,2370368.005472404546496744630669,480.3765835180173614338247155838141,1421.773801729935,1235.0399434019741,1924.121038,1855.253576,1302.5463538913423,3859.346072151001,9.859012826511443e-05,0.0
19506,17362221,1685333855,5166384.168041535,910848.4910876625639011471095665,280.5646699154837884594497965527593,1094.0241112007793,1573.3294577717443,1983.906201,1904.205718,1302.5463538913423,3966.3725997980964,5.758171347790013e-05,0.0
19508,17382050,1685574995,5131686.499380011,3193216.2037128197258486419062175,1026.408317258505035547183404142752,1187.6491586701943,1519.965360600182,1929.130011,1868.83,1340.5463319861258,3828.056052174646,0.00019988082367138754,0.0
19510,17393802,1685718083,5156363.6343800975,38424.437909973779036535900036,9.501206919555425344986328348311716,1167.8674686883455,1540.492249838048,1929.130011,1884.719285,1340.5463319861258,3846.4643193201205,1.8502471511780693e-06,0.0
19511,17398583,1685776199,5239379.158860505,40805.402880193670740267462603,9.347118215057726084555125607159239,1188.613644203168,1518.9706518370463,1975.591683,1903.3705,1340.5463319861258,3908.3909551249517,1.8202402069088326e-06,0.0
19512,17405759,1685863571,5192665.8324466925,0,0,1188.6691683731678,1498.1333039624856,1975.591683,1898.59,1330.4924205432094,3902.815042213203,0.0,0.0
19514,17422197,1686064139,5099700.778010197,0,0,1188.6691683731678,1498.3274530064807,1975.591683,1836.2981,1330.586820863406,3832.6704413779225,0.0,0.0
19515,17429372,1686151583,5068810.483449181,0,0,1188.6691683731678,1478.1526571362792,1975.591683,1840.463194,1320.7566749475427,3837.807962356504,0.0,0.0
19516,17434099,1686209183,5068177.344798275,20338.50820669812764099246637,4.4051449494748265082348736309079,1178.200264219809,1489.0164096154404,1975.591683,1840.5,1320.7566749475427,3837.3285866600454,8.69068781296643e-07,0.0
19517,17439689,1686277391,4995580.3218652215,0,0,1177.5455730731733,1488.1890071014748,1909.744827,1845.7123,1320.0233467258747,3784.4636113868964,0.0,0.0
19518,17451499,1686421127,4760210.293239359,1794288.791912366078435822877065,433.4061120700933954888373569661489,1124.4892248415404,1542.9670862461749,1822.614429,1756.81,1320.0233467258747,3606.156137348908,8.675791082231477e-05,0.0
19520,17465068,1686586259,4280552.132688725,193982.1449398722794409379880845,49.90406217139186632447900330519306,1036.61193372783,1380.68317627041,1822.614429,1731.902225,1196.5215794758544,3577.4968091790324,1.1658323651824289e-05,0.0
19522,17481575,1686786995,4053643.709331404,996480.9495329425923847162967685,239.8493404006592196899962334451224,1024.1384835372182,1393.79067050526,1713.734743,1649.13,1196.413298286726,3388.1633672379403,5.6107272586409184e-05,0.0
19523,17484734,1686825419,4002413.1050849077,137713.0336231471638976201436565,38.36351128072365271657802552081056,1022.3036903951147,1377.59598283248,1715.106211,1632.5931,1187.6097440100539,3370.141686081539,9.52951355309869e-06,0.0
19525,17498666,1686994487,7168729.105469877,67.829837268870750828591665,0.01791044479040227765152683913616725,1764.2652303256714,2377.6359828324803,1715.106211,1742.414264,1187.6097440100539,6036.266662198411,4.448962586433638e-09,0.0
19526,17509477,1687125419,7291352.583459207,0,0,1764.24107827889,2374.653950472187,1803.578045,1730.528403,2048.1693944167237,3559.9363037721955,0.0,0.0
19528,17523265,1687292747,7403984.764894153,31.67720943324102182185755,0.00833252521992499793692615486824,1764.258679644865,2372.646910329588,1803.578045,1779.45,2047.2012937967081,3616.6374002054467,1.1254109083845639e-09,0.0
19529,17528507,1687356227,7692330.252251736,10637.2765071405875276421244325,2.840750642346238170899500710870607,1758.4900171558065,2378.5518421465795,1902.692179,1827.357711,2047.1554159286272,3757.5702325279267,3.6929650043492094e-07,0.0
19530,17533361,1687415027,7398530.86881292,0,0,1649.3824055225189,2230.9717546222178,1902.692179,1909.600091,1920.137215145556,3853.1261258076674,0.0,0.0
19535,17568677,1687844195,7314789.060672649,4746.2089093179033615817600255,1.257149237130234062156951737698297,1651.8492481791654,2228.408458377039,1902.692179,1872.111192,1920.137215145556,3809.5137175486448,1.6991876622823922e-07,0.0
19540,17608745,1688330255,7409264.1054911185,24699.964620030972416943810722,6.819803491385347663958204414446388,1639.1645220282721,2241.608458377039,1902.692179,1914.0,1920.137215145556,3858.715953760346,9.217780681476798e-07,0.0
19541,17610784,1688354951,7690857.973907933,194.772292655544680297620423,0.0537946464392665241131005286794275,1639.068473415895,2241.7084583770393,2026.209234,1949.3,1920.137215145556,4005.3689461588438,7.270990334855194e-09,0.0
19543,17630705,1688596727,4190038.2830288457,0,0,903.241478498621,1235.3383004723137,2026.209234,1910.312388,1058.130620638315,3959.8497589089848,0.0,0.0
19545,17642281,1688737199,4133263.6413113195,0,0,903.241478498621,1235.356096803096,2026.209234,1864.32675,1058.139227750643,3906.1623772305215,0.0,0.0
19548,17662783,1688986307,6424409.551036088,7193.617926461690725118451419,2.022529763512012258746596822536179,1399.611267914635,1927.2724848960268,2026.209234,1861.96,1058.139227750643,6071.421777541395,4.89329967558117e-07,0.0
19549,17672287,1689101699,6436942.124643697,240540.074630769469409879823654,73.45913423962084933298958412001424,1405.040041036866,1974.1424103745062,1950.856623,1872.16,1058.139227750643,6083.265751641336,1.7772670851529616e-05,0.0
19550,17680878,1689206171,6432493.192812807,779484.4382138427389183895942445,246.5175962205691556638763896593714,1385.7910648905022,1990.1692628611797,1954.762045,1870.99735,1669.33306341412,3853.3312098048737,3.803514031090828e-05,0.0
19551,17684820,1689254243,6717072.876149898,336332.121379614593136162966913,105.5292371023642936495513899409588,1454.439677090972,2060.918625847957,1954.371151,1880.015,1669.33306341412,4023.8062872918485,1.6282080474694428e-05,0.0
19552,17693280,1689356903,7151005.413557086,45120.3486643608498458394998435,13.56542970985271790630332979692839,1476.3568515863674,2071.0307886686237,2077.500368,1971.903814,1669.33306341412,4283.749941986921,2.0930068697017443e-06,0.0
19553,17699620,1689434387,7819192.985869217,527970.4590723194930939660329015,151.5118157344545807372644293125002,1633.2296785961526,2288.673716585627,2077.500368,1933.940035,1669.33306341412,4684.022114722513,2.3376721412877472e-05,0.0
19554,17703466,1689481439,7709799.519803422,19327.137976645693676389279685,5.524825704940074193507441087370588,1648.5350762848543,2283.939032343346,2010.66811,1924.3695,1669.33306341412,4618.49087445458,8.524240220673336e-07,0.0
19555,17715061,1689622115,8156140.866236644,619976.674190115588154525321124,183.5806832633001646320095927599245,1752.8673080219617,2456.865308774912,2010.66811,1885.209764,1669.33306341412,4885.867922340018,2.8324619229389595e-05,0.0
19556,17720371,1689686411,8120085.605890646,9288.276668434936222349886232,2.71238328107568929832226021297816,1757.5143175473072,2458.4236918051465,1974.604184,1891.33,1669.33306341412,4864.2693203976005,4.184929605607909e-07,0.0
19557,17728172,1689781103,8221610.610792707,30403.14890308991694832289619,8.998457984783651581591312988974538,1772.8330713772036,2484.4093935455194,1974.604184,1900.237144,2105.3667616985886,3905.0728644350756,1.0944884659182424e-06,0.0
19558,17737374,1689892355,8440681.859115787,293961.075279086999579357919816,82.43312325580460668734274865485037,1828.8076452446303,2517.6775022013862,2006.249723,1895.253472,2149.8444145877556,3926.182658541052,9.766168732775811e-06,0.0
19559,17741895,1689947111,7038505.083914716,13942169.824963460833207000088992,2211.605446609565846417389817285913,1849.9973432917104,1788.3208835816388,1972.827928,1894.95,1800.5052350728674,3909.1833485448674,0.0003121489984716554,0.0
19560,17749188,1690035191,7025795.591735501,23617.1361801424624497855585865,3.881740843131631299201694151947444,1863.246795332062,1775.8156154916016,1972.827928,1886.417851,1800.5052350728674,3902.124500877201,5.47874178175673e-07,0.0
19562,17765464,1690231931,6956192.286909036,278.125718658981698635369472,0.0457779775061016961451242523275776,1863.3893757248802,1774.3474188448906,1972.827928,1848.5927,1800.5052350728674,3863.4668488634056,6.581192500074046e-09,0.0
