day,blockNumber,timestamp,totalValueLockedUSD,dailyVolumeUSD,dailySupplySideRevenueUSD,token0Balance,token0PriceUSD,token1Balance,token1PriceUSD,dailyLPFeeROI,dailyCRVRewardROI,outputTokenPriceUSD
19400,16616102,1676246243,0,504470.2005796033661258598567465,115.5643507056851493173594909691238,2148007247503605152603,1803.758403,2943327864475526745693,1522.390743,0.0,,0
19401,16622184,1676319671,0,642626.3778252234216422734662495,126.3182569405637661969172454436855,2262267329545995856833,1622.677851,2827625905755689282214,1522.390743,0.0,0.0,0
19402,16630054,1676414759,0,947570.1001490400929421444704925,167.6694075717977939160856496426253,2578341815728070441012,1622.677851,2488251843370947018480,1522.390743,0.0,0.0,0
19403,16637366,1676503103,0,58871.791625549756629537095057,10.24045682334773547995945008021564,2594505583496858129535,1622.677851,2470902947567199770535,1522.390743,0.0,0.0,0
19404,16644190,1676585471,7961110.371371369523319557666147,299290.7507891004844060265068905,45.9343330255277763409204170860972,2430095995986079627416,1622.677851,2640571139156075087416,1522.390743,5.769839995022603e-06,0.0,0
19405,16651563,1676675147,7961110.371371369523319557666147,1838827.2046857827643268712080695,305.37579720326026824841881815883,2504395621621336599878,1622.677851,2561028485098751664525,1522.390743,3.835844285005895e-05,0.0,0
19406,16657766,1676750651,7961110.371371369523319557666147,357529.174861205301785253576036,58.0088019102703500687951689553892,2586909505633294628394,1622.677851,2472452357274189801643,1522.390743,7.2865215031904945e-06,0.0,0
19407,16666036,1676850971,7946351.661733781055816121847784,101187.725707481462769601888722,17.28361476174498189975129237629188,2592682422480470801740,1622.677851,2455916290042713168421,1522.390743,2.1750377402721115e-06,0.0,0
19408,16671324,1676915111,7946351.661733781055816121847784,1523354.426596151620235137297403,241.4329363976204858139927088001962,2384491754409479127372,1622.677851,2687305705699405410906,1672.213,3.0382865832663546e-05,0.0,0
19409,16679068,1677009095,7946351.661733781055816121847784,162762.7053525700602338342665405,28.79636989121574609777334310361869,2289463757149507384829,1801.595299,2789378838254715876436,1672.213,3.623847913739673e-06,0.0,0
19410,16686605,1677100823,7946351.661733781055816121847784,651103.8946780420282752322079265,104.5461886516607076540761299506037,2586879722226557297892,1801.595299,2469941547957080970233,1672.213,1.3156501637740284e-05,0.0,0
19411,16694478,1677196367,9969901.977899509041899366238348,2644929.913698183854916595699266,443.1878327113866719340280713398941,2966851786437735309632,1801.595299,2766069615836542664592,1672.213,4.445257673483756e-05,0.0,0
19412,16701218,1677278579,11388748.251714085872296518936483,2954200.3321149798477801741209635,538.3002580778572920059130309818631,3379388562269362020998,1801.595299,3169400017240864531821,1672.213,4.726597218415459e-05,0.0,0
19413,16707392,1677353615,10849767.395223065847770728017764,742540.910276421551711104664167,116.4335876290543587684947421922619,3086506203828969960036,1801.595299,3162953719454673398519,1672.213,1.073143629607375e-05,0.0,0
19414,16715298,1677449555,10247842.123798954801477342618817,319924.8692096167464529490723775,52.1004248414691076193236331728148,2953329567398917947472,1801.595299,2945814562882340221024,1672.213,5.084038591936765e-06,0.0,0
19415,16722917,1677541859,10066345.803855746661891782637963,767921.057235259286593855668025,129.8610605981253587433104910275421,3062353062960916336906,1801.595299,2747036214609854452083,1672.213,1.2900516545774162e-05,0.0,0
19416,16730033,1677628343,9675338.469953581777087085042199,470309.0023094026555314057040525,77.24000376259088379980669402617194,2803620505667144337293,1801.595299,3086120517778280543689,1636.56,7.983183637704972e-06,0.0,0
19417,16736423,1677705911,9675338.469953581777087085042199,744579.597782077700561680963018,132.2065381620169352787976392649748,3086550731798376291203,1801.595299,2810749313289372771609,1636.56,1.3664280435519606e-05,0.0,0
19418,16743847,1677796271,9675338.469953581777087085042199,128284.525788045323662927557503,25.1587554349026354774860723839676,3126389535485742042645,1759.753468,2808216338202895954951,1636.56,2.6002971899156034e-06,0.0,0
19419,16750039,1677871535,9675338.469953581777087085042199,143550.260677312726543109047866,25.94942209804513619446822580734184,3044566516307810725746,1759.753468,2895663287654202542615,1636.56,2.6820169835536133e-06,0.0,0
19420,16757879,1677966923,9675338.469953581777087085042199,165586.69452457847814889845831,27.43719821132908711008335437246101,2980337300124517528191,1759.753468,2964336889540883693837,1636.56,2.835786912936878e-06,0.0,0
19421,16761367,1678009211,9675338.469953581777087085042199,132345.445166756131732422214848,21.70830473596962527773407850527829,3037631024182894653345,1759.753468,2910134465808929740572,1636.56,2.2436739348586092e-06,0.0,0
19422,16770344,1678118243,9675338.469953581777087085042199,454442.427762601441787220876682,71.56169096575062963349765014266876,2780557903423677574116,1759.753468,3184961723736994031658,1636.56,7.39629845384561e-06,0.0,0
19423,16778853,1678221611,10105090.6645051626258110133151,71141.341456964281958894566104,11.83356090913498281680639632899668,2740642324684743088825,1759.753468,3227645689185611262992,1636.56,1.171049454380572e-06,0.0,0
19424,16785804,1678306055,9766554.001835105323035714453332,170982.085411245051343915345434,26.73542296281985549831204455204171,2838350003876022065099,1759.753468,2915724286990065779399,1636.56,2.7374468986498563e-06,0.0,0
19425,16793356,1678397831,9766554.001835105323035714453332,719534.474620955734205068042306,119.6783707455582842104156856363261,3008099629832104678620,1759.753468,2734509791509198972989,1536.90631,1.2253899453489028e-05,0.0,0
19426,16799926,1678478039,9378021.914100297347227695955394,885792.31499807134640918287358,156.6880013102428234266809140741247,3013061543116582349418,1516.46378,2662772045735896900544,1536.90631,1.6708001191024628e-05,0.0,0
19427,16807695,1678572419,8045157.26628000860786481479505,75167.979665143955763386722675,17.07489566375060189847619319898584,2836706504600357168951,1516.46378,2437684824091184481790,1536.90631,2.122381837744465e-06,0.0,0
19428,16815150,1678662983,8045157.26628000860786481479505,81970.99909761795831866824046,17.45682062772849258189016755664849,2793363637652187065234,1516.46378,2483911137360092169826,1536.90631,2.169854491334305e-06,0.0,0
19429,16821248,1678736939,8045157.26628000860786481479505,2940960.942400910239017077944512,511.4653052363827221039331761349614,2491889288276645953133,1795.480582,2805958031666743567724,1681.27663,6.357430791068657e-05,0.0,0
19430,16828089,1678819919,8045157.26628000860786481479505,587348.790934054763365266856172,108.2991007957112702854443112254731,2272399578332851350428,1873.241963,3040165335236763595805,1748.26,1.346140258185252e-05,0.0,0
19431,16836708,1678924775,8465459.953117701761551329995038,1102979.4733855811186315744184095,189.0545177836094524007782906444186,2255507905975094806451,1753.780765,2645506500725935212056,1653.920137,2.2332456692324615e-05,0.0,0
19432,16843376,1679005751,8341926.600546508378664445039465,2478525.146290474729966033323217,421.7769824846300833021393238491218,2276055931769469979991,1792.072577,2631834875934383657664,1678.2838,5.05610996933248e-05,0.0,0
19433,16849520,1679080295,8426271.276562613085618640773836,2391733.9002609149136881880397245,422.8059300714069135883597476341554,2094705600539729944668,1837.436814,2622311879426594568233,1741.124493,5.017710873461044e-05,0.0,0
19434,16857934,1679182391,9051261.568211604775325287724807,2501827.8837608221352688335990405,529.4280639271220466351425309502639,2120861302562742091213,1925.660874,2696071164774306368839,1774.37,5.849218475648685e-05,0.0,0
19435,16864715,1679264771,9051261.568211604775325287724807,407683.8013874059564237204214135,69.39166554675519024808563134883467,2271657204159685275865,1964.559839,2774427055215195622098,1798.67,7.666518642048919e-06,0.0,0
19436,16868772,1679313935,9051261.568211604775325287724807,783961.7760071483517840741676265,126.4130613638360000967297038719933,2602511959761332643151,1876.804328,2476455943182999213900,1784.153751,1.3966347167316848e-05,0.0,0
19437,16877877,1679424407,9051261.568211604775325287724807,73747.259946483344497057086714,13.65389550521186914084578464073214,2629522662652097794239,1877.930692,2453480591544035477940,1789.557433,1.5085074497421333e-06,0.0,0
19438,16885828,1679520791,9475875.226830617937839675765918,2074974.913678172657208004828282,359.0055280746741198970754006002214,2506069618823355926762,1919.892836,2591022773806036728619,1737.920867,3.788626585733866e-05,0.0,0
19439,16892200,1679598311,9475875.226830617937839675765918,572335.875275189557699656329209,116.4557586269808418194807679128267,2847887533262291070300,1956.717687,2611744681186452061592,1805.29318,1.2289710009819496e-05,0.0,0
19440,16897965,1679668235,9475875.226830617937839675765918,68200.8760906441078872744571615,12.50132074368964872083212602212985,2827387587608379495622,1922.774692,2648821683485139938805,1778.685494,1.3192787414815872e-06,0.0,0
19441,16907248,1679780879,9137031.663159846021840204322256,363387.1826753436824647440613785,75.31332753739437399747071554822915,2631684434549581203710,1868.191283,2453147014735020850924,1732.34,8.242647099610563e-06,0.0,0
19442,16913477,1679856467,8810974.726186523384064003485963,607661.9519243388870033460147985,97.87177417395291821867451791352048,2331070543397527515915,1901.17071,2505044147094777927385,1768.1801,1.1107939497666994e-05,0.0,0
19443,16920151,1679937419,8161130.466687863850458684519499,956523.0593372670127452620031805,174.0910860567516077849531002685962,2113860513686475457512,1837.436814,2366553897149873701741,1716.655,2.1331736671452236e-05,0.0,0
19444,16928305,1680036539,7447861.844994664662630686497968,200386.42454769015417497655344,30.22142702709402151459777183485878,2014973117663302952825,1837.436814,2162044829809932138416,1778.82,4.0577319579852746e-06,0.0,0
19445,16936183,1680132251,7657983.801700513668723659974034,1370884.3625837623880945052124745,248.8583307580994450388316265456573,1966063552863117181436,1925.275799,2146504136181747222633,1791.1224,3.249658620364783e-05,0.0,0
19446,16942604,1680210167,7657983.801700513668723659974034,3189371.069793452008073645820321,588.0906982655032679488604357591385,2701426149469299075478,1927.009241,3273660482311614571854,1791.77691,7.679445575934926e-05,0.0,0
19447,16950574,1680306863,7657983.801700513668723659974034,207586.5523923590212405803572425,33.02523906244096610501075814605784,2846546343285576147020,1915.290848,3182267992387871551533,1827.86,4.3125240164529285e-06,0.0,0
19448,16957684,1680393203,7657983.801700513668723659974034,401119.343496501658646855396205,62.2039149599866332716520991728569,3052933344228768039301,1946.56967,2961734380099649956595,1824.03,8.122753530266514e-06,0.0,0
19449,16964710,1680478739,11720541.029369165024979412655803,899373.1115034554464728535366775,157.4018702603779590465179198803239,2847427248294021474103,1947.348415,3443504816388062721678,1793.407711,1.3429573759945262e-05,0.0,0
19450,16967771,1680515999,11720541.029369165024979412655803,112773.947114458923952299894707,21.74341609600081323347383755560698,2796584593574420781662,1901.741119,3517125838651364739466,1811.99,1.8551546418818442e-06,0.0,0
19451,16975538,1680611435,11940598.03924629161864102779947,22491.469665766840694773702528,4.452108926813073127833904579321858,2794443177191363860410,1953.980335,3530799996298809276160,1864.58,3.728547692653171e-07,0.0,0
19452,16983130,1680704411,12576659.187514327379406530841893,1378957.3030182556108221809766965,293.060950495202169841010555552167,3490056093325882746709,2037.383527,2886352816355939267005,1893.76585,2.3301971225088373e-05,0.0,0
19453,16991252,1680804851,12576659.187514327379406530841893,372530.4476080604961110109465515,91.61496156362724644610600655846159,3689907773474311361690,2020.342032,3113003416203090285475,1875.178725,7.284522876677728e-06,0.0,0
19454,16997171,1680877319,12576659.187514327379406530841893,1854.0096797063483845315013725,0.4512704983642404773485095362448626,3688971218061116095005,1978.952877,3114003416203090285475,1854.62033,3.588158760096213e-08,0.0,0
19455,17004290,1680964355,12576659.187514327379406530841893,18915.868647354724126597491905,4.545766978117334645638490877050832,3723494216457665070237,1998.840685,3161633968998286730692,1868.46,3.614447136032926e-07,0.0,0
19456,17013291,1681074623,13179682.590052425116012583695455,358809.474155317016388111509896,89.78756228895893122558580383480822,3720766991262119885091,1964.363403,3124661198953670105048,1856.85,6.8125739505083015e-06,0.0,0
19457,17017005,1681120031,12588901.378454149903719466819272,56531.1468702632913771428007,13.91334411164483479981790725124274,3567551410904058687685,1985.891,2998937660651650179966,1858.92595,1.1052071736345049e-06,0.0,0
19458,17027502,1681248599,12588901.378454149903719466819272,98124.07332760905591321413482,22.57214938257660174346047043889637,3535480897546140599156,1985.891,3039085121017848728468,1895.52604,1.7930197960886988e-06,0.0,0
19459,17033671,1681323839,12877551.132661636712709627824253,81875.554261295808353413220347,20.00366616545577742239817156151224,3566074271602836716448,2020.746121,3006385501875202717129,1916.54,1.5533750135707095e-06,0.0,0
19460,17040939,1681420223,11894943.619729806819853071016828,74626.1533383384615443990930875,16.28029120791337902184067868315592,3071374435798941230074,2141.83706,2704975286359761328726,2008.222215,1.3686732554923353e-06,0.0,0
19461,17045117,1681471631,12649116.553176184865894173499389,956776.2236244598763834472234,169.6210765285865123395454189466729,3027548218391663436979,2256.604591,2751369245240416941780,2114.26996,1.3409717256972762e-05,0.0,0
19462,17055061,1681594259,11324566.300820068388122677194959,597353.4312605073753366743635255,95.92999968007835276612009508280582,2614948986243363733439,2240.416196,2595906319509863925991,2091.056226,8.470964550150727e-06,0.0,0
19463,17062455,1681684991,11189683.01522313300653337403839,361817.8197228286799305513440405,57.35883590389287613039146912479447,2537945349341968909086,2270.865362,2643338796991145117604,2125.7078,5.126046540001034e-06,0.0,0
19464,17069727,1681773899,10043517.158129710026977560677655,634688.661535481914158553533229,99.82139789141293725685546170748511,2293330609795415054124,2221.010084,2381490101844395534304,2082.4725,9.938888570585321e-06,0.0,0
19465,17070322,1681781195,10043517.158129710026977560677655,332420.94827565510156366604697,63.54522663422872053535773534346033,2443268263375737926694,2218.568438,2221383442896618745365,2064.63226,6.326989403586783e-06,0.0,0
19466,17080804,1681909223,9817850.279391766303976973772562,0,0,2443108398501691228974,2218.568438,2221502921238331682890,1979.581955,0.0,0.0,0
19467,17090499,1682028131,9817850.279391766303976973772562,35297.350785923986775535432885,6.582313509790519717078043488173993,2426249949381489469092,2113.751985,2239502921238331682890,1942.22896,6.704434598689263e-07,0.0,0
19468,17094951,1682082347,8484736.311377774948460110998371,1045665.867661568697965090483615,164.488390497771782169619070102009,2139599621618628552882,2075.631553,2116682414027822677974,1915.6759,1.938638803390953e-05,0.0,0
19469,17103304,1682183699,8484736.311377774948460110998371,72880.017939436777201121941344,11.16207924814739359632844196008301,2103739894482115537529,1983.70783,2154982457065097020597,1876.117061,1.3155481606634472e-06,0.0,0
19471,17117496,1682355659,8484736.311377774948460110998371,88098.494906429420651407911115,14.21378411874935841044282497244105,2145291927036880532703,1983.70783,2110732309794364305248,1818.73275,1.6752181325528177e-06,0.0,0
19472,17126169,1682460815,8484736.311377774948460110998371,1215922.642847972234844961518557,207.0833347815463583509072994809871,1984383743887180138016,1960.634842,2399114382498950911588,1869.783797,2.440657283643027e-05,0.0,0
19473,17133189,1682545943,8587607.61095851938078813215082,284685.2931923740565293461612115,42.74059024220116660924342815572478,2112174609616584941756,2085.826595,2249040112364679747343,1859.45,4.977007820858109e-06,0.0,0
19474,17139442,1682621879,7192177.627810639555422457753589,220886.914838321282153419556126,36.11282266688405722361327916093273,1852071007010455969363,2017.112231,1822552374845552543836,1932.6829,5.021124968777657e-06,0.0,0
19475,17143337,1682669279,7192177.627810639555422457753589,399.7764755585312208774943,0.06462129285852790795186502637048288,1851874446069292818763,2017.112231,1822762374845552543836,1919.867561,8.984941168395363e-09,0.0,0
19476,17149010,1682738015,7192177.627810639555422457753589,13436.9914949318347285312332245,2.151596689602248773677559109867238,1845229189287761929514,2018.322801,1829862374845552543836,1899.147488,2.991578908288467e-07,0.0,0
19477,17160518,1682877755,6984540.083199633761909774510874,47130.279130834977585007917892,7.207399053752583723550391201615007,1834012562049696334254,2031.687117,1814096451767655030931,1923.4966,1.0319074653303239e-06,0.0,0
19478,17168814,1682978531,6984540.083199633761909774510874,1202034.2540091191184440079503745,214.9447662109286677617095538753047,2409124128485725281454,1970.659119,2962238105088884360988,1823.68,3.077436218426882e-05,0.0,0
19479,17174975,1683053483,6984540.083199633761909774510874,182661.6581806764827791551989925,29.50527863713644050064899974917812,2502160801710725281454,1955.348532,2862836963356144876846,1874.5353,4.22436957704737e-06,0.0,0
19480,17182054,1683139511,12288135.61591479340701212220575,190888.0899835957694720356542,35.29619037383115035834929453257174,2919367032157750612659,2007.052344,3557851575071306843218,1891.7,2.872379625117241e-06,0.0,0
19482,17195736,1683305483,12288135.61591479340701212220575,102.60264888444526821261,0.018424788591305151483064870662,2919416561893681836007,2007.052344,3558498624887041743437,1998.038848,1.4993965860404865e-09,0.0,0
19483,17200119,1683358727,12288135.61591479340701212220575,96128.665321878827124782318744,18.49258830719805365267400589328649,2876627769701811250955,2007.052344,3604290229542600007263,1963.9935,1.504914080151236e-06,0.0,0
19485,17216134,1683553259,12288135.61591479340701212220575,282518.2161898385692030055384,53.34354858172679106027901397309693,2923555756130730164727,2033.109725,3554128224214227663692,1867.4,4.341061186909404e-06,0.0,0
19486,17223012,1683636755,12270773.240122753936382720579736,173970.185673920463241992957286,28.78091212695610783710721976422747,2962583461471268869286,1979.348688,3477455419758552194706,1848.02169,2.345484800652073e-06,0.0,0
19488,17238345,1683823163,12270773.240122753936382720579736,1149846.5483544042992220859708305,217.7898048387037432687120738364099,2893418390280384250973,1932.798659,3551670481530365754281,1807.95,1.7748661846881706e-05,0.0,0
19489,17245231,1683907859,12270773.240122753936382720579736,1736879.980121073777482534999236,304.6239712229535153978022484842887,2874826084065036339306,1889.798406,3571908418844956460561,1768.702524,2.482516507002994e-05,0.0,0
19490,17254262,1684020071,11946252.523953395627295602117396,770712.1796441354754956990571345,117.8037488868365995367965925673246,3177937450180517841885,1929.322924,3237990260895567851959,1802.6153,9.861146719494558e-06,0.0,0
19491,17260935,1684101839,11812194.487160298735164962271306,1114419.9890942922924602538369865,173.4778419326910475795579055605369,2957555554631014287688,1934.152024,3385248210832491740458,1800.023775,1.46863347129324e-05,0.0,0
19492,17266118,1684165139,11812194.487160298735164962271306,291868.180479383733530068231891,44.15174354315286183382638572541299,3097636309647101656704,1945.402137,3235226146984575546034,1831.7,3.7378104120403053e-06,0.0,0
19493,17273760,1684258367,11812194.487160298735164962271306,150275.6933705080580453616098345,22.65633010508617474132820577322833,3020823997309032640396,1952.417854,3317533318507209017757,1824.53586,1.9180458067900344e-06,0.0,0
19494,17281593,1684353983,11812194.487160298735164962271306,173449.661597024029876870271934,28.08533345007948466812557585912434,2932177059602600729354,1952.417854,3412535664507209017757,1829.675441,2.377655860696154e-06,0.0,0
19495,17286186,1684409927,11812194.487160298735164962271306,86128.659679044059000270953932,13.86507673726528428397083659375171,2935240321855965715772,1952.417854,3425958329608759600143,1826.89,1.1737934684648514e-06,0.0,0
19496,17294825,1684514975,11881172.64353347839808552035932,1384098.573397564443883610820396,264.9257100051566601212370709105822,3226998863432622224603,1932.605398,3105406302716086474145,1817,2.2297942968562687e-05,0.0,0
19497,17299684,1684574123,11881172.64353347839808552035932,9041.814578682698550307080501,1.529854682630310558640219829838073,3248337100681318247804,1932.605398,3135406302716086474145,1814.85626,1.2876293683544435e-07,0.0,0
19498,17309934,1684698851,11331935.416968843665870582108829,157730.6248284212901280270906155,24.666760639120316364219370910336,2998867731521631261715,1955.153017,3005674708703259912590,1807.45,2.176747372049388e-06,0.0,0
19499,17315027,1684760855,11331935.416968843665870582108829,6193.4360850053938410099977975,0.9815623825268203391167807939383293,3002054225688067967088,1945.985816,3002323595932824457197,1811.104161,8.661912960225612e-08,0.0,0
19500,17321969,1684845323,11331935.416968843665870582108829,345023.646466917884462754007106,53.33786212048628170083402138715025,2826690749545560439055,1945.985816,3190420273833003516978,1853.89,4.706862522408685e-06,0.0,0
19501,17331081,1684955975,11331935.416968843665870582108829,439823.2193818648456101100002765,67.9246630463181605191559658352546,2997865807201112913204,1919.508915,3006936701517699543256,1788.835612,5.994091966373666e-06,0.0,0
19502,17339560,1685059067,11065312.105174811984970934268158,1000595.470390945380184363010321,171.0114154214458685119972443244861,2925880022809735790591,1942.292138,2980564106785011457626,1805.8321,1.5454730403986576e-05,0.0,0
19503,17346038,1685137691,11065312.105174811984970934268158,513237.592597713513565121542031,84.99424701961728154701593049139839,2663225426819406882650,1968.689543,3262271164787619736200,1835.740396,7.681143216906535e-06,0.0,0
19504,17352191,1685212319,11200013.193013304481921849922363,149461.739653454873974006745743,24.6592613532758491950519444087871,2825650594309401654152,1953.980335,3293530004879163538378,1825.5,2.201717170177851e-06,0.0,0
19505,17360651,1685314847,11200013.193013304481921849922363,720075.8932620211899025638248065,111.2666342430834557526901237263822,3161130851402655123551,1987.281541,3202039386050834402513,1904.7,9.934509212229576e-06,0.0,0
19506,17367520,1685398247,11200013.193013304481921849922363,443996.7262607589699179480238975,67.92514826247331751490941778607302,3023569872697554485880,2038.810124,3349663405509601570470,1892.215909,6.0647382366340236e-06,0.0,0
19507,17375017,1685489399,10415630.359256060726332985732659,204153.681739410309596840212543,34.59620370205822970081287863706262,2418026459424777390079,2031.687117,2897740982903099719428,1905.11,3.321566003090117e-06,0.0,0
19508,17381641,1685570027,10330487.936905047160098159457977,135817.8177176480469915511303515,21.29054681084039196360180325400097,2468080461527333136925,1999.440397,2803998605792778731686,1866,2.0609430010349457e-06,0.0,0
19509,17388014,1685647475,9627947.937309655330562445839745,1776096.5630464911651399918682255,304.3591748612211263476102482233709,2325164877254843019832,1989.468644,2688471355788626011158,1871.5,3.16120503395938e-05,0.0,0
19510,17396346,1685749079,9627947.937309655330562445839745,1460628.3857274564519782878633535,244.3714356449871937969673737348104,2405747636911240305262,2046.776609,2611221488477651824480,1906.97772,2.538146625180777e-05,0.0,0
19511,17402599,1685825111,9627947.937309655330562445839745,365057.2608145408633961690177885,55.74011045608326177899744421074784,2461375232563501743543,2027.830769,2592033336958061824905,1887.7945,5.789407132134822e-06,0.0,0
19512,17410535,1685921867,9627947.937309655330562445839745,5167987.5945863860028824969943905,943.4073358678442342259669287444432,2133639135941945349336,2043.095909,2944212730574379880003,1894.3934,9.798633540715441e-05,0.0,0
19513,17416944,1686000119,9869163.965413140545113193479269,843496.8320982060444055672671445,150.917499914948558024555600435606,2538068086113788226134,2005.848533,2515511549379286162732,1805.048964,1.5291822128383383e-05,0.0,0
19514,17423962,1686085607,9490522.741527319701122044958305,381837.0322368082128645434297225,58.12424260209000854493866161417925,2498470225276417685456,1973.814539,2558085129561059611907,1876.89,6.1244511166658895e-06,0.0,0
19515,17425815,1686108191,9490522.741527319701122044958305,33922.7075670113658166547381245,5.310706726144465404399621715815567,2515482260535825889467,1973.814539,2539830565153976890603,1877.16408,5.595800011001088e-07,0.0,0
19516,17435679,1686228347,9490522.741527319701122044958305,480861.584581718282264620584891,75.69484784395979583320276233949892,2316380821299805234454,1962.007698,2753694569800909681565,1844.948852,7.975835462966094e-06,0.0,0
19517,17444963,1686341591,9490522.741527319701122044958305,1157020.710446087498184448454394,197.1758070246082458254971173693989,2348810167050159926882,1980.734647,2719116239912366841992,1831.795002,2.077607444759956e-05,0.0,0
19518,17452531,1686433667,9490522.741527319701122044958305,783982.391041782769106864499065,126.4548865874066814717963620272145,2602296314109291251846,1871.744043,2446991619672072286435,1744.25945,1.3324333130153394e-05,0.0,0
19519,17459022,1686512723,9072046.013837348632861233379119,1761142.727619148781769477254057,319.4055956839842548633230466738655,2173723815502224041384,1892.824352,2854462440936207805874,1766.2907,3.5207669272929554e-05,0.0,0
19520,17464827,1686583319,9072046.013837348632861233379119,304314.3325837141862887002612,56.1297728681739443374225279862624,2303499193869170781086,1883.384322,2715088621415181147393,1735.32311,6.187112894110183e-06,0.0,0
19521,17473846,1686692915,9072046.013837348632861233379119,638354.176336820251648115027669,99.46422391587142945727941843451194,2363793413620158405680,1872.680103,2650463907612943916250,1740.520731,1.096381387000918e-05,0.0,0
19522,17481577,1686787019,8677544.577900611516154917830276,537264.213409549724536815461932,82.4553274256864008147675624385123,2422817663522562689770,1774.064638,2381896276666749105496,1649.13,9.502149679032259e-06,0.0,0
19523,17487837,1686863171,8677544.577900611516154917830276,1683516.4687004676608408840148525,309.5703965791367292195277290616885,2437085358219322755585,1750.977099,2367021297031359626503,1660.22293,3.567488404122174e-05,0.0,0
19524,17495323,1686953999,8677544.577900611516154917830276,113988.4024652107083920630068875,19.77930987636104181491780272472845,2441693163853134965835,1847.754808,2368204732273925759372,1716.91726,2.2793671295833688e-06,0.0,0
19525,17502689,1687043111,12276360.333067130911164422694465,1197581.006092357067276408060835,187.3843099382138249792058937051345,3216321655882724380604,1854.789281,3611297979688819355782,1728.844332,1.526383267143786e-05,0.0,0
19526,17510069,1687132583,12276360.333067130911164422694465,215650.9456614619032757549939315,34.92968504511704785685032262723595,3176308238844812822624,1847.200592,3713470993369554364090,1723.798258,2.845280204999506e-06,0.0,0
19527,17514203,1687182671,13167982.369065760208621293335056,57873.146811674720782750098188,9.058752137941165673703952855199842,3452682944695710139637,1854.97476,3935336406951450127163,1731.63,6.879377480958661e-07,0.0,0
19528,17524214,1687304219,14181903.087833348526496092105342,232495.12766023454371979948216,35.53533202683579276804457512681869,3746440299482360266968,1920.468861,4171316086993590070552,1787.0227,2.505681487650381e-06,0.0,0
19529,17530932,1687385579,15929473.227111369717410956251216,2170501.820912147903273002466647,349.5850480437998755701474437641614,4047398616683835974200,2018.524633,4365587063877852646171,1874.3904,2.1945800910027532e-05,0.0,0
19530,17536508,1687453295,17453759.368288563727052838170216,611696.6814225755546897181495395,99.88197915858045326122357063734149,4551755785185638167732,2040.033716,4323021476973903952889,1877.1556,5.722662782899041e-06,0.0,0
19531,17543310,1687535927,17278168.205508394338037689271412,359477.523067269537507274293395,60.26148206970225646001384493259743,4532893319402409151983,2014.693269,4327326658504778720882,1916.79,3.4877240082944955e-06,0.0,0
19532,17552380,1687646147,20245088.347961309320066077132427,419015.708927929063348219959976,63.83964189291963233868246246987219,5075875079861854518949,2036.365141,5300566485195546134420,1877.433741,3.153339753113417e-06,0.0,0
19533,17559756,1687735763,21197948.175396069456049311548394,504601.5974197517001774566401885,75.98093510839665038107653019960152,5091603285505637779634,2038.810124,5569022090979071919987,1901.530443,3.5843532817287395e-06,0.0,0
19534,17566955,1687823315,20605976.928527071726485472404876,290156.5487378616909524153417485,43.84113014601918102323382678654352,5038845889332241565837,2029.250676,5613807322027722672202,1859.6631,2.127592896861162e-06,0.0,0
19535,17574010,1687909199,20605976.928527071726485472404876,618405.984128673299189003165031,94.13913351804578313747299898515779,5256273459920480299102,2034.126483,5380059252884676778402,1886.991528,4.568535325676253e-06,0.0,0
19536,17579475,1687975367,20605976.928527071726485472404876,370445.9473286061301412663781155,55.80232374100922598252962504286537,5141919371414984224708,2001.040509,5503062407490951014077,1847.8342,2.708064943223151e-06,0.0,0
19537,17586050,1688054927,20605976.928527071726485472404876,147684.3676138988687444616964195,22.2029406675642368723752378863551,5102413563853831041163,1987.679017,5545585618401549859409,1853.14249,1.0775000255788075e-06,0.0,0
19538,17594304,1688154947,18781985.108075261664910456933362,286117.542399073162038955412457,45.12286005507510238426063037620676,4388338752838286236618,2066.106049,5047372973575878562034,1924.80562,2.402454255789749e-06,0.0,0
19539,17599216,1688214623,18523094.263213662116971752177848,17763.3420852273162612254451725,2.764618099732036325641779380008384,4389204974310254760772,2063.834696,4938772487238116639044,1924.551084,1.4925249855379128e-07,0.0,0
19540,17609419,1688338391,18523094.263213662116971752177848,133603.3710904201805412325842405,20.29626973155149838154213597164159,4400719524085282292873,2060.947493,4926430281327427576719,1935.12,1.0957278218822928e-06,0.0,0
19541,17616587,1688425475,18585167.318768544843825684451336,217108.6680402383527910799972275,33.48568396209692346523235147371498,4351710366445364129864,2102.789549,4818749164869946202511,1957.86,1.8017423996113738e-06,0.0,0
19542,17619356,1688459099,18536193.822095525203047691282425,21.6082757843716722874906305,0.003272338917750829335296136715884075,4345388583224865651325,2102.789549,4818738206857029108268,1950.46,1.7653780215926174e-10,0.0,0
19543,17628911,1688575019,18565087.957898891501542677724253,23838.471311045571849922755802,3.62987417773603622546202405752911,4355566913297696027993,2048.824307,4857644846868606204158,1902.49,1.955215179140389e-07,0.0,0
19544,17638136,1688686931,17961039.801751691277302681739098,1546731.9145088824696589529970375,290.0635761412898607875398374365862,4244496636636155756588,2029.859512,5036303299360141494366,1855.588787,1.614959820494361e-05,0.0,0
19545,17642969,1688745563,18010413.834320359613526694891752,766252.546933111551441539622395,116.4461330322800252969492846986824,4602787854691671693764,2014.894738,4652049088572660632133,1873,6.4654890278191235e-06,0.0,0
19546,17652020,1688855423,17242491.650581993576999160021795,206280.527324570303130522201349,31.02187883984418755425037130364031,4327165142686195710249,1993.252038,4589219253879908375476,1854.31,1.7991528990415427e-06,0.0,0
19547,17659401,1688945159,17242491.650581993576999160021795,196028.4289914416706815462606085,29.71390201566148942858127726432584,4229690127877062963833,2011.271371,4694203640480850038555,1867.28,1.7232951372581086e-06,0.0,0
19548,17666059,1689026087,17191764.044030427630765479972406,190168.5666370127101258231986965,29.22159585499248952277556009891906,4215261563647544286179,2039.421828,4715497842009930630314,1891.68797,1.6997438878379228e-06,0.0,0
19549,17673676,1689118643,15525813.940585004914362717183042,896661.5422603367273299852176075,147.9895563195401117231447671364361,4076836704161958889266,2015.297737,3893626230731578608384,1877.36925,9.531838838586773e-06,0.0,0
19550,17680692,1689203891,9353497.798188582241452948827073,2822903.189851909708607681515791,475.6341776146089207114298927006147,2431508978797379143176,2018.322801,2376096058498652354143,1870.99735,5.0850942382936277e-05,0.0,0
19551,17686775,1689277943,13259658.738855783730819532758515,97608.6614768148551215292095725,16.09865814161823596414912853845761,3316508796447704289133,2024.791455,3280411061341422421963,1995,1.2141080293750788e-06,0.0,0
19552,17694778,1689375131,8819843.298745336564397302269948,286475.0686710776700375076793045,45.35745321993749828744078255871987,2136483723380851299058,2123.709503,2221190057253157136049,1927.7487,5.142659759770313e-06,0.0,0
19553,17700980,1689451019,8819843.298745336564397302269948,223545.34507511379685795140732,36.74620869249358261960102208684253,2268507301519011269654,2086.243781,2228447644050157838383,1936.3764,4.166310834311637e-06,0.0,0
19554,17708100,1689537755,8819843.298745336564397302269948,214318.445082001796496181816538,32.38415934537832954512225263589711,2175569446559591552002,2088.539797,2366832298479575598903,1929.662512,3.6717386294136458e-06,0.0,0
19555,17715677,1689629543,8819843.298745336564397302269948,376351.4384582636243615226434645,62.75722536266988209606673184486959,2345428455333037934285,2061.153588,2309885739155140862189,1900.13,7.115458091142888e-06,0.0,0
19556,17723119,1689719759,8819843.298745336564397302269948,621113.4807233253807010175323705,96.15972249912585126959443492917141,2525992311771977161999,2030.265505,2747613423793008012167,1897.56,1.0902656571325367e-05,0.0,0
19557,17730493,1689809087,10739340.2212291740617292633241,1281427.005129025609573284840633,225.8109264637905659325478541817839,2810069792127317685513,2057.447033,2596193713778945318136,1887.259289,2.1026517626978144e-05,0.0,0
19558,17737680,1689896039,10739340.2212291740617292633241,387411.441128533121536456774343,67.85628853563205644615943212145491,2748352576921164070513,2039.421828,2718806105116823910649,1894.0617,6.318478336452736e-06,0.0,0
19559,17741993,1689948287,11444697.309328269999365548780972,50875404.222802713999381808680371,13123.96386701609591475575117938749,2864872630698542050513,2038.402423,2968274769953574495672,1889.22,0.0011467287873414618,0.0,0
