day,blockNumber,timestamp,totalValueLockedUSD,dailyVolumeUSD,dailySupplySideRevenueUSD,token0Balance,token0PriceUSD,token1Balance,token1PriceUSD,dailyLPFeeROI,dailyCRVRewardROI,dailyLDORewardROI,outputTokenPriceUSD
19273,29153796,1665261079,0,30.4261953659814450964722623487929,0.006085239073196289019294452469758579,79013720551915385,1456.33952400883082124972,131846034133889984,1326.0257,0.0,,,0
19274,29323445,1665349571,0,13.93626138303014084526061770513536,0.002787252276606028169052123541027072,69426459031099511,1443.647963060889688238284314,142414669719122671,1320.640924,0.0,,,0
19275,29464988,1665438244,0,26.80997742422727311749982674511717,0.005361995484845454623499965349023434,51031931821651256,1430.981929682623098737256258,162913705885212856,1304.564861,0.0,,,0
19276,29595686,1665507835,0,19.2743386654039429786123789079648,0.00385486773308078859572247578159296,37688677696214796,1410.151835050083820607286512,178136016545056602,1295.2176,0.0,,,0
19277,29704768,1665575779,0,0.3769907491836061587345934477786442,0.00007539814983672123174691868955572884,37430337666992059,1410.151835050083820607286512,178436016545056602,1299.185688,0.0,,,0
19279,30103890,1665761836,0,2.874529640504619427581883955067534,0.0005749059281009238855163767910135066,35486198120348792,1410.151835050083820607286512,180703311888618428,1311.36,0.0,,,0
19286,31615979,1666393705,0,125.0579314543055820858318477415936,0.02501158629086111641716636954831874,65289862437370872,1397.61276625993189128007846,146976372001818409,1299.178462,0.0,,,0
19287,31829877,1666481820,0,72.05811719812151400032556215774619,0.01441162343962430280006511243154924,61056695679062355,1423.758485432974797904663252,151701116159192803,1313.23965,0.0,,,0
19288,32055150,1666566382,0,20.83884319350984089709138869483368,0.004167768638701968179418277738966736,46893141252280148,1460.109565401512102103075,167623779850290286,1366.511805,0.0,,,0
19289,32249331,1666629124,0,0.9772326541302290664250037747736375,0.0001954465308260458132850007549547275,46237525576879329,1460.109565401512102103075,168368941439253983,1338.48295,0.0,,,0
19290,32516595,1666716646,0,11.75631610387512935173627155788174,0.002351263220775025870347254311576347,38572816506576594,1521.58351577000869122157,177163941439253983,1410.180986,0.0,,,0
19291,32871042,1666823648,0,4.631638005053902132302771284328731,0.0009263276010107804264605542568657461,35784895926023833,1521.58351577000869122157,180412582934088547,1571.745,0.0,,,0
19292,32900835,1666834256,0,0.9609521528225421646012978186046595,0.0001921904305645084329202595637209319,35239446659468598,1693.990134262514045463652825,181052154706934269,1560.580854,0.0,,,0
19293,33200448,1666921494,0,0.9741877914855739979850486253788615,0.0001948375582971147995970097250757723,34679810280019524,1693.990134262514045463652825,181709949821483476,1521.061341,0.0,,,0
19294,33495550,1667012755,0,0.9587629123407488792528647633920755,0.0001917525824681497758505729526784151,34138742619962495,1693.990134262514045463652825,182347510691969140,1570.275,0.0,,,0
19296,34225625,1667234982,0,0.005104094556991645423037821799462947,0.000001020818911398329084607564359892589,34141626487336493,1693.990134262514045463652825,182344108952607278,1565.085,0.0,,,0
19297,34402507,1667293132,0,0.4188107310138607579284532024334102,0.00008376214620277215158569064048668204,34376523161793464,1693.990134262514045463652825,182067144008085748,1587.915,0.0,,,0
19299,35036679,1667503412,0,238.2382337144109474958884069378221,0.0476476467428821894991776813875644,100169065800811530,1673.96202710027081682411942,108555559923764658,1545.701,0.0,,,0
19300,35313574,1667606195,0,35.11759976633297579892899719021105,0.007023519953266595159785799438042208,104463047263810949,1761.714608818137086210101064,103868559379654620,1645.268074,0.0,,,0
19301,35548622,1667678984,0,6.7371341654609004904143542866297,0.001347426833092180098082870857325939,104580011322829800,1791.939736263491546561277813,103741583799836647,1632.83,0.0,,,0
19302,35808881,1667761963,0,6.814712134435503551232172845099515,0.001362942426887100710246434569019903,102786382143328467,1777.319157915317907255907648,105701595919068635,1610.773269,0.0,,,0
19303,36072600,1667842614,0,26.62253503038398025569156309238267,0.005324507006076796051138312618476536,104173096256900477,1725.913392523749783058623633,104190093947935359,1583.62,0.0,,,0
19304,36307341,1667911238,0,37.30741789924090950985813289145202,0.007461483579848181901971626578290402,120095508434453201,1615.730680031940431510828175,86861552721191531,1474.696593,0.0,,,0
19305,36613392,1667997359,0,13.14721773445935012286118535544496,0.002629443546891870024572237071088992,123675023730672456,1615.730680031940431510828175,82983616995999076,1227.217823,0.0,,,0
19306,37031241,1668117847,0,59.85143380589570416643506149905057,0.01197028676117914083328701229981011,127663545533921084,1412.01150680770109785737,78680761331625822,1320.802397,0.0,,,0
19307,37332399,1668204620,0,7.96932275367224735603061410558138,0.001593864550734449471206122821116276,121876635038658130,1387.805189346930536555974,84947016184487902,1265.4,0.0,,,0
19308,37437646,1668239030,0,9.650629125128075377248018427401445,0.001930125825025615075449603685480289,128933987054977769,1366.9602816625139934552777,77310953859542223,1264.535246,0.0,,,0
19311,38413763,1668556387,4603.699583340531002588196121189708,946.1633003669825006578656646279477,0.1892326600733965001315731329255896,2012037169538932300,1366.9602816625139934552777,1243179499477712207,1247.576391,4.110447622563715e-05,0.0,5.076328036490341e-15,1340.2684856930338773694089398943
19312,38676426,1668642611,1333726.199417837509915974568885378,135612.7651098507806040293720448825,27.12255302197015612080587440897656,572903609849155317819,1309.997577367261463974061897,387916523403486020918,1215.36,2.0335922795704973e-05,0.0,1.684654323827998e-17,1318.435911049015327593831972896018
19313,38924643,1668729337,2651154.550259909378990182611136854,126405.7532077663499473345655952846,25.28115064155326998946691311905696,1154202770963284894780,1312.74041191558183387810341,764130503711390013705,1199.1,9.53590225023841e-06,0.0,9.395091578853102e-18,1312.11894375788775838656531218353
19314,39172137,1668815731,4050632.217880683244076378170116901,404190.9159536472029239095074775888,80.83818319072944058478190149551758,1762950862376572097433,1314.420932668497581344892148,1150376288152339000197,1211.136004,1.9956929892051394e-05,0.0,5.8790668247507794e-18,1319.762442959704333994145599017581
19315,39466703,1668902359,4582172.721178310060655588600192748,283555.8911138883016402667244340273,56.71117822277766032805334488680521,1963124945735802398399,1316.6045011253086712303655,1298044815316798999282,1217.58,1.2376482003976997e-05,0.0,5.083032843852302e-18,1334.070716584489727903264986391559
19316,39778342,1668987997,4374019.83776263079449839795358047,384385.6604678447743602224920801327,76.87713209356895487204449841602629,2002670845076086173743,1252.964301798466828283525,1296390710277052267652,1138.39,1.7575853550059032e-05,0.0,4.865570603387254e-18,1258.35786853913652846362554677804
19317,40090112,1669075040,4328158.245510753663425469461324322,427952.9733605487982396171970986331,85.59059467210975964792343941972643,2161070479230543983748,1194.00327462101621196885,1257495087077899038994,1105.9,1.9775292356947885e-05,0.0,4.633484183543967e-18,1199.298539261731438786331884052674
19318,40390853,1669161017,4503233.601071022373674020084519197,367013.6296253463335460726911164719,73.40272592506926670921453822329441,2190984731626831580158,1225.885889436729342431013912,1268477120133321913410,1136.81627,1.6300004047671788e-05,0.0,4.626011102378938e-18,1232.979259194661149986559093194308
19319,40679790,1669247895,5663245.194579234764786143696843097,323346.623105147827196207070109836,64.66932462102956543924141402196693,2699609429919408128798,1273.97745215464142520174,1496543577790852248381,1183.61,1.1419128503023317e-05,0.0,3.757796230776259e-18,1277.406028322943172392549033545283
19320,40950128,1669334362,5874119.07468239985494392834769361,590300.5144778492708130521563033775,118.0601028955698541626104312606741,2958051237787984535561,1293.056350699695818127159663,1323729461585970896802,1201.79,2.009835030488433e-05,0.0,3.561178783284634e-18,1294.048191502403028445622876985572
19321,41217782,1669419688,5852482.231160473843551077902390625,174912.8540515314771277550328006518,34.98257081030629542555100656013027,2856789183682407101137,1303.35129464480817750233576,1362083722027581652703,1201.72,5.977390349696061e-06,0.0,3.545687209114129e-18,1309.765865361903484951929885114702
19322,41485156,1669507180,6221941.495478321940718536061982708,192391.0059226581913548528004010438,38.47820118453163827097056008020883,2957685953224658286186,1309.612972080515151043682376,1510373514828453401981,1205.277142,6.1842756336579085e-06,0.0,3.330240413794691e-18,1316.249034999378627436357390110239
19323,41743758,1669593340,6186670.681753730160277500520993157,252466.2595677582184168575087089937,50.49325191355164368337150174179869,2896032987230618329688,1304.712886043005249671630444,1535291454047612818516,1197.57,8.161619473697016e-06,0.0,3.280197397074168e-18,1320.48168578619759268764475243279
19324,42010957,1669679534,5982972.822993093686132427482105037,152026.4943112606174050426455528596,30.40529886225212348100852911057193,2854503594206543025111,1267.55934584768767972329,1589922177652989271478,1168.71,5.081971749128104e-06,0.0,3.2719282241093216e-18,1274.339676881930600977722431022558
19325,42291973,1669765416,6406512.288876819536019332697061671,278509.5637259008099272518810998605,55.70191274518016198545037621997237,2936428508000434341870,1323.34020883970548271008,1621314450059503654401,1216.745,8.694576742152124e-06,0.0,3.2874637225023357e-18,1330.436343904288295383695722617524
19326,42569443,1669852661,6714983.600878613966400944712512589,268145.82224003036266763908042821,53.62916444800607253352781608564215,2901630780834679613217,1406.012328799355080330439692,1602111916227685807148,1298.66,7.986492244149194e-06,0.0,3.2200990556709406e-18,1411.241026729757834837161447310272
19327,42836508,1669939050,6942895.583022475767866030954486031,208019.1742824453510033311420610786,41.60383485648907020066622841221572,2965959266504583748834,1384.432565245427805868298164,1768976495215744981651,1275.78,5.992288715708658e-06,0.0,3.032454003458043e-18,1389.849379335922779727631713188216
19328,43113041,1670024657,6918070.044177051864093524187845226,198715.2223678863512184486027078755,39.74304447357727024368972054157504,2921028385729739858214,1399.79999917191329492454,1736839016667116269010,1290.644559,5.744816721974222e-06,0.0,3.0393725443306893e-18,1407.724679930585869757901840783245
19329,43391973,1670111992,7730920.239709300692270522740490823,421818.5403390543550979980794669046,84.36370806781087101959961589338073,3278724034765942239117,1364.78610067643140919188,2027965317723269262575,1242.03,1.0912505297167977e-05,0.0,2.6762323860411263e-18,1381.839258079430350365608437419288
19330,43671586,1670198015,8578113.0467349324001985207765708,189528.6282914567103242192897542697,37.90572565829134206484385795085411,3609487209486679092122,1386.0804013634135558658,2234860400385357538914,1279.89611,4.41888856579237e-06,0.0,2.4105446160579292e-18,1392.248332264527241707471651585027
19331,43935965,1670283780,9261652.337666270409504158893414477,742168.1823809168277710062630800392,148.4336364761833655542012526160078,3883860807682988797424,1367.54993194303847976755157,2507499816311938545099,1258.775,1.6026690601688607e-05,0.0,2.1754587364298655e-18,1375.701705824721920147491454951223
19332,44212835,1670370749,9268939.557996301260422371319075905,37746.53582072388064083403284200826,7.549307164144776128166806568401657,3877046364242921346602,1365.533319392259199116029004,2445693199474857906050,1270.972673,8.144736641023837e-07,0.0,2.605926997909978e-18,1391.100748706871659256835019085524
19333,44470181,1670457469,9725929.70581762581320985584327326,54999.84132154659020904838330137325,10.99996826430931804180967666027465,4142475823225447489388,1341.23785556878100514070624,2701204617413610132929,1233.737743,1.1309940126062826e-06,0.0,2.406923922953032e-18,1349.454015122829056998084996347731
19334,44720741,1670543740,8946383.338856326785530575115915258,255792.0211890207722745259647035982,51.15840423780415445490519294071954,3724613699931932802953,1396.98704931704706970103985,2323616240965069131122,1281.11,5.718333576833302e-06,0.0,2.5936075670988373e-18,1403.340602316092196456187669045334
19335,44958049,1670629540,8972298.907505515408095349986920137,110128.8539343251900918734444999615,22.02577078686503801837468889999229,3669401433603072106623,1381.143890933473434837559,2464137047463710608863,1264.134749,2.4548636881056225e-06,0.0,2.542756540570234e-18,1389.855290095417602838507634373641
19336,45185826,1670715302,8952839.621987421101391742609875276,34336.29378676966526206768615279654,6.867258757353933052413537230559319,3631086006793416477581,1384.006169218468084029006792,2478020108677854635501,1269.565325,7.670481151576225e-07,0.0,2.5418173872626633e-18,1392.843963983840130927049225646898
19337,45412048,1670803058,8928652.811655042989073439588730599,21815.94405497760285005496787862975,4.363188810995520570010993575725946,3612115691785406492682,1377.12804759333375164234,2467524037118798576302,1263.44,4.886726926261507e-07,0.0,2.501583452172339e-18,1395.843485488705820336218460911861
19338,45681856,1670889068,8923075.461488139620753002987925192,45604.12072988388973433928374182171,9.120824145976777946867856748364329,3620197503035040763170,1364.573426533453925716086236,2440226110171162586807,1274.707791,1.0221614941330621e-06,0.0,2.5981225407376086e-18,1399.017700263904862586096708268466
19339,45948869,1670975655,9218984.72167978836642757297395686,9330.12202098908246491296083602187,1.866024404197816492982592167204375,3635174866979988450016,1437.77192691765021277005621,2457753774556401078238,1320.149092,2.024110529014749e-07,0.0,2.6611662218275257e-18,1437.790302063201450848069719570698
19340,46213387,1671061983,9201544.155247797978151393192551307,19914.57247204903505702220743715036,3.982914494409807011404441487430067,3654729925614747434603,1421.6647003704370573236,2453811927630819860579,1308.44157,4.328528372206183e-07,0.0,2.692752250597584e-18,1431.200901366358929039736364710972
19341,46495354,1671148774,9054725.796826566399650939889643631,42769.42083479636279165080637467298,8.553884166959272558330161274934591,3685699781238155493091,1387.6453101528424483048623,2472122417394748257058,1266.207054,9.446872670575156e-07,0.0,2.68343178464972e-18,1397.067948868961347877254491935958
19342,46751867,1671234461,8490084.546619820015069532818841495,15512.97340447392098557991241101964,3.10259468089478419711598248220393,3650882489169960415498,1312.580959603570138955015345,2452826112134283245187,1163.61,3.6543743043525155e-07,0.0,2.6889474541484505e-18,1321.607708834802926497438495742111
19343,46985466,1671320757,8386811.911687835467886468633478985,51745.08759897849833826333293191027,10.34901751979569966765266658638205,3678918294305446307969,1283.217302926244821227821156,2488815608325835627190,1184.44,1.2339632304586848e-06,0.0,2.615646968677218e-18,1292.16547359725213925390142776022
19344,47199795,1671406607,8404523.714031376085878826741223426,16137.50889088065084505971845917647,3.227501778176130169011943691835286,3676730237661005272688,1288.30613513000777776143,2479959559086278035740,1192.249652,3.8401959325640394e-07,0.0,2.5948998858008807e-18,1297.139342138632656623210574449058
19345,47422634,1671494166,8387756.678639854636363628443007542,37660.43596630369708960492068946084,7.532087193260739417920984137892164,3704025049564878630666,1264.83031091921423443632,2480034671568724675286,1167.128455,8.979858956140024e-07,0.0,2.5347786455261554e-18,1288.629777784404659023050155289163
19346,47662780,1671578323,8773034.201057963513118729233833571,74744.29889915580229370925163537701,14.94885977983116045874185032707542,3755251206541115248438,1322.5917392783065114494,2500967079526049350439,1219.075264,1.7039554887439556e-06,0.0,2.462596365369142e-18,1332.133943066999902412313097888889
19347,47916146,1671666764,8784876.397037165999781503975195463,38545.11428643245943256705813009538,7.709022857286491886513411626019077,3756707280889920459728,1320.21381413909837322473,2524492292382718288189,1211.25,8.77533445989801e-07,0.0,2.408112762118041e-18,1328.873022138696504605378054363385
19348,48146905,1671751716,9016868.371287294554905969412055801,95664.23664778383898937116773954494,19.13284732955676779787423354790898,3917999205599410119354,1324.6723816110184362879,2639142038990227521954,1216.5538,2.1218949353283357e-06,0.0,2.2470264494519223e-18,1306.636662813256936619700620708116
19349,48382275,1671839703,9692250.041682761410371402237244127,99391.86225333843587456840151380439,19.8783724506676871749136803027609,4090843795461087382408,1330.37591269736691289226958,2788790531531044258137,1220.6325,2.0509553886020485e-06,0.0,2.074824421514248e-18,1339.007693101279340266939573711319
19350,48622191,1671925366,9790135.294837864218604995074535324,4602.707584267602515149503733603736,0.9205415168535205030299007467207468,4133268193156010743793,1329.509527305836084044941541,2780373943483531520203,1221.1722,9.40274561209489e-08,0.0,2.0847800273436878e-18,1345.508337735996759922860457222325
19351,48865969,1672011334,10241275.75673136195106553420322482,151120.4445613754448278627706712923,30.22408891227508896557255413425846,4403672115814352808904,1317.52384794495755237661,2929975159363555793331,1216.61883,2.951203505325933e-06,0.0,2.063669378085769e-18,1326.6142238711429816614515347549
19352,49088556,1672098224,9840114.135998173787119721746820039,234068.0982589961834731556182103834,46.81361965179923669463112364207657,4205056939305150967605,1326.733263950999052426436848,2786100445575849653136,1220.542921,4.757426489652246e-06,0.0,2.3080231187582583e-18,1336.990373022948190159847693337792
19353,49291045,1672184060,9987715.076789226639680989970038893,133940.5189136024689837508684126093,26.78810378272049379675017368252194,4192414447860966830283,1318.797810264574604288700378,2967927966748616570029,1212.82,2.6821053240669863e-06,0.0,2.3582600892456456e-18,1326.818762077680396055749005905621
19354,49494124,1672270107,9999355.699185524774910888844086961,58731.00738789409462360669605985131,11.74620147757881892472133921197027,4239449906610403266152,1302.2901353440692876170316,3007625441703438240627,1186.815808,1.1746958335061108e-06,0.0,2.138115582849284e-18,1312.529763737877774555801990946018
19355,49690628,1672358204,10773460.90732340257067266639815711,108008.8558847017119361329796731999,21.60177117694034238722659593464,4621831844245510719630,1303.99029830755931606613,3169832376247579405439,1202.02121,2.005091155271771e-06,0.0,1.9515194445082187e-18,1314.366668077768238453870440214492
19356,49896493,1672442868,10749541.75874957593913838798606954,9432.491285622359253878789878252808,1.886498257124471850775757975650562,4626310954646496486475,1304.03465029953473656659,3145904119778045690643,1197.65,1.7549569083621254e-07,0.0,1.9456945893175206e-18,1314.497025117631209915345280548424
19357,50083188,1672530455,10770519.17855016140906072807479024,483978.9102693769963731710552441762,96.79578205387539927463421104883525,4955598814376755349558,1306.179903315310415281521138,2788232831262555809662,1196.380394,8.987104562855924e-06,0.0,1.933640758170149e-18,1316.941440580137328587650185625
19358,50231283,1672617103,10827025.88851742854995034136153973,51466.08128425356393111773937251482,10.29321625685071278622354787450297,4957848038119686791769,1304.793125638821667610351689,2837688555559011839449,1200.365,9.50696559040018e-07,0.0,2.2129203785495072e-18,1315.496638049839342068072337831657
19359,50414743,1672703074,10644283.21799848254868556081114807,20275.73489131597653549067990827072,4.055146978263195307098135981654146,4790477959092131412035,1323.79871606073667800126,2764007015123783742900,1215.14997,3.8096947396197833e-07,0.0,2.530045170816066e-18,1334.765458702044316616374291791699
19360,50653387,1672788392,10607402.98787345460941884658848848,5490.192931729825799967132706906193,1.098038586345965159993426541381238,4799113748316551254426,1312.58983616443448345778,2765568181979115977926,1214.915483,1.0351625064129831e-07,0.0,1.0155017716924922e-18,1328.316725335270668997954603085615
19361,50904768,1672873808,9794746.282724353170437192384836648,97214.78282660827945434120447263067,19.44295656532165589086824089452615,4216782739113682927747,1375.098036029981136040653464,2521222709794346474388,1254.041047,1.985039326604559e-06,0.0,1.2676880520429983e-18,1378.021287543456295095922380294809
19362,51116677,1672963174,9956589.636523081723248915700442692,16919.00402622182483833299226132448,3.383800805244364967666598452264896,4317617975068848041368,1361.64710595274123413746469,2567568751523855028976,1250.667763,3.398554051913316e-07,0.0,1.2188862275015908e-18,1370.70298537207755436485125033031
19363,51323489,1673049052,10367575.44826762333831955989734726,53885.00862720726495639778901429416,10.77700172544145299127955780285884,4366978400133002208104,1377.92607894769830153768855,2709722706099367672788,1268.38289,1.039491034255482e-06,0.0,1.2827845231640817e-18,1389.832457823234870444952727414963
19364,51518256,1673135986,10371622.91723629633229644743011766,146064.044455239363085240069388216,29.21280889104787261704801387764319,4339488282243852656241,1376.452178350397180729716691,2750018451711848414705,1263.5926,2.816609235040734e-06,0.0,1.2499475341277168e-18,1388.459696786382913126096135036129
19365,51709235,1673218932,10416734.98962900008217920180638656,555547.2526017180113889661060812313,111.1094505203436022777932212162463,4210392654637781625838,1383.1057175663115045173185,2886568155546730767491,1269.816062,1.0666437288744046e-05,0.0,1.5881069088652657e-18,1395.333997290704604496921797225704
19366,51942765,1673308097,11218911.7621644331573984149076954,183822.5067135459548121216190783009,36.76450134270919096242432381566017,4319845188604487527109,1440.563861564280886911860382,3024631306695747608616,1322.16013,3.277011364568957e-06,0.0,1.4901187384576848e-18,1452.806769788353978085554076099959
19367,52180673,1673394975,11379167.91319574862817299436516881,187685.2583820695628866587088589624,37.53705167641391257733174177179252,4140147259391543305445,1466.442339991218665418673137,3185633519364479134912,1335.371221,3.2987518914176852e-06,0.0,1.4996623892434484e-18,1480.392129646809761775725974091388
19368,52419568,1673481537,11399626.58572058292198981802895984,27694.64856053035547749354843833347,5.538929712106071095498709687666701,4137164862011726586142,1471.523047476841248425872688,3116315172939769801414,1388.780875,4.858869429148016e-07,0.0,1.3972864793875086e-18,1497.128522977080144762040196560142
19369,52654959,1673564851,12262521.0328924361014239715447475,54047.04021298981900775206459397771,10.80940804259796380155041291879555,4197280096275030435024,1561.3597052752702505571,3225959024633663833635,1421.913933,8.814996535869983e-07,0.0,1.5105417055362824e-18,1574.339814260496814101747920855945
19370,52878505,1673652511,12338613.3502267415493143493496551,152033.5923316222159748644316112492,30.40671846632444319497288632224983,4273700724451195288307,1584.68559313261760114025,3249012932043634549999,1448.8,2.464354591820131e-06,0.0,1.4992846204610041e-18,1562.788907955816373983231094806036
19371,53122089,1673740362,13365923.14822829275983285477646811,128303.4090019609926987357906246668,25.66068180039219853974715812493335,4290693108863025290376,1682.533569403050167561161866,3217501367422573778426,1550.426693,1.9198585474280258e-06,0.0,1.4373971385118318e-18,1695.665620485054203848386061977666
19372,53351886,1673826215,13437293.24764725591636040403382817,9296.469821127459695782472052104516,1.859293964225491939156494410420901,4279133921260122387459,1701.278514139499431207603998,3186972293379434580043,1552.997042,1.3836819141764557e-07,0.0,1.4823068769206611e-18,1714.069221706388892227185878808554
19373,53572256,1673911997,13264213.47538659044528935849315717,110801.8522363951315623133884218362,22.16037044727902631246267768436724,4136056185501490453960,1710.06016736054075851327,3212687522376362312409,1580.887037,1.670688615529324e-06,0.0,1.4568232826369468e-18,1720.643396450548572208911827538842
19374,53786074,1673999509,12696699.46124951596216943861712259,20667.10160301678991311074570340854,4.133420320603357982622149140681709,3847329418372982658450,1751.75154430951175176865,2996799591269941272475,1574.120147,3.255507727199977e-07,0.0,1.4581661315487425e-18,1768.573364703938472523282310699073
19375,53989766,1674084979,12153793.59442319650804231179393142,276237.041499316563395476879061645,55.24740829986331267909537581232907,3833473810314355578075,1697.6598900384290928186,3001020306047993645598,1523.823218,4.545692492689175e-06,0.0,1.490792645393057e-18,1695.539231251582102196393144202576
19376,54190239,1674172102,12538477.44875786831926728778922047,430932.6108032547306332228115368204,86.18652216065094612664456230736415,3713067392911049071294,1708.04694636058088760223711,3235714906357708489895,1550.5,6.8737629838134034e-06,0.0,1.4048156763174857e-18,1724.75320744044858082027106191811
19377,54389266,1674257042,12810446.98152356454947789360754334,226682.3027961765516580765523027466,45.33646055923531033161531046054931,3583999080454433722194,1801.76506226579074756269,3146199226450037883989,1652.44,3.5390225356401566e-06,0.0,1.5734615355643801e-18,1819.727229552106927940044856930523
19378,54604811,1674344042,13028423.55060853711768656687631942,16623.66537565412102030825744973891,3.324733075130824204061651489947782,3589639503168256174156,1819.8004897065782903098356,3189549317074562214645,1629.811743,2.551907421658495e-07,0.0,1.623242930724236e-18,1837.850107284815776534489551896725
19379,54815687,1674431622,13116012.61575495227864340967514672,23421.79123581188950630544775055153,4.684358247162377901261089550110307,3581491205032034557455,1778.67616925865181267031981,3269263987700909558916,1627.365909,3.571480437229473e-07,0.0,1.5153193526258027e-18,1832.072400432148863328403738508949
19380,55026009,1674517604,12980329.52218081196118994452049821,10009.01392352480707641683671162682,2.001802784704961415283367342325364,3578772961319466134306,1786.07013083128187456318,3235974431110051446673,1626.294425,1.5421817922913874e-07,0.0,1.6960823523783107e-18,1822.284983973254011581557679057207
19381,55240458,1674601819,12671683.62440937868275155261555725,117160.7437338145506496732212168613,23.4321487467629101299346442433722,3483984010418769661576,1783.7163000099926192380821,3279165226658341110554,1564.067139,1.84917406725857e-06,0.0,1.750108627623611e-18,1794.277221643908601474427849295458
19382,55467212,1674687243,12193725.69647321336610484021618842,20868.00321353713775226734346885792,4.173600642707427550453468693771586,3486114525045452492644,1738.3476812868031881491,3310596607193212092176,1590.767656,3.4227444069162196e-07,0.0,1.8092371187984506e-18,1718.450005402896584806941792548074
19383,55722395,1674776388,12646114.20227345761598109652170372,51037.24399623927303284184635209907,10.20744879924785460656836927041982,3447684392382467981336,1764.65232625835444150056,3347202817551299199893,1601.67,8.071608903715901e-07,0.0,1.6668245108416974e-18,1783.654488633384232496042039759412
19384,55987490,1674862667,12770842.0406156607112397034053316,48770.89561514199691990898103540968,9.754179123028399383981796207081938,3457788582969893947898,1769.70578824010606931904,3388550544987124566374,1598.447437,7.637851201985556e-07,0.0,1.651450087311082e-18,1788.126576815415404676056795937063
19385,56235300,1674949673,12525651.70545605829796134138860454,62303.876554778920335567906667466,12.46077531095578406711358133349317,3443066608727493662939,1730.2120224730555118344,3420422008061348098011,1569.73,9.948205174448517e-07,0.0,1.6106182209855117e-18,1750.008774378814411060233177398438
19386,56486007,1675036087,13141032.5589862460048253372747122,6495.698780675833934254339287183547,1.299139756135166786850867857436708,3451554775865387544598,1808.939783763970602661716174,3427023435320830266156,1644.9429,9.886131476379112e-08,0.0,1.599743033413903e-18,1831.934898860519088801585822697725
19387,56756291,1675122131,12201802.44680952135452192293129517,3928.171870385999218851450201603091,0.7856343740771998437702900403206182,3404020268864720739394,1710.2017407285291150319,3364960380024336212253,1567.3157,6.438674757290668e-08,0.0,1.5078549387746962e-18,1728.352684137556023758668988649246
19388,57011830,1675209249,12568503.67456318206610890324439369,73004.41954658063816551605284054565,14.60088390931612763310321056810916,3474813327587369414516,1724.650900189027206844664775,3322668356606721676284,1587.58,1.1617042320531906e-06,0.0,1.968320672009773e-18,1771.37061026778570162638450280419
19389,57283097,1675295842,12920091.37805991733716915556131001,40530.72659580261188470295206422497,8.106145319160522376940590412844994,3624306311756052101588,1811.014417758571886403073724,3425719540657544667895,1641.744582,6.274061910216722e-07,0.0,2.0424192312958863e-18,1755.191999714756469259102923693382
19390,57550470,1675380711,13093914.61079512271066541527563521,148904.522548007162730538813611043,29.78090450960143254610776272220861,3583994322740785616025,1845.793219961301007460713,3284833793729419717753,1647.97285,2.274408028065871e-06,0.0,2.075948557844066e-18,1824.356745907808210835217939810981
19391,57808651,1675468628,12879643.37520637298328239972448979,10007.13439101037525985840213338023,2.001426878202075051971680426676047,3467585521578284992716,1827.5097177734229392235264,3212994761075981155386,1665.9284,1.5539458818051364e-07,0.0,2.1039835056322305e-18,1845.565107773106159044154118064837
19392,58073815,1675553653,13868310.15098720133414126210162523,4936.65414614858672990980637902619,0.9873308292297173459819612758052373,3724648284222307578737,1852.21611718032405074686956,3366409246796159005120,1680.141006,7.119330462619019e-08,0.0,1.8908770014847273e-18,1871.058696835901484105683146230317
19393,58349517,1675639281,13436224.41607014939626630611647315,123005.7520075642829967464554332116,24.60115040151285659934929108664254,3663132300384367476792,1812.2543074606296695524925,3446009877700590890786,1632.3999,1.8309570932805426e-06,0.0,1.7747884445212073e-18,1809.942077986133608595349367530368
19394,58641053,1675727571,13706357.69551220779742535537095002,114865.7495390567389872693801820872,22.97314990781134779745387603641744,3599837458925337689017,1819.83082248359998952310035,3522817059328305678889,1614.591146,1.6760944386657377e-06,0.0,1.887249502347445e-18,1844.648699875821660046242989419981
19395,58929076,1675810838,13873952.70801447581352597905202906,35179.55483297465460583775089992735,7.035910966594930921167550179985478,3596790714457349323374,1842.484562805577040295282855,3542553556851314474360,1665.83545,5.071309607773524e-07,0.0,2.1836134638918415e-18,1863.141962187554480051653650349383
19396,59247330,1675900680,16117291.63082058219570373855247047,68450.55338915097607238906981563975,13.69011067783019521447781396312795,4224299656952074002988,1817.481767767313690505571746,4193158329554838446470,1649.73992,8.49405160086018e-07,0.0,1.80391335685561e-18,1836.121765549279437219420886960627
19397,59535517,1675986930,13519352.93997004477296361200682222,7606628.914666144592679727948645189,1521.325782933228918535945589729038,3796164943799309106868,1734.33962116190586919687257,3587511049644534856107,1545.8,0.00011252948197213053,0.0,2.1794271005353527e-18,1754.061076292001522572388824518133
19398,59834757,1676072797,16243280.40329280825857906608029948,130486.9016856402928196781248573341,26.09738033712805856393562497146678,4600433906262515494319,1665.4771566445639203450527,4631629605920935765173,1516.22,1.6066570107253485e-06,0.0,1.6385701178850149e-18,1688.228670528123501212870773949855
19399,60110821,1676159251,14355809.63303234490334821996441749,116787.4762032379334037531110645245,23.35749524064758668075062221290483,3946472216886445642297,1680.168233889062674665070528,4166444660073749708727,1539.664409,1.6270413050687575e-06,0.0,1.9165431914943927e-18,1699.944772880820186458143463615969
19400,60395572,1676246232,14610440.38340005686327923341219218,39673.48665959173722493817111678006,7.934697331918347444987634223356006,3966573073493403572171,1702.374482812453594969325,4181733411969389657745,1514.813298,5.43084063429978e-07,0.0,1.9863055553791156e-18,1722.526273771340421845642909130428
19401,60692527,1676332678,14143226.82716113474002261859244063,37540.63457224798673630811596405393,7.508126914449597347261623192810788,3984385197993213473547,1647.489992426564538672,4163711861505352940875,1507.2706,5.308637842130011e-07,0.0,1.9264376270230353e-18,1667.110315405755936561897256026683
19402,60981085,1676416855,14697664.68053917459184974895521617,77911.45937275326388601520091129596,15.58229187455065277720304018225919,4067790949258576638851,1718.199839978121056024999127,4131019097303083844717,1559.671853,1.060188282508771e-06,0.0,2.0017924532872165e-18,1720.489520209611992557696411672144
19403,61293880,1676505536,15514362.84429045706559072062856159,56269.34197004165734421695900015367,11.25386839400833146884339180003071,3908006963610566212870,1835.474874568088680820818144,4092304785943694801381,1675.507649,7.253838592636719e-07,0.0,2.1375325961920463e-18,1862.619030849656963302280490668173
19404,61606495,1676591333,18036475.52973317347217931811417504,794124.4168926114097278791543136661,158.8248833785222819455758308627332,4511731807402943915391,1850.11082660755664605676,4740429414329370624732,1645.1375,8.805760477799505e-06,0.0,1.7826911641116448e-18,1872.63187620988221184972842054973
19405,61929036,1676678238,18000202.31277920266477486602200004,43904.11356078208782829416106769603,8.780822712156417565658832213539198,4536407926335755705904,1888.911335096118448236078848,4700213054016646108554,1696.37,4.87818001130048e-07,0.0,1.966802509469078e-18,1871.336845775475928572319537592111
19406,62253958,1676764568,17213271.61706188517863311745682066,27904.76139366045717983762166722632,5.580952278732091435967524333445259,4314595086398519588304,1860.5870078631703054432243,4416450600887225212429,1693.656537,3.2422379678249087e-07,0.0,2.2103713540089333e-18,1892.558698616096731361182373388598
19407,62581147,1676850364,17613455.1539752976529346107504641,17621.02000310380375444850580985748,3.524204000620760750889701161971491,4435814473493068567336,1864.9457835825661294785,4518330294872116306540,1683.37415,2.0008589852544406e-07,0.0,2.006827851763932e-18,1888.07101815709142461632173124539
19408,62917299,1676936521,17730401.16482832223692431101848345,7843.514548912353393642721590269338,1.568702909782470678728544318053869,4478680340147424851739,1881.797143662681418417244,4447175925236333020646,1698.77763,8.847531960496732e-08,0.0,1.9320656852863415e-18,1905.38484564692240991569168568631
19409,63253817,1677023273,16882900.25123959233097384471046968,134877.7625689397527752670069966849,26.97555251378795055505340139933693,4423362487173108469904,1833.66357111109140582455955,4353274889757386845999,1654.54743,1.5978032276656567e-06,0.0,1.9035127229249343e-18,1844.737262467265822503836790636008
19410,63594925,1677110164,16434895.807565149499771369278025,415197.1157262655090905126115227526,83.0394231452531018181025223045505,4251955273824581057304,1789.000455915395881013037,4438251561437164481080,1644.00232,5.0526285117687945e-06,0.0,2.0251333152397352e-18,1816.416598013089905342460288692426
19411,63929983,1677195982,16976176.90438843512787513415852157,569645.2931155936939775502248136095,113.9290586231187387955100449627218,4239378287170753699586,1832.2170168615366403997556,4532090745895336521828,1649.228635,6.711114007869902e-06,0.0,2.0373614903957274e-18,1860.032553390789288230025916605164
19412,64261633,1677282720,15218040.84579053212088626482888657,33611.9536740462515596013490049054,6.722390734809250311920269800981074,3986919208929011496959,1785.4690979769037390798763,4116002134840593582338,1607.67,4.417382502077285e-07,0.0,2.1658867238515445e-18,1803.332733330512718112102416484364
19413,64587592,1677369279,15126297.89338394432131171822690015,12080.9147890745300786396011979004,2.416182957814906015727920239580075,3979686623595628222094,1754.790689214702969249561135,4093590066811477908771,1593.7463,1.597339266253453e-07,0.0,2.1552940471901538e-18,1798.87454685950828180107475606725
19414,64899887,1677453996,15582546.40204916921393741490249391,114011.6137854763373229366787928416,22.80232275709526746458733575856833,3923623978726836343207,1814.82736092511279222918,4183043722811858182312,1639.41,1.4633245535592739e-06,0.0,2.310251929666842e-18,1847.231016080784795727085371812262
19415,65238361,1677542074,15612012.6719985582863751145574889,134129.5951247014966094014579457879,26.82591902494029932188029158915758,3955992430344769845670,1808.030777010767150214149362,4256456996095741320687,1633.099208,1.7182870388681411e-06,0.0,2.379555165261136e-18,1827.332458155745827231747405026945
19416,65565834,1677628526,15802382.05390957764442001747765863,130478.9427449303620620281121828331,26.09578854898607241240562243656652,3962902016107424785883,1779.84450145913818293144,4251885433974326353733,1606.97296,1.6513832193121708e-06,0.0,2.1954967553498675e-18,1848.955056591715458793497865551705
19417,65878556,1677712814,15755156.52052891261097879282362252,27572.44292724187986475566763797684,5.514488585448375972951133527595369,3949803612312788860310,1830.71094244869887703896,4273937555555957360854,1654.91,3.500116662289592e-07,0.0,2.2288990818374548e-18,1841.835376143596549535906806710061
19418,66203542,1677800658,15861302.80023154071058115204992224,261794.8796645433335478196431224072,52.35897593290866670956392862448134,3863186206369352138557,1826.84859365955017652212528,4385862232260507469500,1648.573056,3.3010514074634736e-06,0.0,2.206165774874526e-18,1850.917188928148272417649044223331
19419,66513998,1677885046,15195316.90899553921981434286475588,68135.01907115397334073573146035869,13.62700381423079466814714629207177,3908897874059103576015,1738.9434686159137753290897,4390307216278586221682,1569.11,8.967897080293e-07,0.0,2.152338967505735e-18,1761.982714026858819104751695066782
19420,66830379,1677973990,15382317.5525478285176062151229225,57155.48830380404836506690006664146,11.43109766076080967301338001332829,3954007522044171664398,1731.648162984716880467023,4437819209148819279284,1566.01,7.431323415155627e-07,0.0,1.8841965691691566e-18,1763.949196408601945582920531061313
19421,67124148,1678060459,15559044.14354340179864813027543248,22710.08569152053358855810683460321,4.542017138304106717711621366920653,4009495059037834762472,1745.6604871355173525750365,4452063454950748053005,1563.8185,2.919213478926291e-07,0.0,1.98230163543542e-18,1769.006629505545571815440752687342
19422,67425829,1678144865,16282485.87111740722302993431255053,152088.6363122737498933791024758585,30.41772726245474997867582049517165,4279862913768628093566,1735.597561666254368307070592,4556171212890299753375,1570.708556,1.8681255124815467e-06,0.0,1.8246799682717815e-18,1770.823934105914263261753846163991
19423,67738571,1678233016,15366661.60281175900702408919867155,6697.565807506434172826556181584748,1.339513161501286834565311236316951,4118835193967095029672,1738.0188091704390129778368,4364414971618849386119,1561.61098,8.717008261938855e-08,0.0,1.8890882745107035e-18,1740.508260874576374579998004788342
19424,68034510,1678315900,15552188.48698426298506566716923988,166697.7675635852919741124472065398,33.33955351271705839482248944130795,4243962440810294924365,1731.594813589313055246096488,4263982528047516682859,1546.4444,2.143721029398478e-06,0.0,1.804863343936305e-18,1753.953347531403751185595275048296
19425,68357109,1678405157,15535940.98946454492456605496978862,44979.96934438908545113287973142542,8.995993868877817090226575946285085,4337252209059868401725,1600.665807163772497977497069,4298537692254112743559,1437.9069,5.790440292595285e-07,0.0,1.6575794449040723e-18,1725.565886903680809499796108924513
19426,68667990,1678489532,15243767.04824974547880531556846089,362776.5880201220469084671948619961,72.5553176040244093816934389723992,4567154343498892598986,1581.77901335034275958942,4592345997605398617173,1427.03885,4.759671108484634e-06,0.0,1.7499534685564753e-18,1596.930523299418022298628306012221
19427,68979163,1678578943,14431420.13636578161525898912982613,1370565.477433325671608147568849459,274.1130954866651343216295137698916,4564030556207321534780,1628.264102403729962066372136,3821299518686223190433,1476.1578,1.8994187189930577e-05,0.0,1.7036770626073838e-18,1643.698181057409874820620681484212
19428,69275592,1678665198,15273903.17027903403737983956044351,35808.53947837581753400542876923222,7.161707895675163506801085753846442,4524832777416282509595,1751.85913070055469965968,3947814945478218690309,1587.6771,4.688852492931136e-07,0.0,1.8067692944841575e-18,1723.526294938764296341853466501901
19429,69576570,1678751176,16897254.97368683976365138880264074,1056669.155868888253703380690773559,211.3338311737776507406761381547123,4787337664583900474470,1850.4497812553162182059264,3800176488691969190838,1678.867082,1.2506991905068375e-05,0.0,1.8351828906108803e-18,1876.772015710185345387391167999314
19430,69892581,1678837173,17617611.23723627145243540199691041,548369.6662960529009919181362627364,109.6739332592105801983836272525475,4619000928340339191351,1873.1261776948016108926,4183634684596626063141,1705.19233,6.225244261685471e-06,0.0,1.8139973481506246e-18,1915.36778542389688852832598217252
19431,70216442,1678922102,17560603.12791307128692818578472871,608937.3065572695908273214889939232,121.7874613114539181654642977987844,4588987423586097496860,1838.00042284183389458496,4440208995799053861672,1653,6.9352664270323e-06,0.0,1.543892783872993e-18,1864.492423052222173381509783283087
19432,70563633,1679010479,18174073.77669502057335240254339477,112755.6200696385490459088057969651,22.55112401392770980918176115939303,4716433755880375525698,1863.35708467501792466313216,4573469069767311022013,1676.039161,1.2408403471347996e-06,0.0,1.5452158646425918e-18,1875.586899438848497385250988954365
19433,70906418,1679096962,19207650.13093062573591964976785002,121803.5272744755749096556086513647,24.36070545489511498193112173027295,4708524360725916118752,1960.4223264953856753899248,4426770434593637082411,1789.90569,1.2682814029221814e-06,0.0,1.5329197633977614e-18,2014.166559818766528644774993138784
19434,71244890,1679182411,19624342.14961527986942484766459305,313813.8354998920086832987209272851,62.76276709997840173665974418545698,4686960341250200449135,2002.46363954255673623469,4665145335821095433923,1764.515208,3.198209989485371e-06,0.0,1.4898631488854763e-18,2013.202339814219528648350103510583
19435,71582637,1679267672,19903799.1238117338983237005485625,51286.50955310947122989172640859794,10.25730191062189424597834528171959,4683149391284087911583,2023.292693742578038252021,4615423147363070144941,1811.8,5.153439223746316e-07,0.0,1.4823299481788676e-18,2053.090261415899647373864785359914
19436,71936597,1679356556,19620403.10505909340831602189825328,327409.6460317175693993894340258067,65.48192920634351387987788680516137,4710543957974394386914,1965.886964304952028840709336,4769427908991832252949,1735.08486,3.3374405640758257e-06,0.0,1.3902893120140089e-18,1986.573816090537890661488383995808
19437,72285464,1679443085,20677519.53609007857781454757022063,1926.477348950888899214683309459898,0.3852954697901777798429366618919797,4877702059788916962995,1994.29610271537582861042372,4892108363386969465350,1808.774891,1.86335439856648e-08,0.0,1.3456966509115797e-18,2030.98607770109348228617140509917
19438,72630723,1679528378,20086438.71930890617613218767634298,18275.9306423434720413281191679317,3.655186128468694408265623833586339,4861403669464610301623,1948.913377278804728421263364,4882329765091408811066,1739.09,1.8197283149824853e-07,0.0,1.3586718503368117e-18,1978.282566129843415741987425945831
19439,72993222,1679615589,20675035.68893483927444000849701095,26797.96509353933773101405277425757,5.359593018707867546202810554851514,4853385441777287543611,2019.715193933913997212525405,4831175428955235145925,1821.973757,2.592301701116913e-07,0.0,1.302262362017199e-18,2048.209248479468132287475832152286
19440,73341840,1679701374,19812203.39415414323824066620693472,67744.23260147817192338641620794361,13.54884652029563438467728324158871,4853255442321659299625,1965.25605634524107943552,4833141748451069060598,1751.48,6.838636900070088e-07,0.0,1.2456957143066764e-18,1962.384843942723264910067574396159
19441,73688829,1679787995,19606384.27545800618308719079563034,222122.6560281495519922853494523008,44.42453120562991039845706989046023,4735351251336527019795,1935.661549755459592247549388,4844240844670987951395,1743.851164,2.265819672892857e-06,0.0,1.2162819000072131e-18,1965.080699742685567182195056567088
19442,74011625,1679868936,19745283.34336291882348229809396985,168418.9382361910004192561874303706,33.6837876472382000838512374860741,4651387588112248711297,1968.998799769027043116614312,4836608676782411038128,1772.709308,1.7059156387624337e-06,0.0,1.2853726235661087e-18,1998.995620917813582395380590281228
19443,74381567,1679961301,18363603.59562826472476177198032326,157735.9589559069436868498608735644,31.54719179118138873736997217471289,4479528859505649523975,1907.87109400576252501136,4624669546808059318193,1717.13,1.7179194501177142e-06,0.0,1.3233009565536074e-18,1937.120414825848158471110903603629
19444,74724958,1680047691,18899269.48111516487846033931012174,116893.7380168892638747528957760221,23.3787476033778527749505791552044,4471296424344454398827,1971.81561792028984324112878,4592680626993121459094,1774.809558,1.237018585651617e-06,0.0,6.343170315369979e-19,2002.201056891642101733136711620559
19445,75068146,1680134306,18304376.38015878178620524470805317,102474.6500450008495890363139231632,20.49493000900016991780726278463263,4210056056362880116605,2012.28302958377104270476,4421185301096321578655,1792.64165,1.1196737645329378e-06,0.0,6.755173780718286e-19,2037.631342026681607976992382999849
19446,75411744,1680220181,16697923.74847274128321981879270724,535855.9262561896896170975934718635,107.1711852512379379234195186943727,3869162027776106420027,2005.560203709925421300712915,4074552851430009345070,1792.331113,6.418234198790149e-06,0.0,7.088203143022569e-19,2019.846514657398919810838488078769
19447,75748965,1680305272,17184887.71984433574726419724832092,519220.9669524130920473521657357188,103.8441933904826184094704331471437,3817457465406486844531,2041.404740595897692135334781,4157848876406078085929,1826.422838,6.042762401675048e-06,0.0,7.452294564593317e-19,2072.445071949407521580822923812312
19448,76088804,1680392250,17154847.74882752910103382034269825,1611028.769425804648115360382970647,322.2057538851609296230720765941293,3797779079237305770549,2037.542776371356332935642468,4197924300594703118529,1822.553424,1.8782198396787433e-05,0.0,7.267658739978932e-19,2064.428564044603293537441555082484
19449,76429949,1680479274,16841298.09167960622135625022781752,102838.5304793047405829202948258402,20.56770609586094811658405896516798,3843153562415810177056,2002.015707776520244841130624,4114182431174468014264,1792.938946,1.2212660796035884e-06,0.0,7.173045065115903e-19,2034.676569752987661689502395091643
19450,76757127,1680562123,16677516.53875226907507962101382702,23597.94477325830221317442206162565,4.719588954651660442634884412325131,3796650832178262273038,2005.00928052314910794367445,4063424469742550302041,1807.1568,2.829911122369516e-07,0.0,7.367734045930908e-19,2039.809640609275889275883398735383
19451,77093816,1680647782,16768890.96208791634584064394359877,347507.5403205280606148446578493487,69.50150806410561212296893156986978,3786373268477362080691,2085.492813607006347097728891,3806296311208483767912,1870.823458,4.144669329727211e-06,0.0,7.867462899730532e-19,2119.593700934703268269887291442514
19452,77450485,1680737867,16106491.86723104492413717513135784,106955.2086720411287739635928347905,21.39104173440822575479271856695811,3547826152914824467028,2129.594462409583048352265988,3637229825116758892689,1912.266893,1.3281006137611316e-06,0.0,8.378200958503602e-19,2152.518438793299860268013423328126
19453,77797410,1680825529,15528699.72386144398359858776139017,101028.627868177096853123830157093,20.2057255736354193706247660314186,3459955535668217599295,2087.502958575282185342621,3565015900368387033008,1872.57,1.301185928824887e-06,0.0,8.490926544903423e-19,2122.889802251830866681286106350133
19454,78134739,1680911207,15381884.08902731771528809914780204,11595.72354474935479749690416820858,2.319144708949870959499380833641717,3464323682859541139215,2072.4576465096927480111,3547415228288142560834,1866.59,1.5077117312333897e-07,0.0,8.443992480195444e-19,2106.430195093666297476921941780763
19455,78476594,1680998039,15404036.19806951135587898418515532,34209.36714574120369027833568284762,6.841873429148240738055667136569518,3477101759510118597296,2064.242770361079229658599044,3533563536951841611752,1849.9137,4.4416108487239787e-07,0.0,8.039412384166943e-19,2109.350074076524363895665130699329
19456,78806717,1681081306,15272918.01103728629613177541046662,197680.4053584754165963761431247664,39.5360810716950833192752286249533,3555277278181327124679,2081.722102162809837699999251,3406688312242702603085,1867.556687,2.5886396458832248e-06,0.0,8.046273786753098e-19,2102.663414764271414331515123352363
19457,79159419,1681170668,15578983.82291666872044079434503732,59092.41470887973824371725550189153,11.8184829417759476487434511003783,3597768268348256102081,2120.86134833894161291848,3393226446773092157453,1913.80985,7.586170623266822e-07,0.0,8.142030353864453e-19,2134.98107997272073666796536684735
19458,79480558,1681251671,15685563.61900443803682750150844016,6612.311002432894365330592293143821,1.322462200486578873066118458628765,3599182858917296408735,2112.705958005670022125,3353629952429522273847,1893.3148,8.431078618585945e-08,0.0,7.988868023056935e-19,2160.686606096665118140223764333454
19459,79843019,1681343930,15708549.26805655525797311271101244,54061.13380438411240277830387004266,10.81222676087682248055566077400853,3593080395398034559111,2133.640812260128722949559,3356976151442764959176,1918.190022,6.88302056184371e-07,0.0,7.578001517179582e-19,2164.870377501056997284056020723028
19460,80179343,1681429380,17261370.06153979867484032090330782,121988.6073735760932519867744281533,24.39772147471521865039735488563064,3760305760414635803812,2247.197434470290317495807038,3512730444583317096405,2009.52,1.4134290260699515e-06,0.0,7.222802402392657e-19,2273.22932656084619183078255296051
19461,80522159,1681515314,17725981.95826618928144891878077239,263620.5910474622024037150044659019,52.72411820949244048074300089318032,3727939527984191565517,2327.568024417022873140852548,3529233605462816166920,2100.11,2.9743976008564935e-06,0.0,7.649366606362971e-19,2340.372587030713177280267757175474
19462,80869239,1681602546,18060160.87313473926290729548198315,102051.2652185928851894957444511076,20.41025304371857703789914889022154,3700690329813622204917,2340.2946219284673061114568,3576344801659832889581,2093.990981,1.1301257606226364e-06,0.0,7.2422510519457e-19,2379.32418433859131876724573329282
19463,81213551,1681688999,18750994.22317847147889120816713396,44553.90886193229366951851821284359,8.91078177238645873390370364256872,3766198581227133261834,2376.87268903711245290394,3694304736242031070721,2117.59,4.752164960603351e-07,0.0,7.19213194462807e-19,2410.576054335531734018949180146819
19464,81545426,1681771478,18331015.79443884438854881438127213,95113.12331261554771125776341352028,19.02262466252310954225155268270405,3753596213170247808224,2324.3293773566734120214,3704511778425065487627,2083.568739,1.0377288894319804e-06,0.0,7.064188990424666e-19,2357.741598418077444398038531742804
19465,81894981,1681859056,18369279.03088173549723505087242284,229255.5497052860560628604851562452,45.85110994105721121257209703124906,3662596528462111562556,2339.347674549629063402053909,3718178404395334790087,2092.46,2.496075641508524e-06,0.0,0.0,2389.288209623612573052536627237139
19466,82223445,1681941170,16346067.72883255680939155933882641,152673.5405368967719379946098583128,30.53470810737935438759892197166256,3445197674895896466324,2207.77679388601712410968264,3517984682280213490675,1973.436318,1.8680155138180233e-06,0.0,0.0,2254.008303326571622210844140015429
19467,82590416,1682033382,16008346.70029934944160131659270589,326943.0510866541430074538230744494,65.38861021733082860149076461488989,3346145424268723898066,2170.224548765577437290525616,3629430650552747604360,1939.839053,4.084657300438657e-06,0.0,6.919106137038466e-19,2207.250119845401577296548636215225
19468,82930081,1682119109,15125788.57410097509381982982822975,105037.0383484609945374943604332683,21.00740766969219890749887208665365,3379108585730751488247,2106.61434198995957579301615,3568457405009417871200,1848.8835,1.3888471048486018e-06,0.0,6.934890780766017e-19,2092.400819667810218322053796571064
19469,83283314,1682207988,15429951.25126156704148210379227444,820862.0732280114445104808086826826,164.1724146456022889020961617365364,3066583307997469214313,2097.54436700371393119744,3912679548938431151990,1874.7,1.0639853099482696e-05,0.0,6.982519087132704e-19,2136.268542646813940047568284892805
19470,83616554,1682291781,14929676.83164327477524168082524107,587890.5329325985130215452646525194,117.5781065865197026043090529305039,3266086653569436926252,2068.073156961457174136108903,3560814626628178849122,1863.97,7.875462269706622e-06,0.0,7.050602689419747e-19,2103.706221706957676051005634193447
19471,83955211,1682377788,15237424.03441972397789917161600682,30319.49685408821369100279894558645,6.063899370817642738200559789117288,3348952663677355437543,2058.6546773468349790521376,3649549042798535923857,1839.257122,3.979609254897637e-07,0.0,7.0161861644361985e-19,2094.400372013490886804050997683713
19472,84299848,1682464844,15933145.17816103650307040619040564,198649.2659527396749517475380216795,39.72985319054793499034950760433583,3582539959864591466614,2090.918663910931472030837407,3785785391593913290745,1866.57,2.493534876278172e-06,0.0,6.637217695414913e-19,2078.310537255102689961498915715383
19473,84649621,1682553182,16587458.15914649100750911981111479,447208.6993511660787517520998091901,89.44173987023321575035041996183801,3512921805398923623916,2094.7523674046645171381,3795946730111313677275,1863.525171,5.3921305490024185e-06,0.0,6.373708069105247e-19,2182.650230418121968494260550773461
19474,84985460,1682638162,16625424.0981455200776353085296164,514207.0602214072848378499199905461,102.8414120442814569675699839981091,3558340637466874417090,2144.3969865672098601428925,3747728710297195296579,1909.106183,6.185791799185013e-06,0.0,0.0,2186.917004166623830071419677918104
19475,85323698,1682725419,16442322.75121450067213456410187908,18568.47431479338125066409730136275,3.713694862958676250132819460272551,3585406683190142689879,2122.91071161641043995154,3730268387123693115628,1892.56,2.258619368534392e-07,0.0,0.0,2159.248161402829227067120105439438
19476,85657245,1682810622,16287676.22290795372334032964259825,78084.27849083179506102398869017841,15.61685569816635901220479773803569,3545022073553293673139,2125.2766187402661787195,3689381402192923784639,1902.67,9.588142276675349e-07,0.0,0.0,2162.992072502243656991252301052449
19477,86006709,1682898386,13153629.63779570597300379950262017,215726.958554264714961606547270385,43.14539171085294299232130945407694,2874139685900917479577,2119.95579178547990911329,2865665252595495179770,1891.401891,3.2801130105471995e-06,0.0,0.0,2199.017063742563889401729933936886
19478,86329626,1682980085,11172151.39768373465829080868847956,291221.4868230578466160910399178081,58.24429736461156932321820798356158,2541794227717094365892,2048.924055702370919450066568,2549527693018845961938,1825.2773,5.213346587541507e-06,0.0,3.3608203096274186e-19,2106.017982415458722453224865340993
19479,86687741,1683071762,11173991.64200445377573569003134214,43403.35203603109925453660318158574,8.680670407206219850907320636317148,2524424625157363572537,2097.780547627091501406,2532878435701022770074,1870.93,7.768638715080542e-07,0.0,3.4507289244194274e-19,2120.555087055831807881166375360835
19480,86976277,1683144609,11263475.64767404329705824316960345,34842.26438467118261777436103529708,6.968452876934236523554872207059415,2557648209751023240573,2064.12878106670311127792,2526952087222792658875,1872.881554,6.186769603726407e-07,0.0,3.317617136763043e-19,2125.144589464745321014495787125892
19481,87365966,1683243431,11432201.75198615231718458508382714,51838.09687139106515254965736569385,10.36761937427821303050993147313878,2548490874906592283826,2096.70349597587056597376,2559527570680983833216,1876.67,9.068786222633811e-07,0.0,3.226432979159108e-19,2148.083582867548203195506606650214
19482,87687166,1683324478,11768511.54993186108024550779516609,104419.3231829157302687636230438924,20.88386463658314605375272460877848,2531532791738163819602,2186.83527781178324060298,2604345773378870089142,1989.86144,1.7745544581382562e-06,0.0,3.18919764972519e-19,2200.781396320893680371163727846252
19483,88041137,1683413238,11402007.77293423441907246816244641,21484.15688442334170902582645273641,4.296831376884668341805165290547283,2527993079974887522036,2138.2606928443105147665667,2577706015138577635540,1897.3,3.7684866231054203e-07,0.0,3.0698854176094756e-19,2144.309061932891481192769996984205
19484,88395556,1683503966,11680918.09058730191909725967935599,223986.6927842613592363462101713436,44.79733855685227184726924203426874,2479977022346486611013,2154.480717641657858997350526,2658100942208537832322,1873.164526,3.835087123241691e-06,0.0,3.028048382347273e-19,2186.038228725518168845752947112705
19485,88686827,1683577613,12054304.82536822043435076831281914,72474.17477882933391376917108077924,14.49483495576586678275383421615585,2609939537619122649273,2054.5939832276992704207,2869423168722999142257,1840.79,1.202461292107162e-06,0.0,2.6177519214343063e-19,2116.954827959106600380608475479674
19486,89001546,1683657496,12369159.57662263286294566352606908,36884.25664063178644482003674200239,7.376851328126357288964007348400479,2688766100826327901618,2074.6333235901959877517,2964316487600259343423,1848.310538,5.96390666837899e-07,0.0,2.9667973695176015e-19,2105.667213347188875378397964588725
19487,89364585,1683748924,12271288.48038706726087207605080737,44453.20258850470176222604389636182,8.890640517700940352445208779272365,2663848369675260910448,2087.225865832697906477695215,2966700893601207618816,1849.28,7.245074982884363e-07,0.0,2.8815126931813906e-19,2097.983302372747821428651847539357
19488,89714428,1683838483,12080059.3963945194780221823013136,480471.9967268002972814800504067784,96.09439934536005945629601008135567,2595758748085128793426,2004.82099993333425586864652,3033959776158747012310,1797.83,7.954795269801481e-06,0.0,2.6307363864324983e-19,2068.515894424963845484630029951604
19489,90036451,1683919739,11756114.72958102452596638959889886,136578.7312351885285335044906660498,27.31574624703770570670089813320995,2654663634329441673021,1984.66471622141834134608374,2967233244826699254766,1768.08,2.3235351878886614e-06,0.0,2.9841862803154344e-19,2013.229371730147698608545617961255
19490,90431624,1684022256,12041095.28762323280196254717241068,74220.72149005348399234163064603675,14.84414429801069679846832612920735,2631224691937666603220,2017.6230317022646480385477,2995545410356937812136,1796.781886,1.232790202504971e-06,0.0,3.0311747003170863e-19,2061.352288206333736852367382756554
19491,90767121,1684108718,12009554.89037180027896743607102444,289196.6908944771932746206915473743,57.83933817889543865492413830947487,2744090544246905707624,2017.858779726917576214083004,2867314641561592646540,1800.06,4.816110064600805e-06,0.0,3.103460710879764e-19,2056.463821330093909332793690533958
19492,91098927,1684194626,11854232.70554774670830024871526968,303545.0883919190883795946520252962,60.70901767838381767591893040505918,2559431342701329065656,2052.93436681091648147258,2894301738948521509888,1816.971,5.121294577756363e-06,0.0,3.4519179202089525e-19,2093.366311218448625269408457875497
19493,91424815,1684278318,11858506.38447523133985182955858956,43821.71057339134662942602971629722,8.764342114678269325885205943259438,2539558999795415733777,2054.248097923926229733458788,2917329491498073017768,1822.7309,7.390763921291352e-07,0.0,3.614957432739679e-19,2093.876687738956710518733168076495
19494,91758389,1684365069,11475022.72106680932012498897601662,291834.6297521576210166292118827054,58.36692595043152420332584237654107,2491241736754705048737,2057.6700916272593749519874,2886685250243527473046,1822.2,5.086432277234329e-06,0.0,3.9421107024472107e-19,2056.450002952118894439926889899548
19495,92090219,1684451449,11571660.25663052402556916457016591,117946.4474863023024671319916793629,23.58928949726046049342639833587258,2525729556790496255507,2035.8406926271187478586057,2843783100483839710305,1807.74,2.0385397578315413e-06,0.0,3.602900631498731e-19,2075.270947599955888676802249210318
19496,92422975,1684538935,11579954.13502217948810848287569699,63337.72215071502904545849761850721,12.66754443014300580909169952370144,2550439416123754453647,2039.37325976246313799092,2821614163844383710820,1813.55,1.0939200865944312e-06,0.0,3.6396603576626024e-19,2074.709221681711042598087618509035
19497,92751575,1684624208,11601561.16525306749078166393413687,5117.870416587412244185144815754222,1.023574083317482448837028963150844,2553314580634461413831,2042.685209690562551497680567,2817136549585085310668,1817.90157,8.822727120407807e-08,0.0,3.5781504929470866e-19,2079.035998108978312418976923140395
19498,93026251,1684695569,11607056.7321342624405108660121672,27044.32403486107419174828730527015,5.408864806972214838349657461054028,2538268792628643800111,2030.236276728374530178013483,2832303057376200313502,1807.96,4.65997964152076e-07,0.0,3.4633318876158476e-19,2080.663940460385746655320582863935
19499,93419066,1684798108,11585858.32324361982086392045648494,184847.6890872764662023186321645555,36.96953781745529324046372643291107,2489994644058359836316,2053.93235328826367762684,2871602961964045637043,1818.1666,3.1909192039131685e-06,0.0,3.4504699577679633e-19,2082.370243756991103217899812012414
19500,93757972,1684884561,11782506.86873969563875183001289645,177825.2990362039421298295868324704,35.56505980724078842596591736649412,2464991574113169893297,2083.15649814273856659019755,2862739923306209284985,1855.751701,3.018462896176946e-06,0.0,3.3881201833359596e-19,2131.625653665652758467762273569979
19501,94103227,1684971732,11371076.89931747785996534141452443,62925.54905146924598095526576828084,12.58510981029384919619105315365616,2501028580215804451413,2027.45364711829876924658,2832223405626092994034,1801.921186,1.1067649899587997e-06,0.0,3.6203476060994023e-19,2053.532596414643116502490938923003
19502,94449985,1685058521,11411340.58084985880709916790579154,112517.0235091439594123995860385065,22.50340470182879188247991720770132,2479566586452485606500,2038.11354034357673571924,2849679040482443176978,1806.3933,1.9720211260360833e-06,0.0,3.6023191364488983e-19,2063.259893223439134105973871668661
19503,94729231,1685128319,11212937.49655422541302666960694022,101908.2902652369357132126063566366,20.38165805304738714264252127132733,2449533295323396410593,2059.185804423330601625250072,2687797555114066030985,1834.494988,1.8176912213512955e-06,0.0,3.4794385120448014e-19,2100.252708479509102077494700194796
19504,95120029,1685227114,11254420.10069893470684395421708282,49619.66156126773564156071738696991,9.923932312253547128312143477393981,2433080110518383533244,2053.7051556651866703997709,2730362063219432309486,1828.605452,8.817808668469057e-07,0.0,3.413522573998692e-19,2098.758450266202884384706598102435
19505,95478165,1685317861,11232406.18908614896130976788156614,57616.92967783054327903023972414075,11.52338593556610865580604794482814,2409447949032557220552,2152.41449383685413927574676,2688868731451950179163,1913.827253,1.0259053796294055e-06,0.0,3.5233852231042755e-19,2121.06482859142555003703442241268
19506,95780819,1685394077,11534300.97373673634330416429893083,81569.20487565015937913859806599235,16.31384097513003187582771961319848,2393926182375942097636,2121.983498076865989341,2692974380057595387239,1893.04793,1.4143762168402026e-06,0.0,3.564918795071746e-19,2183.482206533636105871536616550855
19507,96146515,1685486894,11536626.37523193879835426490108871,14200.63863056936786621683395253927,2.840127726113873573243366790507854,2387297661656822526703,2143.73823714652683885041,2684602678673673068805,1904.4963,2.4618355780433035e-07,0.0,3.6587436125857556e-19,2190.36005890338495429691078119258
19508,96499483,1685575934,11248855.59528442344945802962167381,268567.2137129757232588779506099941,53.71344274259514465177559012199886,2379644193943071821660,2103.85443317006106131122,2685313511504481198536,1872.053699,4.775013981432217e-06,0.0,3.602868431160551e-19,2138.883540690813907236916831098959
19509,96837782,1685662495,11972052.06008364061146384439106163,23094.7810688559921176751805934053,4.618956213771198423535036118681059,2534654628554172497718,2107.65485295996431827978,2833187400256892358569,1856.76,3.8581157103145184e-07,0.0,3.384200902976615e-19,2147.340502205145439804787489704452
19510,97152561,1685742680,11427324.3333047292302714316247785,222643.6725303776032821577775233573,44.52873450607552065643155550467148,2412795527250999621240,2131.287126613226705968265276,2595778676910002360181,1905.705071,3.896689479294583e-06,0.0,3.9348582847000124e-19,2194.189250983252589663123722318451
19511,97511320,1685834213,11313045.67331681734660327507368167,40492.60598636906086281001410771701,8.0985211972738121725620028215434,2401124870306059514710,2127.31823587020143485454066,2564916025878644311123,1891.14,7.158568462580461e-07,0.0,3.919820573128994e-19,2190.393423796442986772528570987346
19512,97857066,1685922559,11221812.7932651418992533782917111,85075.25628874526381740739015116212,17.01505125774905276348147803023242,2364580595409731224188,2140.9056380614351694694484,2565720775166031558993,1889.21,1.5162480047751972e-06,0.0,3.9395548420227165e-19,2189.501413224299075938144375209399
19513,98195373,1686008965,10474790.72669798555262814325419746,337127.5069308430586745493459683736,67.42550138616861173490986919367471,2370760304516411349919,2036.217688941899481579666,2456583749980796445147,1814.0495,6.436930640944981e-06,0.0,4.038964866568775e-19,2084.509441992650895422490159562711
19514,98526116,1686093448,10838298.62521032097218917992483824,79969.82735018247542396936428885096,15.99396547003649508479387285777019,2345863242125943635995,2115.8084326944909283868544,2478168005605520222893,1882.99,1.4756896836957311e-06,0.0,4.242622642515122e-19,2159.566482605274941542795889306565
19515,98862321,1686179553,10479618.72415490455479660973109348,73323.21544820805721275047945387524,14.66464308964161144255009589077504,2317755024740529994391,2060.200299666563570937032612,2473403863772091724685,1826.34,1.3993489148455823e-06,0.0,4.340858039254046e-19,2103.06294915884619486721715867026
19516,99191768,1686264590,10535165.12862148483480750506055152,169802.4021514471771229844601721331,33.96048043028943542459689203442665,2233669490418691567245,2089.23111376143211481340523,2515162134529897955584,1850.577702,3.223535655651667e-06,0.0,4.0351551982817384e-19,2136.485922300040906917060852601495
19517,99515425,1686347909,10443116.43403172704629066817237327,487648.5943887189549283207716853711,97.5297188777437909856641543370742,2222882180494157288234,2077.95629699763991213653,2505633631497560095882,1837.990477,9.339139278378315e-06,0.0,4.078377713475849e-19,2127.00452236593143321504620902375
19518,99876243,1686439910,9804526.97302032472323419944967612,229559.7126571072793449756489933096,45.91194253142145586899512979866188,2193761056517012404917,1965.4255329360411890856,2508328173037440820081,1751.98,4.6827289738464655e-06,0.0,3.6223239308618164e-19,2009.036066934775532155648299523627
19519,100219720,1686527640,9808014.774436690068450353708203727,17949.82612215081238396259937517894,3.589965224430162476792519875035788,2177557488188716810403,1974.275282897260615860555,2507375554989627672416,1751.4,3.660236354646343e-07,0.0,3.5765013355081307e-19,2017.538940477309755262526163276094
19520,100535411,1686607427,9821945.761054346932772099684112639,135100.3080001486126805746806949021,27.02006160002972253611493613898045,2215477039705688202926,1957.6212128679215588086586,2532068954179479444988,1742.566,2.7509886795719007e-06,0.0,3.50662841506951e-19,1993.319674990480647337226330993523
19521,100892656,1686698662,9501600.999755814888018955648275987,264871.5412717350097333098781203521,52.9743082543470019466619756240704,2124586942652734108472,1959.632798425873731757121095,2409987589365107835477,1736.4506,5.575303388945548e-06,0.0,3.5905911637460753e-19,2018.436003414419332211780179720361
19522,101235488,1686786185,8600837.569347055838711779541153277,112108.9582509610637138105060416931,22.42179165019221274276210120833864,2073472777295947411291,1863.1611382740334390146,2273849277540093067439,1649.93,2.6069311819237613e-06,0.0,3.7889343809260343e-19,1903.851634435846455870590777320844
19523,101576123,1686873360,8656740.516340675632139729855539753,152648.2487477705554774068528945839,30.52964974955411109548137057891677,2035536628727159829766,1877.0601563653362736995075,2314746106049284702504,1665.4353,3.526691101798142e-06,0.0,3.7561494403707893e-19,1917.024510787679153365110619765917
19524,101904917,1686957791,8928528.634132507070167657590441405,76756.86280150582055813552006633828,15.35137256030116411162710401326765,2031314712376524456385,1903.247927148611898928568628,2312268182637264737219,1718.148776,1.7193619676163696e-06,0.0,3.811112902622308e-19,1980.325825600897581778770967203746
19525,102241463,1687044803,8858206.718927793178789222299163444,16424.53358189198990305763463512859,3.284906716378397980611526927025717,2007356580876379372876,1950.137919660599964627440121,2274540297320966852525,1728.851181,3.708320228471713e-07,0.0,3.9168515530359333e-19,1992.758524794742282746358116713652
19526,102563691,1687128965,8903225.686991355182750759317874749,57394.19969241393110811165575945494,11.47883993848278622162233115189099,1996096551717767760599,1949.7497066566368036303921,2281740120701045008309,1724.19,1.2892900103896841e-06,0.0,3.795953187778078e-19,2005.324395540029525059962736740053
19527,102894648,1687214512,8812668.994340374508825034058930511,41143.64658288649382040648344714406,8.228729316577298764081296689428812,2014103761783862812467,1952.6214061674780667599084,2242570020973613465138,1735.698837,9.337386122027174e-07,0.0,3.846987682364541e-19,1993.213631742218447924491092736484
19528,103248588,1687305453,8886070.368420709652843713643689806,123871.8787738825365510639567012331,24.77437575477650731021279134024662,1951449990926160832802,1966.143826248036219035335785,2204443777323702009833,1791.82,2.7880013017699714e-06,0.0,3.9853897515293575e-19,2059.465718844226463006525550567536
19529,103581228,1687389845,9264668.514594470383683507974904053,51442.13584637226871650143151316999,10.288427169274453743300286302634,1926823635021019189875,2106.4685285099276919436,2198082979293866484568,1895.236431,1.1105013798461622e-06,0.0,4.063398021084375e-19,2163.990333529226813673091283732181
19530,103919543,1687476496,8587280.217594131272852824745419076,9628.078114573210149032179799602863,1.925615622914642029806435959920573,1785689363119749563847,2131.638073290005244320535718,2033243651388058109106,1874.691851,2.2424045496609344e-07,0.0,4.3334794366794625e-19,2166.349150990934401891173594760583
19531,104251723,1687562228,8550402.548220597051227695350751613,128078.0603735639041329189296622097,25.61561207471278082658378593244196,1810807559381141639400,2157.15301810537633301999674,2003780806817938357905,1891.27,2.9958369714468685e-06,0.0,4.3283600235811606e-19,2157.639545874401082960809264147112
19532,104578959,1687648235,8728334.88409868166704863107902479,28603.17513397704363734276290200834,5.720635026795408727468552580401669,1801908440745154382588,2119.2453269288801211232424,2026958993127973986530,1877.98751,6.554096632127723e-07,0.0,4.1053745385814726e-19,2195.42191991232756177023973039047
19533,104916134,1687735450,8673223.737573100465090085331576454,53532.47840503632834653271779347329,10.70649568100726566930654355869464,1783454483691315037698,2139.4146215390255271624,2025778936917125468845,1900.1274,1.2344309342126006e-06,0.0,4.3075783647142914e-19,2193.456109340617191935046865516975
19534,105241013,1687818533,8587184.631597851295126512703502272,22839.881508939874015836049794928,4.567976301787974803167209958985601,1788946036283544855507,2083.2741123823672069379997,2012209762119025137095,1855.3249,5.31952729300755e-07,0.0,0.0,2175.66451077039469152843113230407
19535,105589896,1687908019,8564734.520978601156112124143498236,109075.6857094406595660650242842653,21.81513714188813191321300485685305,1786473554896055541263,2124.057353371167043450007993,2010140073353463462435,1888.2685,2.5470885394583776e-06,0.0,0.0,2172.60485479012422047175689862309
19536,105935881,1687996537,8452239.974599057730167549958677802,5015.543249664833577380112693920134,1.003108649932966715476022538784027,1773315505963025199650,2067.7319305486254978402612,2012035735379221498152,1829.61,1.186796225553866e-07,0.0,0.0,2150.99544793758128685145385593891
19537,106216073,1688067398,8132859.29595010065967463179106252,94572.51330393979985503988104206296,18.91450266078795997100797620841258,1700625207621440518621,2096.5892346924761352262083,1933933348747392309337,1856.46075,2.3256891546379965e-06,0.0,0.0,2155.747899658173622682399242823434
19538,106598046,1688164708,8245775.217913019257663235643960081,163065.6410403962018226765063439845,32.61312820807924036453530126879688,1711629529031675891999,2179.6283991134577624201755,1918838395901594432909,1939.000749,3.9551318519125874e-06,0.0,0.0,2187.196102168914907141269962957022
19539,106940460,1688253905,8314103.543449645416595935003566071,27376.777401750405537814406263305,5.475355480350081107562881252660999,1689083765660566580908,2173.42449403539141750902,1916166550792021778946,1923.216323,6.585623394916578e-07,0.0,0.0,2221.55364659229755271970770350001
19540,107270038,1688339829,8302904.42744963997578407890857333,2084.659548524464611339875667853148,0.4169319097048929222679751335706294,1691749277847065701418,2169.4719251272050870666822,1916131358079342400501,1937.2597,5.021518835342776e-08,0.0,0.0,2216.836215641352838077485128467694
19541,107590253,1688421896,8396970.041913269755876545003207236,3763.996192797409682603273279642399,0.7527992385594819365206546559284797,1680622788720519175678,2218.7957478153493519243224,1892649004105498061410,1956.85,8.965129502688506e-08,0.0,0.0,2263.269274589701587905667531599684
19542,107940816,1688513516,8211366.033276017877448224739568856,841323.0664567957694691044587059672,168.2646132913591538938208917411935,1626307522546965734546,2196.5877869276647012778992,1899280237095116355581,1939.7,2.049167125292892e-05,0.0,0.0,2245.740661436083719554803850486331
19543,108232190,1688590925,8046033.423738308185926624476567706,20952.42284639877097407976096108617,4.190484569279754194815952192217235,1631941852580966148132,2160.860174057701768518868857,1891313517800707545612,1910.7059,5.208137163482963e-07,0.0,0.0,2201.462264131159237414598009910783
19544,108566386,1688679464,8208367.873581366186713103306879331,22766.0167745644930737060153621838,4.553203354912898614741203072436761,1642185709910589158317,2198.24202513972568861241,1876896422983080350222,1876.886526,5.547026430878402e-07,0.0,0.0,2247.58071337124189883320093077984
19545,108918495,1688771181,7861633.32573378333070378261275104,72540.1196076240849636851195675637,14.50802392152481699273702391351275,1626916856011239016425,2104.169649652378513787014543,1877194400307124276825,1867.871,1.8454210875029174e-06,0.0,0.0,2162.475210869912462836115622859752
19546,109255058,1688857947,7764631.200381133439773132771178478,23877.86913549952940636289601739581,4.775573827099905881272579203479165,1637795625221248826938,2089.43785316363614033881,1863313356886935070388,1861.76,6.150419387421121e-07,0.0,0.0,2136.698297678653822076248202490296
19547,109596914,1688946604,7706173.95745486216472201334571229,28583.80724240593551468849099551787,5.716761448481187102937698199103574,1624043416451429633758,2112.30134882518810885997162,1807661257384391604036,1860.7,7.418417336596534e-07,0.0,0.0,2162.048863702288281838639640392151
19548,109932425,1689032662,7677165.044302958898779015365085281,688485.5923210599562675153627116589,137.6971184642119912535030725423319,1600919630008264137914,2116.76871523079169109224,1841928701576529707186,1881.0382,1.7935933078108532e-05,0.0,0.0,2149.175507303930443242086998081198
19549,110268871,1689119174,7731686.805922346728948016560086207,98722.8786087688247413219370610915,19.74457572175376494826438741221829,1595618203315192276658,2122.29734297689274724241111,1836063168762879752723,1878.879783,2.5537216156543926e-06,0.0,0.0,2171.497175847928072141889949090306
19550,110561396,1689194431,7751079.854075354753742530635158319,17648.72291170610673229306771527682,3.529744582341221346458613543055366,1597295621823626250640,2134.277317836202736704537138,1823942011946210576152,1871.1009,4.553874619786501e-07,0.0,0.0,2183.072720586134652665924987333525
19551,110925252,1689287517,7917710.368817615664020686209349463,26341.18241371028889322424911111502,5.268236482742057778644849822223007,1606987164542983966372,2257.637540384903322612350676,1814044335387854652069,1990.06,6.653737301998312e-07,0.0,0.0,2229.34814264788473116052632379304
19552,111196946,1689356429,8197503.168632106773037054572530619,6.286408128759787006314315757582503,0.001257281625751957401262863151516501,1606907893127844498534,2256.760689197215794376674625,1813577623175244475436,1968.5429,1.533737285473665e-10,0.0,0.0,2308.48157014230890925093640045056
19553,111608797,1689461810,7909413.40633996365278455083696887,173.1211227994723223346021596980219,0.03462422455989446446692043193960438,1602867690131972813839,2196.73833340383597824096883,1805909750951537722858,1929.1,4.3775970202974416e-09,0.0,0.0,2234.884870495407366783261964853913
19554,111905201,1689538857,7408200.681910036695090807529634205,6047.763142393209291422099030580286,1.209552628478641858284419806116057,1507783452943982743263,2186.42049220478439487149036,1681076628327060667029,1931.11,1.632721196973279e-07,0.0,0.0,2236.89897009725164976672109204079
19555,112277276,1689634848,7059739.150122781717957659838843027,83297.6977613128633854354351861551,16.65953955226257267708708703723102,1474307748811822455287,2154.99580447811467400806,1616489675046718672672,1910.137,2.35979534059312e-06,0.0,0.0,2198.184477880053558522327434149801
19556,112612099,1689722059,7054895.41807140270777932029593196,8064.418206191768235387736100553669,1.612883641238353647077547220110733,1466969745519592543683,2150.31580345862642271610054,1619702095142737309705,1897.968428,2.2861907167424284e-07,0.0,0.0,2200.087676083376998670246822827953
19557,112908074,1689797964,6818722.379146001448419282457807483,133398.5348663894478861234590910726,26.67970697327788957722469181821451,1414033396693365844047,2166.04617855197636373489771,1569840034322572791455,1905.5065,3.912713480588916e-06,0.0,0.0,2200.087676083376998670246822827953
19558,113199314,1689872250,6803243.225001334769128409641940612,10214.7984909451312834535644378201,2.04295969818902625669071288756402,1403746615168395950510,2174.75488514964803067192,1565135251716084525037,1879.894536,3.002920269969659e-07,0.0,0.0,2206.472856577826680220581398611175
19559,113531950,1689959218,6759406.820389697939894678158598644,15649.68717348702625545606564338819,3.129937434697405251091213128677642,1395932049592636748386,2142.2406746645170687789849,1569336533415504678509,1890.6346,4.630491281063263e-07,0.0,0.0,2195.492155143583303561990307299555
