blockNumber,timestamp,totalValueLockedUSD,dailyVolumeUSD,date
14763966,1652398142,231418041.4019880827621082446973481,11319821.47062808468776791301135672,2022-05-12 23:28:00
14770383,1652485408,368048745.491541841184020373003685,26976553.50977695779803138331464192,2022-05-13 23:42:56
14776225,1652566674,418819691.136236598157831909614048,1884339.493976974973902919836754546,2022-05-14 22:17:36
14782931,1652658492,550128349.522511392180078262549385,21613544.27276187038357215756409932,2022-05-15 23:47:12
14788953,1652741281,553332013.019111809296452394963741,5649224.655255740088802033235205662,2022-05-16 22:47:28
14795168,1652826871,580803906.74532915776037293193027,2706822.329850311169896418193866181,2022-05-17 22:34:40
14801239,1652910395,600809059.775512220853340817963424,3017551.59977195139943629473492697,2022-05-18 21:45:36
14807775,1653003016,629080363.424887512196263124360899,3175388.907092358958846281945377311,2022-05-19 23:30:08
14814044,1653090949,717715322.86020130708551349276626,698594.788891391288847733026838175,2022-05-20 23:55:44
14819879,1653172801,734639032.19996053047744635455083,31947657.97887793934259413201126068,2022-05-21 22:41:04
14825837,1653256400,737079957.50052160868477116860261,2112474.462069222676548238453472797,2022-05-22 21:54:08
14831899,1653341229,734816734.01091103975617778113366,3675224.866882143163212175770594925,2022-05-23 21:26:24
14838526,1653435056,730966825.51754125771103797344348,1337435.962764386920599197592277366,2022-05-24 23:30:08
14843883,1653510053,731829743.46397219180864482380736,1956554.48058138530054978234249574,2022-05-25 20:20:16
14850509,1653603648,659717377.207666743261108787795125,455113.2439189668627556449067022158,2022-05-26 22:19:44
14856664,1653689783,630754452.672037288890448015852806,4574161.297145904063340851891939244,2022-05-27 22:15:28
14863221,1653781692,630687059.791872756013421612660055,1818597.061407434130496189851080774,2022-05-28 23:47:12
14869228,1653865987,630443515.456487707323295422396774,157329.9469134113137897550659260704,2022-05-29 23:13:04
14875511,1653954910,629524608.415114033472560453996116,2922560.961184871950105899296589262,2022-05-30 23:55:44
14881003,1654032132,629209972.196832978886975296187755,299763.8076325010333635212543792663,2022-05-31 21:22:08
14886068,1654104279,672935406.391121103996222125548439,1362596.898958204596656315758429797,2022-06-01 17:25:20
14893605,1654209553,674543052.639253868905240475427178,2963557.386433810863779237009600699,2022-06-02 22:38:56
14900052,1654300257,572850602.937022520813491452976351,490194.9735671534229572620013346399,2022-06-03 23:51:28
14905853,1654385306,544455544.031086632038372949414449,4763.651976674873591736561484588591,2022-06-04 23:28:00
14911883,1654472918,542620026.347053432050427766702549,51423.10784187763105346012779021717,2022-06-05 23:49:20
14917571,1654557288,536818304.755168103884021741750248,6439660.166032979649451415006306962,2022-06-06 23:15:12
14922694,1654632084,488567847.495017515158377855517307,859536.2139517546911101737125859008,2022-06-07 20:01:04
14929202,1654727634,469266161.7254393825867985886341,8306174.726816830373905639502431611,2022-06-08 22:34:40
14935234,1654817172,431368465.2926638456402398958176,2338708.276928428038961134123170012,2022-06-09 23:25:52
14941253,1654905385,305461882.54178717327108091262331,18752394.02316117704960846251365354,2022-06-10 23:55:44
14946976,1654989727,248916716.768206390280995307350658,8872322.680698821695897535744192384,2022-06-11 23:21:36
14952513,1655071482,218906360.83561497755724148070375,2727036.815272048605216289268994752,2022-06-12 22:04:48
14958649,1655162795,186017456.81087195481395616709168,19692267.81434280234032611652584294,2022-06-13 23:25:52
14964277,1655246895,59409315.798320364168248185789406,13753278.4419627652330330631339905,2022-06-14 22:47:28
14970209,1655336288,54233531.910835069185110170678144,2149764.298756989418150981944688807,2022-06-15 23:38:40
14976114,1655423834,50254902.895653918379368798972462,1079667.283380655090093634723527035,2022-06-16 23:57:52
14981935,1655509448,26620331.202253364418215260873558,1224327.699189172139006175174412384,2022-06-17 23:45:04
14987719,1655595600,24989636.424598523968482054156984,374850.7498498958085305700190216545,2022-06-18 23:40:48
14993471,1655682494,20111503.401610573647164232824096,224373.1044560725161068452427269012,2022-06-19 23:47:12
14999233,1655767525,22416512.985067689003746091824184,70495.77970496512863838431589492839,2022-06-20 23:25:52
15004620,1655851832,22506119.467185652674337726347378,237058.9934203321600270966772687387,2022-06-21 22:49:36
15010060,1655940032,22454333.354067643092939416369868,176639.290876256136144864292228966,2022-06-22 23:21:36
15014822,1656018084,22455516.481849600852713377765948,99234.11541713475859053983116705797,2022-06-23 21:00:48
15020205,1656104422,22586130.774015892070754822960493,233306.515000773129954889569484524,2022-06-24 21:00:48
15025990,1656197746,24245583.33090415639719403565762,236075.1403928671613054281806382704,2022-06-25 22:56:00
15031053,1656280071,24244332.3296055210570746408229,97601.92255285861338351919467024602,2022-06-26 21:47:44
15036880,1656373074,23705219.991996260503858711474407,31452.28951027647770291997198386015,2022-06-27 23:38:40
15041762,1656452702,23565831.447867648243216651161324,142522.8292934071089660562074464798,2022-06-28 21:45:36
15047298,1656542555,22165154.12630329778744419390605,35543.60056957931719979908937392712,2022-06-29 22:43:12
15052977,1656629818,19722205.559494213241496753000006,129535.048937872418399242290989031,2022-06-30 22:56:00
15059320,1656715433,19712040.467639960085634185215493,20649.58392034069466310562460064827,2022-07-01 22:43:12
15066163,1656806338,20127857.18865975732734067700359,73127.14189142683493055029976770477,2022-07-03 00:00:00
15072467,1656889631,20407678.789111294335169580420544,63634.59997410261860732673520647964,2022-07-03 23:06:40
15079043,1656977794,21272319.831818817945156933429294,96911.85776907663467118196661088067,2022-07-04 23:36:32
15085516,1657064138,21664502.752877199488560781865731,394035.6734619642445961647578086973,2022-07-05 23:36:32
15091973,1657150403,20941268.54313392597662067247375,6485.398755383111227660038907638983,2022-07-06 23:34:24
15096499,1657211370,21840224.28951200326996928355066,24909.79906263937304298120575957618,2022-07-07 16:29:52
15104675,1657319374,23158753.537093319992497380615143,16232.30651197561720319980805723484,2022-07-08 22:30:24
15108375,1657370146,22642268.04404613926868115952932,28696.40287484887776617469386563647,2022-07-09 12:35:12
15117667,1657493513,22115972.179382586205652712658768,300912.4041680511391054115287305565,2022-07-10 22:51:44
15122202,1657554587,22060208.143635509843869378261952,11169.22661241681799889074816325671,2022-07-11 15:49:20
15130838,1657668549,22060208.143635509843869378261952,310423.7899172056099958981749790165,2022-07-12 23:30:08
15137246,1657755189,19687791.3340780752219221437299,68170.88397261543293560884373187924,2022-07-13 23:32:16
15143605,1657839061,19389551.067869416435012767290634,23865.03560049140040890149998459475,2022-07-14 22:51:44
15149798,1657921676,21332107.289995469580501487451952,85112.90432252767354220734884379401,2022-07-15 21:47:44
15156735,1658014952,21062419.79829150052975085091894,51311.15460728537730413091472030043,2022-07-16 23:42:56
15162972,1658099030,22912412.124849998263824314747775,165050.0723286225492989452792859294,2022-07-17 23:04:32
15169302,1658183759,24832434.60944379760156660294723,109301.4063396891141305389902368362,2022-07-18 22:36:48
15175868,1658270876,25134752.662907117393794685107872,620690.2953655187158550304068450119,2022-07-19 22:47:28
15182474,1658359915,24336750.53619274839480723622761,57506.59219221634328192345889565806,2022-07-20 23:32:16
15187963,1658433303,24336750.53619274839480723622761,52764.44494744596803327027705751023,2022-07-21 19:54:40
15194531,1658520981,25021796.688199084109830802717706,49103.59231428764519520726045690316,2022-07-22 20:16:00
15201888,1658619121,24982711.677366862966791886218774,29577.00970084360637697291239154327,2022-07-23 23:32:16
15207720,1658698023,25560141.441079423649529580621704,11399.21077819967947971087774776425,2022-07-24 21:26:24
15210739,1658739571,25560141.441079423649529580621704,52992.29351753573124293555306304991,2022-07-25 08:59:44
15220526,1658871038,25560141.441079423649529580621704,12284.47575995844473855416007640609,2022-07-26 21:30:40
15227082,1658958753,20378676.07628983348025091695466,107532.785497240638416453636773488,2022-07-27 21:52:00
15233812,1659049534,22316729.57751379409784400158184,301036.8935343419516026890312857118,2022-07-28 23:04:32
15240035,1659133234,23018713.281385405216726134973896,48813.98394920748544459464766615447,2022-07-29 22:19:44
15245785,1659210621,22536821.770692034090034160047331,25965.43698559287816816175259522955,2022-07-30 19:50:24
15251131,1659282309,22529897.334037731236488698404108,47999.14168007651767043547355439471,2022-07-31 15:45:04
15259744,1659398315,21814936.152151761130998541533867,12701.69675980744058525669424607471,2022-08-01 23:57:52
15265238,1659472214,20948702.939726243876728967264384,2239.331029278371442618222512871868,2022-08-02 20:30:56
15272478,1659569914,20337351.16938406788857174964558,185513.7744374533069162480727272067,2022-08-03 23:38:40
15278737,1659655064,19930723.16078555012618772252921,70036.96454855035603453696854942189,2022-08-04 23:17:20
15284603,1659733193,19686923.229408543664480639476414,151958.8359475310751617168911171357,2022-08-05 21:00:48
15291114,1659820450,19686923.229408543664480639476414,28750.28911625563746983125433849952,2022-08-06 21:13:36
15298005,1659913022,20300301.888229292110522903115786,30850.59628067210113125270637687832,2022-08-07 22:56:00
15304126,1659995802,17382931.254008831601829714113836,23219.05579878246910319139916145969,2022-08-08 21:56:16
15310157,1660077299,17382931.254008831601829714113836,75855.35202870628425285633564206383,2022-08-09 20:35:12
15317393,1660175522,17382931.254008831601829714113836,57454.95390744273119127551227649529,2022-08-10 23:51:28
15323181,1660254977,18987695.628044268878264065408548,103003.1129056772955820668405163145,2022-08-11 21:56:16
15329951,1660347207,18881304.927395811330312184029372,16451.82926826870892333034841100138,2022-08-12 23:34:24
15336319,1660433357,18027176.086699327110536213480271,127452.1633876736905600979049820728,2022-08-13 23:30:08
15342227,1660513790,18027176.086699327110536213480271,18614.49401014017035207968830043917,2022-08-14 21:49:52
15348206,1660596539,18096895.540797982841385022532832,16597.970665883367668632466669498,2022-08-15 20:48:00
15354628,1660683798,18089852.147449565586575960308176,56998.34296092325347666022555676523,2022-08-16 21:02:56
15367871,1660864671,17164047.877365513187775523877584,27018.02643815737204127373907338578,2022-08-18 23:17:20
15373841,1660947095,13400878.904086913651637730032595,289418.397272999369290734612388707,2022-08-19 22:11:12
15379771,1661028104,12522608.117339739062729044004124,14782.8643062070159573346798871901,2022-08-20 20:41:36
15385282,1661103461,12367134.396014404768330365215454,22231.09276066117805813331838991126,2022-08-21 17:38:08
15393246,1661212112,12149032.492847162317475511442078,54403.89176042683152757702088214001,2022-08-22 23:49:20
15397527,1661269831,12149032.492847162317475511442078,36757.93290769367469600568817739498,2022-08-23 15:51:28
15405211,1661375522,8600409.676623397213467837440963,28509.82973349910501828991405495903,2022-08-24 21:11:28
15410122,1661444581,8589129.393904621944494850689996,15534.59242150743908658280642863812,2022-08-25 16:23:28
15417520,1661546715,8589129.393904621944494850689996,41173.02997382669101794605459387602,2022-08-26 20:45:52
15424053,1661637083,7649862.386187839932159266201108,178253.1347681996597461569929781688,2022-08-27 21:52:00
15430234,1661722824,7649862.386187839932159266201108,1951.815699370705613696356297665341,2022-08-28 21:41:20
15436164,1661804360,7307139.199336842416053095038688,590640.841722223492909758350818748,2022-08-29 20:20:16
15441145,1661873399,7307139.199336842416053095038688,8131.193538035493072396091141404525,2022-08-30 15:30:08
15447362,1661959256,7964914.369185309589505705536272,0,2022-08-31 15:21:36
15450982,1662009242,7964914.369185309589505705536272,9259.608707656527583539991610797779,2022-09-01 05:13:36
15460246,1662136633,7909709.023018024081536965094961,64314.59440850476143810363973643816,2022-09-02 16:36:16
15466588,1662224754,7654229.426884538498880521177292,394.6813627144404964796353395475301,2022-09-03 17:06:08
15474252,1662330837,7719272.653913526214866459967842,42954.19352718030763262058761118059,2022-09-04 22:34:40
15480812,1662422389,7983306.683083665005869104511627,57730.47833905683519690287579309187,2022-09-06 00:00:00
15486583,1662501786,7983306.683083665005869104511627,83160.21510726567374266476242248009,2022-09-06 22:02:40
15491976,1662576339,7983306.683083665005869104511627,44706.08193488265046636457465924745,2022-09-07 18:46:24
15498934,1662672571,7983306.683083665005869104511627,24073.6414692000362403463306733888,2022-09-08 21:28:32
15505437,1662765157,8444737.36174937246806473670197,42267.12284884849610446399159011616,2022-09-09 23:13:04
15511161,1662846800,8444737.36174937246806473670197,43180.33597585605338224303310115385,2022-09-10 21:54:08
15516582,1662924778,8662559.991895161978561327645504,24732.25641782829259860712223306098,2022-09-11 19:33:20
15523681,1663025460,8394683.497059447614675721061738,20786.91612050838382352486990384514,2022-09-12 23:30:08
15529714,1663111553,8312545.644544127902498272700833,35834.12525711708374850885364726271,2022-09-13 23:25:52
15535622,1663197642,7200311.685002232162516710300202,331819.9296566215055269805445047942,2022-09-14 23:21:36
15542401,1663285127,6999272.542688935786566312469374,268293.5776967291349515554056442146,2022-09-15 23:38:40
15549082,1663366547,6999272.542688935786566312469374,153656.4894515874768899960779202972,2022-09-16 22:15:28
15555116,1663439639,6265332.124674679795773721202406,123943.9212231168358960901262520821,2022-09-17 18:33:36
15563775,1663544615,6265332.124674679795773721202406,178484.2140067677163864642987412019,2022-09-18 23:42:56
15570556,1663626875,6265332.124674679795773721202406,64332.17921556767600122227306857543,2022-09-19 22:34:40
15576848,1663703027,5454032.422626216548272558292383,147036.8891693157082576500194419128,2022-09-20 19:44:00
15585110,1663804055,5454032.422626216548272558292383,58633.96308392084619330064198114397,2022-09-21 23:47:12
15591118,1663876679,4764850.2942584916120603557346,43334.87920456645343725938810393921,2022-09-22 19:58:56
15598994,1663971635,4548603.094414497747030684083921,109149.5606204889299111413842432784,2022-09-23 22:19:44
15605965,1664055647,4548603.094414497747030684083921,46787.12895612048102776186323530002,2022-09-24 21:41:20
15612839,1664138447,4548603.094414497747030684083921,70294.39712049281478184536487158909,2022-09-25 20:41:36
15620895,1664235839,4548603.094414497747030684083921,74346.10851419951599116062579303283,2022-09-26 23:42:56
15628101,1664323019,4548603.094414497747030684083921,468180.1202463756745235707310687315,2022-09-27 23:57:52
15634807,1664403911,4103889.994569602001544160040587,115703.8275383932457513240398539127,2022-09-28 22:26:08
15640432,1664471843,4103889.994569602001544160040587,6772.523807346310421220581731464898,2022-09-29 17:16:48
15649481,1664581043,4103889.994569602001544160040587,1607725.976792856054931024794498893,2022-09-30 23:36:32
15655592,1664654987,4266539.49158168008861126833759,36599.09144461065328390152764606908,2022-10-01 20:09:36
15659847,1664706311,4266273.0332802559984595563077,26899.39575384097377758810413558302,2022-10-02 10:25:04
15670593,1664835947,4266273.0332802559984595563077,884610.4383833118499157271293197448,2022-10-03 22:26:08
15677557,1664920235,4266273.0332802559984595563077,46868.54722366039955293941060420627,2022-10-04 21:49:52
15684447,1665003611,4266273.0332802559984595563077,54082.86537725656183979031684039961,2022-10-05 21:00:48
15691407,1665087635,4342655.30662862703598149856779,56464.67455770344939291817302015423,2022-10-06 20:20:16
15699621,1665186899,4342655.30662862703598149856779,187653.4533582106147964012833438184,2022-10-07 23:55:44
15703885,1665238271,4342655.30662862703598149856779,23890.08325930250887496105408164712,2022-10-08 14:11:12
15712566,1665342971,4342655.30662862703598149856779,8117.513667936700744682252270206958,2022-10-09 19:16:16
15720689,1665440951,4342655.30662862703598149856779,60451.82064147411444104017804816543,2022-10-10 22:28:16
15728121,1665530555,4342655.30662862703598149856779,45999.43144111380422446898310728543,2022-10-11 23:21:36
15735470,1665619199,4342655.30662862703598149856779,375578.4255082231769497357727041424,2022-10-13 00:00:00
15741560,1665692723,4342655.30662862703598149856779,55196.41077871940542830677641490413,2022-10-13 20:24:32
15749053,1665783119,4170574.62165722700665841075,73440.51418574409348219297598915451,2022-10-14 21:32:48
15756365,1665871271,4170574.62165722700665841075,74897.6322185293115616908530840933,2022-10-15 22:00:32
15763718,1665960047,4185926.395765587062465550670864,19633.82650120008709202170025325386,2022-10-16 22:41:04
15770823,1666045871,4225488.533047246585253308905573,158591.5632384163119525784520934567,2022-10-17 22:30:24
15777626,1666127843,4225488.533047246585253308905573,36044.63226914756125571844486037889,2022-10-18 21:17:52
15780847,1666166735,4025862.816970671168752489570452,5008.515586835174609038518846512935,2022-10-19 08:06:24
15792038,1666301807,3516559.036243577857518944996834,156646.9094145588386327487357988421,2022-10-20 21:37:04
15798608,1666380959,3516559.036243577857518944996834,222213.1601024318048157892984217953,2022-10-21 19:35:28
15806756,1666479227,3565744.246805257747400525892756,43402.50082833233320745060530122986,2022-10-22 22:53:52
15812634,1666550111,3565744.246805257747400525892756,81086.4841567316544479483053158489,2022-10-23 18:35:44
15821334,1666655591,3565744.246805257747400525892756,19702.84478939621467269303761229686,2022-10-24 23:53:36
15828020,1666736327,3565744.246805257747400525892756,426301.7401413820528248363932986684,2022-10-25 22:19:44
15835476,1666826243,3565744.246805257747400525892756,236049.7811945971846650219170755976,2022-10-26 23:17:20
15839872,1666879259,3565744.246805257747400525892756,80779.83980657581692623381456156891,2022-10-27 14:00:32
15845871,1666951835,3565744.246805257747400525892756,211045.0074786348540132198676925659,2022-10-28 10:10:08
15856145,1667075879,4163937.188118265937011131379416,100549.8183475243684418510211614746,2022-10-29 20:37:20
15862258,1667149535,4163937.188118265937011131379416,68877.50269381610074196366217205367,2022-10-30 17:06:08
15865161,1667184575,4163937.188118265937011131379416,38110.86102415890412742387965512325,2022-10-31 02:48:32
15877134,1667329295,4160182.16245194234259820268015,39187.22759015735001862578311656329,2022-11-01 19:01:20
15884412,1667417159,4160182.16245194234259820268015,27319.78258773716666827791728304026,2022-11-02 19:26:56
15892325,1667512739,4160182.16245194234259820268015,79150.36340841040512136978954941877,2022-11-03 21:58:24
15895701,1667553479,4122148.117389705400836251387646,4150.703578950861128951511522282593,2022-11-04 09:18:56
15907175,1667691863,3477035.06327430375662454000727,300058.8519948403562078690948527072,2022-11-05 23:45:04
15913424,1667767187,3081702.048081320913761673449906,252514.9221324239365125453014729824,2022-11-06 20:39:28
15919988,1667846303,3081702.048081320913761673449906,394258.6213915567039626171413576018,2022-11-07 18:37:52
15928391,1667947643,3081702.048081320913761673449906,677493.8060860854535208916529839076,2022-11-08 22:47:28
15935438,1668032831,2176372.456806073470873985817941,396749.7181959791944283462822701558,2022-11-09 22:26:08
15942943,1668123395,2459449.086072740430711983922919,293227.9143243064433479414099269412,2022-11-10 23:36:32
15950007,1668208739,2459209.302436825611197436408855,461586.510085313292598032876837932,2022-11-11 23:19:28
15957334,1668297059,2365794.912077132925938392704965,371773.5220780158980883217690529795,2022-11-12 23:51:28
15963314,1668369131,2306599.9007271841356201847315,54379.78105304133246181399139594099,2022-11-13 19:52:32
15971465,1668467339,2306599.9007271841356201847315,235327.2944380201263448866193784567,2022-11-14 23:08:48
15978857,1668556655,2370407.6312587123357601311922,123600.9159023835669058615627492113,2022-11-15 23:57:52
15985529,1668637307,2117573.464079089750713649580892,24917.7953481943351332914595912723,2022-11-16 22:21:52
15992657,1668723323,2117573.464079089750713649580892,111502.1009704980417105246554443607,2022-11-17 22:15:28
16000278,1668815279,2179239.03451246469640221965088,319250.2522575545025368022105419242,2022-11-18 23:47:12
16007264,1668899543,1895242.52995265067802158226722,3736.562262836252825496678762686614,2022-11-19 23:13:04
16013779,1668978095,1826781.116803194565005826625874,31628.90543315895682784657578010781,2022-11-20 21:00:48
16021097,1669066391,1721560.31704161586788585473448,66771.83843233331267374104506419911,2022-11-21 21:32:48
16026788,1669135091,1712635.788338811374368694504364,63965.23776418100581274683751134981,2022-11-22 16:38:24
16034279,1669225607,1764915.734861630946264812461738,25951.6887437809858580988556666841,2022-11-23 17:46:40
16041864,1669317323,1865078.348759845131825373724175,135651.248421014285235254043182313,2022-11-24 19:16:16
16050427,1669420679,1852849.435760553693933588034666,122678.3283757575499186834701961329,2022-11-25 23:57:52
16057277,1669503359,1852849.447868561707071609285599,49191.02958675585618065903649721408,2022-11-26 22:56:00
16063621,1669579859,1890783.773464518085980089151125,29132.40284297364766996337314288052,2022-11-27 20:11:44
16071889,1669679495,1822217.379531238089813438603978,70267.01832994295757975802701523541,2022-11-28 23:51:28
16077998,1669753271,1889865.001480294032326943670202,23091.07819870175924128996490709446,2022-11-29 20:20:16
16085078,1669838807,1963899.755699083030484601225462,165881.5959161059988881380232662471,2022-11-30 20:07:28
16093275,1669937735,1965251.48286918746945324893176,95708.94261996149047073070787212894,2022-12-01 23:36:32
16100175,1670020931,1965251.484785553004433970420096,63044.37777246332000463730787142124,2022-12-02 22:43:12
16107560,1670110007,1969437.490952519983647593034687,724203.3219939180764773259296637063,2022-12-03 23:25:52
16114211,1670190347,1954796.72563022531571994221885,279675.8640201624931958659500312476,2022-12-04 21:45:36
16121725,1670281199,1941256.73857801457309243077582,73193.39783797415013201880914592035,2022-12-05 23:00:16
16125578,1670327603,1941257.242663814611179936093536,434.6291602172939731789201940406364,2022-12-06 11:52:32
16136241,1670457251,1955475.535938692793661700542912,99437.48925147222196954230112238956,2022-12-07 23:53:36
16142382,1670531351,1913810.14123468401482531550995,119660.2245226975424513509330774152,2022-12-08 20:28:48
16150329,1670627363,1992568.202522758284752740769514,2655.425111273607998320778908341832,2022-12-09 23:08:48
16154667,1670679671,1963713.102576792353483953893516,16272.19887114350323447430979300209,2022-12-10 13:41:20
16164816,1670802095,1976352.07311055796375777625564,10725.32782808841867855951854714234,2022-12-11 23:40:48
16171710,1670885351,1976352.07311055796375777625564,22299.53555736825564492174628359547,2022-12-12 22:49:36
16178861,1670971763,2015185.808760927303515864226748,101696.0156254042297532328410746412,2022-12-13 22:49:36
16186223,1671060539,2068056.736762255570443052558725,92942.64271743226769732909646125468,2022-12-14 23:28:00
16191689,1671126551,1998113.077629800718825384453141,29547.87208041208468598703382982693,2022-12-15 17:48:48
16200077,1671227771,1998113.077629800718825384453141,246615.502081267675072666050958728,2022-12-16 21:56:16
16206265,1671302363,1834714.00126658157433741602275,7404.259326370801296162840100818555,2022-12-17 18:40:00
16213065,1671384419,1836849.3633351952940705854716,23.28287919933357508499061296271517,2022-12-18 17:27:28
16219235,1671458843,1836849.3633351952940705854716,59699.79221315886040680270483350237,2022-12-19 14:06:56
16229019,1671576815,1877173.350453694782075084267587,61105.968079421966364496231714649,2022-12-20 22:53:52
16233862,1671635195,1881810.555834383192661967506259,21541.57591944645224987229382172813,2022-12-21 15:06:40
16242946,1671744659,1885339.267314559053910942558364,5529.491086202522830668226443587017,2022-12-22 21:30:40
16250619,1671836963,1894178.830216887682930129480624,81389.55176775210360916387068516262,2022-12-23 23:08:48
16257789,1671923423,1894943.300660992961411278631147,6713.397289339919209339010829993893,2022-12-24 23:10:56
16264498,1672004303,1877986.615850102855328992122648,593.9757803661717691753687468518685,2022-12-25 21:39:12
16272316,1672098587,1878023.142248200551768503586442,31887.56799686817015114649247939416,2022-12-26 23:49:20
16279177,1672181423,2007279.16336216858087313109496,243681.0065041106763586478121346586,2022-12-27 22:49:36
16280782,1672200743,1966046.113922527832074527409586,7999.680678186476130846891204646005,2022-12-28 04:11:44
16293598,1672355291,1967078.576567099478259297382444,17900.81455585671715070098973739109,2022-12-29 23:08:48
16298989,1672420223,1967078.69751434237263611775764,45620.70757532773460920355055796937,2022-12-30 17:10:24
16307584,1672523903,1964008.21659774307434146352789,93361.15978340064389407892575015109,2022-12-31 21:58:24
16313313,1672592951,1972515.548646131915800739590812,29534.48959005982737067633269319395,2023-01-01 17:08:16
16321277,1672688891,2011053.371096848419271344600128,514796.9368787532446840442937110664,2023-01-02 19:48:16
16326670,1672753859,2013342.174630103392827284762416,0,2023-01-03 13:52:00
16335227,1672857035,2084448.372151647825598566002604,19957.82231973325368012548049098101,2023-01-04 18:31:28
16343199,1672953239,1951591.380608983693313930051042,93317.62873251203968344575648614404,2023-01-05 21:13:36
16345952,1672986491,1951591.380608983693313930051042,34228.55433593498448876171694877827,2023-01-06 06:28:16
16358175,1673133935,1965872.340031380203546181887604,35587.29971438661962573410330044806,2023-01-07 23:25:52
16371946,1673299943,2086291.991177768479348654109016,15255.08470720586611027697292587956,2023-01-09 21:32:48
16376915,1673359811,2086292.004657138154241226896304,83719.20507399953146886929203755327,2023-01-10 14:11:12
16383975,1673444999,2072620.45585480703541899829888,6449.254282664878961404106136640001,2023-01-11 13:49:52
16393592,1673561207,2173595.641792840640357857595369,415715.8495585842917979606811711372,2023-01-12 22:06:56
16400241,1673641463,2197934.06124331724450430001984,42025.65981509573510783873093619277,2023-01-13 20:24:32
16406525,1673717147,2380022.432002324186132850214196,128315.6219263765321640362666909644,2023-01-14 17:25:20
16413896,1673806187,2380022.738167822160443451820228,24050.37213689889480639972540507183,2023-01-15 18:10:08
16422224,1673906747,2396079.473048549653432161344834,21871.75889583110083467080210973072,2023-01-16 22:04:48
16427378,1673968811,2437062.51356620631825356214433,222580.1634993210335220182426164627,2023-01-17 15:19:28
16436031,1674073139,2461766.55800823392686892362512,119066.3184007853951465556045039411,2023-01-18 20:18:08
16443676,1674165419,2364349.489778499078628882597848,285579.2273865923761775226686417083,2023-01-19 21:56:16
16451042,1674254207,2364349.489778499078628882597848,32465.25552402695594584958207250827,2023-01-20 22:36:48
16457865,1674336479,2493475.827852125254063376871616,21000.47510270313463563389972672929,2023-01-21 21:28:32
16464964,1674422135,2493475.827852125254063376871616,74612.46390193215133756336410993605,2023-01-22 21:15:44
16472273,1674510275,2467178.525919995909531421042166,504080.4224569256892994780927508612,2023-01-23 21:45:36
16479674,1674599543,2468284.257388532307108512920924,205474.6829610082479768796396100819,2023-01-24 22:32:32
16487066,1674688727,2468289.123388453359350777053545,59188.57569754993219296190727305642,2023-01-25 23:19:28
16494252,1674775403,2459883.675956771410841940761964,144801.0241487119925906941278015605,2023-01-26 23:23:44
16501234,1674859727,2392340.950082011067262742705938,75408.10511608171168803675372790444,2023-01-27 22:49:36
16508439,1674946547,2406216.971114373005291653193675,605958.4018664767374729051892232035,2023-01-28 22:56:00
16515894,1675036535,2406216.971114373005291653193675,68808.79969069682809767867757236496,2023-01-29 23:55:44
16521277,1675101431,2406216.971114373005291653193675,143758.7610771204652143635050699978,2023-01-30 17:57:20
16527621,1675177931,2389057.999901665513651309752,260205.0708346355266826505238955288,2023-01-31 15:13:04
16535189,1675269287,2389057.999901665513651309752,88092.56080818103512188285748640806,2023-02-01 16:34:08
16544540,1675382315,2544988.758456905811161406490784,199929.880802318858098953424823562,2023-02-02 23:57:52
16551328,1675464323,2544988.758456905811161406490784,356196.9151074955871381074529569863,2023-02-03 22:45:20
16558428,1675550015,2548999.982072002892044724597596,177680.7870033712222013139544202931,2023-02-04 22:32:32
16565540,1675635779,2582478.268915436398062661314222,228634.1283747371394506884443030237,2023-02-05 22:24:00
16572327,1675717619,2582478.268915436398062661314222,42649.17191676885187932809312129429,2023-02-06 21:07:12
16579818,1675808159,2551127.42678190793483075566786,443556.8169004300756063502270602361,2023-02-07 22:15:28
16587219,1675897703,2602383.08573869462685522778507,55025.06433755461788227116991374271,2023-02-08 23:08:48
16594587,1675986671,2544480.53964661602426084653872,201072.080223011331888719995425027,2023-02-09 23:51:28
16601200,1676066411,2544480.53966560345292150241531,719694.0571003167553630336117936177,2023-02-10 22:00:32
16608437,1676153675,10344511.472238831625620779587976,128339.1488708782725770864585133242,2023-02-11 22:15:28
16616070,1676245859,2398717.06307429478346601853232,136626.8593413459889991835463925506,2023-02-12 23:51:28
16621817,1676315243,2398717.06307429478346601853232,207157.8458926798898231530700057189,2023-02-13 19:07:44
16629486,1676407907,2347869.728805317665792840427605,270746.8781294654839689893778341499,2023-02-14 20:52:16
16636343,1676490743,2347869.728805317665792840427605,119595.7363061646334804211008567863,2023-02-15 19:52:32
16644029,1676583527,2369876.54747244267153613718595,135922.067683436096801346818751901,2023-02-16 21:39:12
16651819,1676678279,2318094.851001831106077302012151,152790.6874993336029674377678471029,2023-02-17 23:57:52
16657397,1676746139,2363732.908116111734425127440598,157102.0518752137675848169687833665,2023-02-18 18:48:32
16664680,1676834507,2311987.981008054608688195984016,58681.0909229870135624779142936603,2023-02-19 19:22:40
16672480,1676929079,2311987.981008054608688195984016,231567.9742193552863698307082545076,2023-02-20 21:37:04
16679817,1677018155,2311987.981008054608688195984016,407052.3927472697000538797872049589,2023-02-21 22:21:52
16687078,1677106559,2226993.01590285104712975855802,116406.2945517022138235436806595093,2023-02-22 22:56:00
16694387,1677195251,5944558.342328455285575114695496,377667.5914143658491198214278122595,2023-02-23 23:34:24
16701316,1677279779,6416856.844918909005181887891576,964695.884762865981705741182756625,2023-02-24 23:02:24
16708353,1677365255,6433601.507787816420280198841456,352928.8168517253305850268855338818,2023-02-25 22:47:28
16715485,1677451823,9559846.870354979508727137566816,420842.44268761491974919610321132,2023-02-26 22:49:36
16722485,1677536639,10905800.40313689713915030495088,498085.0969921965656901507020107259,2023-02-27 22:24:00
16730051,1677628559,16040625.523958172028619360376676,531640.7274073175453505081913912416,2023-02-28 23:55:44
16737159,1677714827,16304811.471064716242518287614202,438270.5421776790138381310186748644,2023-03-01 23:53:36
16744223,1677800819,15390714.943407013022918300763125,972957.9853155541207861562683655788,2023-03-02 23:47:12
16750977,1677883019,15390714.943407013022918300763125,2585037.825871080324452877620484615,2023-03-03 22:36:48
16758487,1677974303,15301454.216658508974452357301477,977126.7299573253254436002314024152,2023-03-04 23:57:52
16763531,1678035503,15329701.55060934854967275773074,338140.2926978965875881402541382699,2023-03-05 16:57:36
16769993,1678113971,15309115.54550240572356022029388,654667.5107154226364749680584070312,2023-03-06 14:45:20
16779223,1678226099,15516393.38098451053055586740964,95175.83913481869999450159633648787,2023-03-07 21:54:08
16786570,1678315391,15333341.165805936186466080787314,436121.9412156805016106592621811496,2023-03-08 22:43:12
16794045,1678406195,15333341.165805936186466080787314,2050565.331277874170677405992279235,2023-03-09 23:55:44
16800663,1678486967,19878434.652474764862826819623841,996270.0302158779257745427801125702,2023-03-10 22:21:52
16807700,1678572479,19878434.652474764862826819623841,8371676.134090102820992831698630669,2023-03-11 22:06:56
16815288,1678664639,22301171.72340230423966405191744,2339611.196876646361812273596217667,2023-03-12 23:42:56
16822326,1678749995,22557844.140669293326729541859502,10796690.40144082675492618885722079,2023-03-13 23:25:52
16829568,1678837895,23756865.48389997301074704823875,694791.5780536254951035858096015502,2023-03-14 23:51:28
16836430,1678921391,23851630.1667054418996003522875,1490873.951963153666406922555069805,2023-03-15 23:02:24
16842742,1678998071,111021932.221929910123254153004039,672147.4699926078396583309754210301,2023-03-16 20:20:16
16850918,1679097275,108893059.544123668410998058732338,3290589.463299051114590325250940781,2023-03-17 23:53:36
16857808,1679180855,112910680.796027397319929050001636,8659153.544386498679086016872152052,2023-03-18 23:06:40
16865150,1679270039,110549057.117463379739933230004824,2203442.486386598506859962713239967,2023-03-19 23:53:36
16871720,1679349659,104998797.182824408713083046595596,2818188.257435336364238658594324858,2023-03-20 22:00:32
16879244,1679440979,104998797.182824408713083046595596,1908942.39795347035276062033383947,2023-03-21 23:23:44
16886082,1679523863,105754925.62569257956814836095581,2747861.824001817158172642017553871,2023-03-22 22:24:00
16893246,1679610995,105743537.58461720953235456665335,4067138.998861520272485775739462577,2023-03-23 22:36:48
16899848,1679691059,98710067.864090914938380285691795,312173.6461714175545759976249374864,2023-03-24 20:50:08
16907798,1679787563,87790419.708992264434796536242056,3553511.038249807818051040213366234,2023-03-25 23:38:40
16914470,1679868467,81501834.305048236405350285008721,2651044.60531134200440985088977178,2023-03-26 22:06:56
16922013,1679960063,68003116.038546352196071783241657,3527901.456264116484423809546170798,2023-03-27 23:34:24
16928585,1680039935,58461880.364578605449534280537984,3364278.065876715566159108021426863,2023-03-28 21:45:36
16935168,1680119975,51392245.783676507979052920102288,4263505.440439409333978265852304342,2023-03-29 19:58:56
16942993,1680214859,51392245.783676507979052920102288,1372208.34754189936366775161015749,2023-03-30 22:21:52
16949799,1680297479,52666525.310106934967739766763856,1682879.977596449599622811260481286,2023-03-31 21:17:52
16957634,1680392603,52666525.583606356462451880236872,926731.50984999520246606406581069,2023-04-01 23:42:56
16964627,1680477719,52428523.422040748706576115820124,3004162.714999601578406422593125822,2023-04-02 23:21:36
16971688,1680563867,52429070.997676108551358511178494,5542350.518947336662114791614828584,2023-04-03 23:17:20
16978213,1680644267,52429070.997676108551358511178494,1862729.800716573653647794150274073,2023-04-04 21:37:04
16985685,1680735911,55915635.487944488740825742774806,3569008.050236055533050249234149099,2023-04-05 23:04:32
16992093,1680815171,54209425.525075309129319359073596,1041806.375314001894574930559416121,2023-04-06 21:07:12
16999780,1680909203,54209425.525075309129319359073596,268729.2972776670038545972245098972,2023-04-07 23:13:04
17006727,1680994223,54174849.16692519858499286478312,2142940.803421351199239214659256749,2023-04-08 22:49:36
17013969,1681083011,54174849.16692519858499286478312,3414483.201681750701625467414903122,2023-04-09 23:30:08
17020070,1681157639,53814252.942862593694446778459431,249552.7576519582827581494652339861,2023-04-10 20:13:52
17027933,1681253855,56046101.502257604575411065002381,1708216.015205949743350608093779018,2023-04-11 22:58:08
17034349,1681332131,53157001.60946675997834663972402,4590437.627196837839131493072081883,2023-04-12 20:41:36
17041515,1681427339,56695883.449507659090453435130688,12358315.05980540381165125290570658,2023-04-13 23:08:48
17048673,1681515587,77442263.53736997967550232766766,12135038.75017434380696981079684903,2023-04-14 23:40:48
17055791,1681603199,80945960.057467693399530575650572,3570610.801509569927373357354459707,2023-04-16 00:00:00
17062453,1681684955,81870164.74466315022040504877282,8778195.24358431868668102135795984,2023-04-16 22:43:12
17068970,1681764695,54509133.22351775997280829923192,1236869.69303284297655469465077932,2023-04-17 20:52:16
17076302,1681854311,54509133.22351775997280829923192,287588.7079625808306579964164774227,2023-04-18 21:45:36
17082862,1681934279,54509133.22351775997280829923192,2007665.824542853437975996881261419,2023-04-19 19:58:56
17090681,1682030351,54509133.22351775997280829923192,5090897.606292378999966380724113574,2023-04-20 22:38:56
17097400,1682112251,54509133.22351775997280829923192,4265835.663051499639709396069246933,2023-04-21 21:24:16
17104951,1682203643,48147981.3157047799491567011394,6437416.816361028649573458805477147,2023-04-22 22:47:28
17111922,1682288147,48147981.3157047799491567011394,564246.2962322681185328202872656828,2023-04-23 22:15:28
17119362,1682378279,47718436.527267742563964912130867,2338860.70359726460667312489828713,2023-04-24 23:17:20
17126355,1682463059,54589537.58286580782723119180853,13323809.65738875938778394183361044,2023-04-25 22:51:44
17133438,1682549015,55749348.729278746635307941699515,3049335.299484278892701147391365004,2023-04-26 22:43:12
17140746,1682637779,56961923.896999067474815396068925,4533757.887064219195691173604837028,2023-04-27 23:23:44
17147522,1682719979,56757274.390050894380957395446706,2083349.036366112247528402608049393,2023-04-28 22:13:20
17154969,1682810471,56757274.390050894380957395446706,5040659.397337476356862732094494225,2023-04-29 23:21:36
17161416,1682888651,56769006.418274439868189397125196,1980545.026014409650915624686367173,2023-04-30 21:05:04
17168876,1682979299,51134456.514232449927051356188824,2126684.169904326206065866474035621,2023-05-01 22:15:28
17175131,1683055355,51134456.514232449927051356188824,1987836.070805860337099546840836917,2023-05-02 19:22:40
17183594,1683158243,52197844.37113638975790627111133,4614704.602544584589681145535291811,2023-05-03 23:57:52
17190720,1683244679,53375465.561082346594363551477318,3233479.853193082264976263603373175,2023-05-04 23:57:52
17197352,1683325067,54430853.853722014834426685774118,3041644.442164661240577715658465711,2023-05-05 22:17:36
17203956,1683405359,54430853.853722014834426685774118,4136361.152704391750395484550579632,2023-05-06 20:35:12
17211484,1683496835,54430853.853722014834426685774118,564949.2956178547511599617041073955,2023-05-07 22:00:32
17218939,1683587327,54430853.853722014834426685774118,3526451.560903136943596649995628103,2023-05-08 23:08:48
17225828,1683671027,55348585.656162795928090336622092,7361901.43122833990070134433610965,2023-05-09 22:24:00
17232556,1683752807,57887945.563324918086166891971738,6348910.465506268789235970921070215,2023-05-10 21:07:12
17240390,1683848795,57887945.563324918086166891971738,4304161.929697930268043745787917839,2023-05-11 23:47:12
17246977,1683931187,54792271.555077068800499005995264,3071555.983756594920597403501506547,2023-05-12 22:38:56
17253901,1684015655,60450777.54026513103478653501,4002028.765930404583892011468670847,2023-05-13 22:06:56
17261291,1684106219,60433796.952919515055954234824993,2211844.770230191094101664591351866,2023-05-14 23:17:20
17268260,1684191251,65515173.790491195236598184966536,409645.9209649496828904936298005986,2023-05-15 22:53:52
17275393,1684278239,65361692.97226402161981850042437,4978764.114796500597547480225521786,2023-05-16 23:04:32
17282502,1684365023,64885332.112142478675041023305696,4982821.937220516563345279523505628,2023-05-17 23:10:56
17289702,1684452539,66035572.004608179006122001698682,1795984.603354022232806561710956212,2023-05-18 23:28:00
17296658,1684537343,66035575.641026173939672355795517,589245.3023896949947559355552453011,2023-05-19 23:02:24
17302239,1684605119,65774847.392356770288819792499192,822553.9522079455892855373638458339,2023-05-20 17:50:56
17311006,1684711919,66119440.612704056702774151785384,3093742.979809433493511381318687651,2023-05-21 23:32:16
17317527,1684791167,66119440.612704056702774151785384,4209407.410405344361301494544567358,2023-05-22 21:32:48
17325277,1684885523,67023756.106082720354299454631724,807693.643347410489784649917428394,2023-05-23 23:45:04
17332228,1684969991,65128753.053074151010798695717807,1591918.354203150420530013660776957,2023-05-24 23:13:04
17339509,1685058443,62638652.948176989350410252764255,1891197.091537341175156593097968674,2023-05-25 23:47:12
17346432,1685142491,63839279.066865784489486253434979,823836.3726865998804554385062405199,2023-05-26 23:08:48
17353729,1685230919,64494633.660326478296495553411824,444999.9463757577335011751245477638,2023-05-27 23:42:56
17360925,1685318135,65115199.567377428372600701560875,4555709.904660305931184629786875176,2023-05-28 23:55:44
17367705,1685400479,65115199.567377428372600701560875,4686604.035029522908331397341739566,2023-05-29 22:47:28
17375045,1685489771,65115199.567377428372600701560875,2138005.838106458486500060440976845,2023-05-30 23:36:32
17382111,1685575751,66266072.899063669059933131887682,4518981.771329258686198504591509243,2023-05-31 23:30:08
17389102,1685660819,63611212.75557042055020221654744,9288590.15413280638575179134361191,2023-06-01 23:06:40
17396423,1685750027,61514314.14384207725667861548787,3957715.647507018413431376310739031,2023-06-02 23:53:36
17403084,1685831003,62451280.149673411632978337740146,11236621.95642989326675171342048362,2023-06-03 22:24:00
17410515,1685921627,62407782.060574894983886325175249,733447.3772842571316429392884829106,2023-06-04 23:34:24
17417344,1686005063,53413491.80360479119848519431655,9474368.77852506547525142158599399,2023-06-05 22:45:20
17424641,1686093899,32841220.045960832539451239922975,2697838.233926265949420873724338161,2023-06-06 23:25:52
17431485,1686177335,32841220.045960832539451239922975,5918219.258100903894232877458877889,2023-06-07 22:34:40
17438154,1686258683,32841220.045960832539451239922975,3140281.021739738024384480874151133,2023-06-08 21:11:28
17445432,1686347315,32486310.891267702167354548186112,2825809.660683487909125603258562824,2023-06-09 21:47:44
17453132,1686440963,30936846.100398730702195816655968,14764766.5029144530017241736845694,2023-06-10 23:49:20
17459096,1686513623,30936846.103906630027541327035466,1933205.231718381217140690770381007,2023-06-11 20:01:04
17467252,1686612803,30518789.977729941980197104675432,6350535.106276835397432778579262418,2023-06-12 23:34:24
17474123,1686696287,30890537.329219281538456809812859,6745763.689676230573205959434532328,2023-06-13 22:45:20
17481570,1686786935,30748597.49476744414889321095751,2774971.489321087150289703166296763,2023-06-14 23:55:44
17488297,1686868763,28832793.604284737469230612964568,16176182.06025474956327811321735367,2023-06-15 22:38:56
17495121,1686951551,28832793.604284737469230612964568,3014239.395820928894208597198142841,2023-06-16 21:39:12
17502907,1687045751,28832793.604284737469230612964568,2573426.195487764043096301531176249,2023-06-17 23:49:20
17509555,1687126391,30404919.257219825036692429348176,1203016.196664487776401582044949217,2023-06-18 22:13:20
17517192,1687219007,29834539.13805342752667891578482,6180128.405879162506254176583613583,2023-06-19 23:55:44
17524259,1687304771,30932079.533334573944288208543,1176475.805425722705242995192423837,2023-06-20 23:47:12
17531301,1687390043,30922293.79797370638224028907914,1624567.340963974312343177583111158,2023-06-21 23:28:00
17538489,1687477331,33221019.414327300659686746229248,505455.1138842049925227355713422996,2023-06-22 23:42:56
17545065,1687557179,32403258.618591728691187945635824,1915163.492782183620915088910749953,2023-06-23 21:52:00
17552275,1687644887,32685155.609347966806971684791752,2075859.50485942681954129240075495,2023-06-24 22:15:28
17559170,1687728635,33121807.252603344784821943035488,443339.907704803568804519602692652,2023-06-25 21:30:40
17566991,1687823747,30198174.312639591620013674244456,1342021.869793561084162048315812687,2023-06-26 23:55:44
17573946,1687908407,29378555.239749972936249771485886,512188.4781241782393858212903612828,2023-06-27 23:25:52
17580966,1687993343,29378555.239749972936249771485886,578148.1150182777810243679231959481,2023-06-28 23:02:24
17588295,1688082107,28777947.685163930247748218962554,490560.3248839554413268385978741448,2023-06-29 23:40:48
17595121,1688164895,28777947.685163930247748218962554,2842512.675037252287641791337268494,2023-06-30 22:41:04
17602540,1688255051,28777947.685163930247748218962554,633788.6944873608720307926475443515,2023-07-01 23:45:04
17609340,1688337443,30144882.33439637005619564813578,538708.3963175660984317427707035788,2023-07-02 22:36:48
17616324,1688422307,30837039.668922547026253282354292,201871.8035798487398495393700098514,2023-07-03 22:11:12
17623099,1688504483,30559583.451120502902575463394544,183999.6503682122129924104353016928,2023-07-04 21:00:48
17631093,1688601431,30559583.451120502902575463394544,238790.1650826040328175243021991846,2023-07-05 23:57:52
17638203,1688687747,30559583.451120502902575463394544,409376.0198277232505868351790770648,2023-07-06 23:55:44
17644584,1688765183,30559583.451120502902575463394544,116547.3818728577669505790660742836,2023-07-07 21:26:24
17652269,1688858495,30559583.451120502902575463394544,299752.5033447725414478792626064171,2023-07-08 23:21:36
17659461,1688945879,30559583.451120502902575463394544,114500.9036006446543523845683229582,2023-07-09 23:38:40
17666661,1689033431,28463760.528498152207061381927359,172995.564764497038269679853429774,2023-07-10 23:57:52
17672819,1689108155,28463760.528498152207061381927359,329046.419553784236483928884930595,2023-07-11 20:41:36
17680732,1689204383,28463760.528498152207061381927359,434637.3225736531195201123137181795,2023-07-12 23:25:52
17687984,1689292583,28463760.528498152207061381927359,670328.5495643702747424771285634326,2023-07-13 23:55:44
17695078,1689378803,30520199.4121950513476980824528,686225.2607808353771295563640576397,2023-07-14 23:53:36
17702060,1689464267,29382688.491518499397155913526865,73471.47230026944221433809511030023,2023-07-15 23:38:40
17709090,1689549767,29382688.491518499397155913526865,67630.56222094230878766175245239859,2023-07-16 23:23:44
17716072,1689634319,29382688.491518499397155913526865,209711.7922479493048486052833739577,2023-07-17 22:51:44
17722994,1689718247,29382688.491518499397155913526865,675192.1669690886587477932888712391,2023-07-18 22:11:12
17730316,1689806939,29382688.491518499397155913526865,143185.891349115012196767457857004,2023-07-19 22:49:36
17737257,1689890939,29382688.491518499397155913526865,1700031.361357605986370545847390755,2023-07-20 22:09:04
17741167,1689938291,29382688.491518499397155913526865,7922.040705180977505274708513714164,2023-07-21 11:18:24
17751002,1690057127,29382688.491518499397155913526865,210440.7075924904095093470075505058,2023-07-22 20:18:08
17756052,1690118159,28239392.293093103095872386037525,1417.793165213582076560867922144429,2023-07-23 13:15:44
17766130,1690239947,27983957.92656699429210753143356,1448422.165058611723205622794471369,2023-07-24 23:06:40
17771303,1690302527,27983957.92656699429210753143356,70703.40405743318786485204673506354,2023-07-25 16:27:44
17780678,1690415843,28151575.426526536707699542002332,37842.56271225913034616883426043533,2023-07-26 23:57:52
17785003,1690468163,28151575.426526536707699542002332,182685.5173616145865468038464891048,2023-07-27 14:30:24
17793281,1690568243,28151575.426526536707699542002332,150513.1314413813586349329993921749,2023-07-28 18:16:32
17801868,1690672031,28354096.33581788589271367328525,131691.3328270246463525272066411447,2023-07-29 23:06:40
17809152,1690760135,10127212.62240057095350345552524,4878835.209374319848093416936774459,2023-07-30 23:36:32
17816190,1690845059,6787702.164158483915792731610324,2510775.647734448682040062425974655,2023-07-31 23:10:56
17823152,1690929059,6626166.28605445013561637688191,1052174.639226656659061890330336817,2023-08-01 22:30:24
17829380,1691004251,6582801.27278392037432420737694,275316.1981662984244253196039174198,2023-08-02 19:24:48
17837323,1691100227,6582551.59638897228810705623697,214312.7400124952462277844552120438,2023-08-03 22:04:48
17844439,1691186207,6534340.5638540754408568324728,399172.1586868670361281031717808414,2023-08-04 21:56:16
17851356,1691269715,6534340.5638540754408568324728,394505.2980254212737673752547138765,2023-08-05 21:09:20
17859300,1691365847,6534340.5638540754408568324728,2831339.239561677158701135329445184,2023-08-06 23:51:28
17866438,1691452211,6437000.56032228795688925840658,1985989.708888166498760815658076854,2023-08-07 23:49:20
17873373,1691536091,6561727.252793799067860214604785,513614.7563386417417027338752384791,2023-08-08 23:08:48
17879524,1691610479,6306818.752942773294634634602296,128327.6137262847404420680715957528,2023-08-09 19:48:16
17887327,1691704811,6306818.752942773294634634602296,379785.6399451496820620871728827869,2023-08-10 22:00:32
17893310,1691777015,6265123.348249455947969576266889,0,2023-08-11 18:03:44
17900442,1691863379,6265123.348249455947969576266889,22861.27540801132772899001903398135,2023-08-12 18:03:44
17905200,1691920823,6265123.348249455947969576266889,51576.32985320923533007420437485524,2023-08-13 09:59:28
17915150,1692040967,6265123.348249455947969576266889,38628.39056135529555701237231867818,2023-08-14 19:22:40
17929802,1692218075,6265123.348249455947969576266889,201062.7362669977048700393326181923,2023-08-16 20:35:12
17937696,1692313535,6265123.348249455947969576266889,4726771.087553216524108456288215293,2023-08-17 23:04:32
17942932,1692376931,5738369.649074219595701920612872,306533.6235461303962700897987980321,2023-08-18 16:42:40
17950581,1692469427,5738369.649074219595701920612872,131614.7482868107600903452711881381,2023-08-19 18:22:56
17959173,1692573359,5738369.649074219595701920612872,233983.350550755770513461361995679,2023-08-20 23:15:12
17965807,1692653579,5676114.743720235647045595853302,253325.7271988233877357953198591886,2023-08-21 21:32:48
17973654,1692748355,5503695.638658925938361369977074,822478.5814455993723437344394124115,2023-08-22 23:53:36
17979905,1692823823,5502693.031742481180546957195872,456524.1308423429615271051885286023,2023-08-23 20:50:08
17985113,1692886775,5656761.245659744162558257891088,67663.96055899646974466273166236428,2023-08-24 14:19:44
17993598,1692989363,5026888.714583372540124527419425,432433.5539997331817272655857755437,2023-08-25 18:48:32
18000829,1693076867,5026888.714583372540124527419425,3927.014455762437528994737232862824,2023-08-26 19:07:44
18007040,1693151891,5026888.714583372540124527419425,1632.208852453583534704375,2023-08-27 15:57:52
18013085,1693225007,5008423.585653793666140342792568,1013879.580189093594626391782028659,2023-08-28 12:16:00
18023618,1693352579,5008423.585653793666140342792568,34069.0120302187835880834563905,2023-08-29 23:42:56
18030761,1693439015,5008423.585653793666140342792568,1236331.4664279414842531789322875,2023-08-30 23:42:56
18037136,1693516079,5008423.585653793666140342792568,256913.413012642131673382885291,2023-08-31 21:07:12
18045036,1693611659,4984226.83802536538095391242878,107787.3345934018604034489607805,2023-09-01 23:40:48
18051534,1693690487,4984226.83802536538095391242878,5412.17430170520100628250751,2023-09-02 21:34:56
18057891,1693767371,4954473.69337098798350574916294,5479.06131723597646378055963,2023-09-03 18:57:04
18064758,1693850315,4954473.69337098798350574916294,65165.048491821091292297092802,2023-09-04 17:59:28
18069843,1693911647,4954473.69337098798350574916294,5617.173010921122530140346712,2023-09-05 11:01:20
18079797,1694032295,4954473.69337098798350574916294,548899.047899412052942755405244,2023-09-06 20:30:56
18087692,1694127647,4954473.69337098798350574916294,518281.264056888888298762835162,2023-09-07 23:00:16
18094513,1694210207,4954473.69337098798350574916294,195832.348814380040143079265,2023-09-08 21:56:16
18097312,1694244011,4954473.69337098798350574916294,53829.3889304033762329062525,2023-09-09 07:19:28
18107489,1694367191,4954473.69337098798350574916294,12285.4218620939072750367825,2023-09-10 17:33:52
18115966,1694469791,4954473.69337098798350574916294,3534121.52609553304475913546,2023-09-11 22:02:40
18120203,1694521115,4875456.827124734233314236768688,210581.43470120205255481871675,2023-09-12 12:18:08
18127987,1694615411,4875456.827124734233314236768688,118888.30172259789268255694965,2023-09-13 14:30:24
18134009,1694688311,4875456.827124734233314236768688,1576.63163386838948311788055,2023-09-14 10:44:16
18148369,1694863175,4875456.827124734233314236768688,24845.19435562204241227973325,2023-09-16 11:20:32
18161473,1695023579,4875456.827124734233314236768688,9986.26705914115892438449,2023-09-18 07:53:36
18170414,1695132023,4875456.827124734233314236768688,41735.24502132048715799242,2023-09-19 14:00:32
18177236,1695214535,4875456.827124734233314236768688,58798.885980880505368676155,2023-09-20 12:56:32
18185775,1695317783,4875456.827124734233314236768688,415792.87451286176700329692,2023-09-21 17:36:00
18193235,1695408203,4875456.827124734233314236768688,37553.6571782165563578602366,2023-09-22 18:44:16
18199391,1695482687,4875456.827124734233314236768688,45188.27680453529124173988688,2023-09-23 15:23:44
18205782,1695560027,4875456.827124734233314236768688,2196.20013689426817175591872,2023-09-24 12:54:24
18215324,1695675383,4875456.827124734233314236768688,69935.66885617877053747741472,2023-09-25 20:56:32
18221693,1695752375,4875456.827124734233314236768688,46017.63936297822371777458528,2023-09-26 18:18:40
18226412,1695809423,4875456.827124734233314236768688,23906.19879946248992984613792,2023-09-27 10:10:08
18237550,1695944207,4875456.827124734233314236768688,486216.754815915257363720655015,2023-09-28 23:36:32
18242969,1696009823,5018635.695702648177606488464905,326938.67935703571374871371964,2023-09-29 17:50:56
18248514,1696076807,5088617.843660783044170738054168,0,2023-09-30 12:26:40
18258866,1696201703,5088617.843660783044170738054168,105550.52458615335451891673766,2023-10-01 23:08:48
18266254,1696290743,5237739.344353689837849384267262,27287.47168821335587449563909,2023-10-02 23:51:28
18273042,1696372859,5237739.344353689837849384267262,561050.976895062539403347874685,2023-10-03 22:41:04
18280434,1696462091,5237739.344353689837849384267262,42908.6762227128169262954975,2023-10-04 23:28:00
18284618,1696512611,5237739.344353689837849384267262,48879.281151417704992209935,2023-10-05 13:30:40
18294245,1696628963,5237739.344353689837849384267262,13398.19923842478579222689525,2023-10-06 21:49:52
18301052,1696711175,4950986.295993283870833086566628,46789.453394531101503381275,2023-10-07 20:39:28
18308003,1696795235,4950986.295993283870833086566628,844496.5718510052280099525774375,2023-10-08 20:01:04
18315855,1696890119,4950986.295993283870833086566628,1663916.3845213073057099328108,2023-10-09 22:21:52
18322640,1696972163,4950986.295993283870833086566628,118680.488710666197598319016925,2023-10-10 21:09:20
18330474,1697066987,4719455.961942963677353251428424,52849.098021594993133412564825,2023-10-11 23:30:08
18337517,1697152139,4726187.615118157368926355863275,104886.6229929700501423278301925,2023-10-12 23:08:48
18344190,1697232971,4726187.615118157368926355863275,32408.7609599606593799940008475,2023-10-13 21:37:04
18351927,1697326415,4726187.615118157368926355863275,8787.813809307703680888120435,2023-10-14 23:34:24
18358971,1697411483,4726187.615118157368926355863275,49290.745099467042322408826415,2023-10-15 23:10:56
18365710,1697492735,1625470.202658659211941373876992,114747.413126377697754368358375,2023-10-16 21:45:36
18373512,1697587007,1625470.202658659211941373876992,69078.66239489494075922978129,2023-10-17 23:55:44
18379716,1697662043,1625470.202658659211941373876992,7223.79991002555966822761808,2023-10-18 20:48:00
18387359,1697754467,1625470.202658659211941373876992,68567.62633263447948354748923,2023-10-19 22:28:16
18394806,1697844383,1400180.292730393924175442466483,280900.2107788509327687300546,2023-10-20 23:25:52
18401556,1697925995,1400180.292730393924175442466483,1221818.290550127378799861575915,2023-10-21 22:06:56
18408902,1698014771,1400180.292730393924175442466483,18473.39916387090838689422238,2023-10-22 22:45:20
18415446,1698094031,1400180.292730393924175442466483,21950.33884093234721055759717,2023-10-23 20:48:00
18422955,1698184823,1400180.292730393924175442466483,368537.63291954265822139503204,2023-10-24 22:00:32
18429609,1698265475,1400180.292730393924175442466483,101451.16543903997077045293423,2023-10-25 20:24:32
18437505,1698360947,1582335.35149068921400019437605,371704.95320679717912926432175,2023-10-26 22:56:00
18444286,1698442811,1582335.35149068921400019437605,28383.557944114790969111189275,2023-10-27 21:39:12
18451868,1698534479,1582335.35149068921400019437605,4179.521400214488947935479655,2023-10-28 23:08:48
18457886,1698607295,1582335.35149068921400019437605,160898.420781155983115152760195,2023-10-29 19:20:32
18466335,1698709535,1550560.46775989876630831814038,50806.8234176134623202094846,2023-10-30 23:45:04
18472223,1698780863,1550560.46775989876630831814038,151594.8079574119932065905736,2023-10-31 19:33:20
18480290,1698878339,1550560.46775989876630831814038,36228.70067268008791608350459,2023-11-01 22:38:56
18486333,1698951587,1550560.46775989876630831814038,228785.42622640762763853278602,2023-11-02 18:59:12
18494341,1699048463,1550560.46775989876630831814038,184020.61880518849662110421258,2023-11-03 21:54:08
18501977,1699140935,1550560.46775989876630831814038,342512.29306345592431765062895,2023-11-04 23:36:32
18508752,1699223039,1550560.46775989876630831814038,239860.63765833561322060848396,2023-11-05 22:24:00
18515962,1699310279,1462465.720840538545417592320806,418700.78245162071069689512307,2023-11-06 22:38:56
18522561,1699390043,1462465.720840538545417592320806,172486.70537668728360087489489,2023-11-07 20:48:00
18530377,1699484387,1462465.720840538545417592320806,49218.000862560664541754139,2023-11-08 23:00:16
18537729,1699573235,1462465.720840538545417592320806,361948.91370513939396379638343,2023-11-09 23:40:48
18544411,1699653899,1462465.720840538545417592320806,507798.05653830388906679577062,2023-11-10 22:04:48
18552020,1699745951,1586749.80285468796423896930045,285539.497582042635408160371175,2023-11-11 23:38:40
18558996,1699830323,1586749.80285468796423896930045,162098.664291531136664497204285,2023-11-12 23:04:32
18565466,1699908551,1586749.80285468796423896930045,234472.394052937335827824230315,2023-11-13 20:50:08
18573526,1700005763,1586749.80285468796423896930045,308124.40217147272379737236,2023-11-14 23:49:20
18580472,1700089751,1586749.80285468796423896930045,205923.45028356700541239617,2023-11-15 23:08:48
18587249,1700171495,1586749.80285468796423896930045,59711.03405599489808654711,2023-11-16 21:52:00
18594856,1700263475,1586749.80285468796423896930045,177936.65685236742847714481,2023-11-17 23:23:44
18601891,1700348939,1586749.80285468796423896930045,216122.95736225774654222998,2023-11-18 23:08:48
18608859,1700433251,1586749.80285468796423896930045,99245.52915760375241955912,2023-11-19 22:34:40
18615513,1700513723,1586749.80285468796423896930045,138917.54533046527787639244,2023-11-20 20:54:24
18622978,1700603999,1252414.316894374215352749628986,131838.08694282819925935756,2023-11-21 22:00:32
18630460,1700694527,1252414.316894374215352749628986,212478.7892167670733769142907,2023-11-22 23:08:48
18636212,1700764019,1252414.316894374215352749628986,79888.7221738384399957621008,2023-11-23 18:27:12
18644286,1700861807,1252414.316894374215352749628986,403434.7188431682284090188533,2023-11-24 21:37:04
18651945,1700954447,1347806.282832030415217527040634,425972.0301780920932409698188,2023-11-25 23:21:36
18658580,1701034799,1347806.282832030415217527040634,266010.3716833424768537990394,2023-11-26 21:39:12
18666266,1701127871,1307952.9610950515252020570386,238343.000956600678866784994714,2023-11-27 23:30:08
18673197,1701211667,1307952.9610950515252020570386,67691.6744086783885297869341925,2023-11-28 22:47:28
18680455,1701299399,1307952.9610950515252020570386,71321.5955724755386649293820965,2023-11-29 23:10:56
18687688,1701386843,1307952.9610950515252020570386,1323805.3379923273220816661591735,2023-11-30 23:28:00
18693703,1701459563,1307952.9610950515252020570386,46569.948662899178208453369377,2023-12-01 19:39:44
18701301,1701551243,1307952.9610950515252020570386,111328.6107013565556706366971865,2023-12-02 21:07:12
18709265,1701647723,1402392.02840123673073173421542,63606.0926627806660444784328755,2023-12-03 23:55:44
18716343,1701733259,1402392.02840123673073173421542,461856.8172289084502177382,2023-12-04 23:40:48
18723571,1701820715,1443067.250564205407547434619333,304706.2004537172393375034,2023-12-05 23:57:52
18727732,1701871055,1466508.572799609114401569928731,418928.0299791073006057804,2023-12-06 13:58:24
18737577,1701990527,1466508.572799609114401569928731,104227.0393937091562062467589,2023-12-07 23:08:48
18744772,1702077695,924959.926828436783529008444553,72250.6855230813808120851676,2023-12-08 23:21:36
18751198,1702155551,924959.926828436783529008444553,238203.657116346222859619762,2023-12-09 20:58:40
18755735,1702210403,924959.926828436783529008444553,306653.0793001433858246163675,2023-12-10 12:13:52
18766288,1702337927,924959.926828436783529008444553,299730.4516230510396956763836,2023-12-11 23:38:40
18772576,1702414019,924959.926828436783529008444553,368212.311100336013163403958,2023-12-12 20:48:00
18780621,1702511351,924959.926828436783529008444553,200086.631396101819611810552,2023-12-13 23:49:20
18787513,1702594847,924959.926828436783529008444553,100479.780001187211022208775,2023-12-14 23:00:16
18793755,1702670435,924959.926828436783529008444553,96065.9909038911409102728,2023-12-15 20:01:04
18801676,1702766735,924959.926828436783529008444553,34813.53526194683732224245,2023-12-16 22:45:20
18808435,1702848719,924959.926828436783529008444553,225472.0496356760135402656268,2023-12-17 21:32:48
18815743,1702937255,924959.926828436783529008444553,412751.144870630299113769662,2023-12-18 22:06:56
18823395,1703030135,851716.028146679925396371276527,693318.8293984054284624687102,2023-12-19 23:55:44
18830392,1703115011,851716.028146679925396371276527,206336.5707052343508391916768,2023-12-20 23:30:08
18837257,1703198135,880836.849507338914302949628756,533390.9918693609627196872764,2023-12-21 22:34:40
18844032,1703280179,914061.061941302963433258154995,273291.933635663743725347925167,2023-12-22 21:22:08
18851552,1703371319,909827.549507149774641493948539,151382.2781516784654089856063645,2023-12-23 22:41:04
18858797,1703459315,909827.549507149774641493948539,356560.011910188795922171093673,2023-12-24 23:08:48
18865313,1703538491,909827.549507149774641493948539,682705.2719138407189418556408465,2023-12-25 21:07:12
18873023,1703631887,909827.549507149774641493948539,475239.489583353236943979131459,2023-12-26 23:04:32
18879430,1703709671,909827.549507149774641493948539,145199.3893232883439422371861465,2023-12-27 20:41:36
18885136,1703778971,864539.09530403203284057181325,204935.5260014016906017291445215,2023-12-28 15:55:44
18894189,1703888867,864539.09530403203284057181325,614782.646420019954954195057221,2023-12-29 22:28:16
18900080,1703960495,825081.98229796839077255031844,90456.82093563435465836580848,2023-12-30 18:20:48
18908733,1704065267,825081.98229796839077255031844,156386.913688950315450472369536,2023-12-31 23:28:00
18915853,1704151799,825081.98229796839077255031844,365153.677698749869806572269938,2024-01-01 23:30:08
18922970,1704238163,825081.98229796839077255031844,202466.60169952403396009346175,2024-01-02 23:30:08
18929635,1704318935,825081.98229796839077255031844,489200.762577333092863764291951,2024-01-03 21:56:16
18935982,1704395735,4850400.860037075140880132427762,110532.238056347820617491148345,2024-01-04 19:16:16
18944184,1704495599,4873824.88810750095145257556785,204436.794027342551561872084995,2024-01-05 23:00:16
18950742,1704575807,4870557.369970826531873222712768,445180.06947676038311474156417,2024-01-06 21:15:44
18958257,1704667595,4870557.369970826531873222712768,145268.4582407897104320393111825,2024-01-07 22:47:28
18965573,1704756695,4870557.369970826531873222712768,242182.111533098742517038879855,2024-01-08 23:32:16
18972823,1704844631,4870557.369970826531873222712768,316783.0089800738696038786456675,2024-01-09 23:57:52
18979736,1704928271,4870557.369970826531873222712768,959214.0980447219872159933553025,2024-01-10 23:10:56
18984328,1704983891,4870557.369970826531873222712768,79331.65317963385700956653058,2024-01-11 14:38:56
18993257,1705091963,4870557.369970826531873222712768,82311.140004455881306699073545,2024-01-12 20:39:28
18999980,1705173203,4870557.369970826531873222712768,32605.7941670117313966255776175,2024-01-13 19:14:08
19007350,1705262171,4870557.369970826531873222712768,202475.6091120281479386331369,2024-01-14 19:56:48
19015585,1705361531,4870557.369970826531873222712768,66389.5338087519125567508801,2024-01-15 23:32:16
19022541,1705445387,4870557.369970826531873222712768,339688.1409032993677454315997195,2024-01-16 22:49:36
19029465,1705529183,4870557.369970826531873222712768,1655865.0920994872495491311037025,2024-01-17 22:06:56
19033738,1705580783,4870557.369970826531873222712768,402586.241115053523369618083075,2024-01-18 12:26:40
19043201,1705694927,5342420.34874249015540693018604,252997.992912850585074635429084,2024-01-19 20:09:36
19050665,1705784939,5342420.34874249015540693018604,156005.721524581888981633405801,2024-01-20 21:09:20
19058524,1705880855,5342420.34874249015540693018604,207568.590993957570335107952691,2024-01-21 23:47:12
19065277,1705963163,5342420.34874249015540693018604,47149.042126600223419189205647,2024-01-22 22:38:56
19071634,1706040371,5342420.34874249015540693018604,205427.776317345768953889718183,2024-01-23 20:05:20
19078971,1706129231,5342420.34874249015540693018604,162622.4483686887762138701436875,2024-01-24 20:48:00
19086069,1706215151,4786698.268102868442163380597904,158405.3264292774903993259891185,2024-01-25 20:39:28
19094157,1706312999,4786698.268102868442163380597904,362338.846384938691149585864602,2024-01-26 23:49:20
19099859,1706381999,4786698.268102868442163380597904,24045.6564158975667696764159535,2024-01-27 18:59:12
19108369,1706485175,4786698.268102868442163380597904,243496.2055525300920224128173925,2024-01-28 23:38:40
19112741,1706538047,4786698.268102868442163380597904,1580015.830432416588641603208,2024-01-29 14:19:44
19122254,1706653103,4786698.268102868442163380597904,115243.023162312276876897236,2024-01-30 22:17:36
19129724,1706743595,4949929.20810056100695557938432,236537.4840104134576484016315,2024-01-31 23:25:52
19136662,1706827727,4949929.20810056100695557938432,496412.0317469788274803577791,2024-02-01 22:49:36
19143545,1706911199,4949929.20810056100695557938432,223728.5003063700832375920756,2024-02-02 22:00:32
19149193,1706979827,4949929.20810056100695557938432,64893.2544254270364183469568,2024-02-03 17:04:00
19156780,1707071951,4949929.20810056100695557938432,62083.1487739438145881894634,2024-02-04 18:40:00
19165394,1707176447,4949929.20810056100695557938432,2790898.0463354103224234724295,2024-02-05 23:40:48
19171438,1707249707,4941387.550805559093033983402454,47235.1040711928095411015698,2024-02-06 20:01:04
19179606,1707348707,4941387.550805559093033983402454,137413.9396583983036194436581,2024-02-07 23:32:16
19185971,1707425903,4941387.550805559093033983402454,213456.7979104303716781661942,2024-02-08 20:58:40
19192820,1707508955,4941387.550805559093033983402454,471526.082634891276128528295,2024-02-09 20:03:12
19195136,1707536915,4941387.550805559093033983402454,9869.365388280279798830355,2024-02-10 03:48:16
19211924,1707740639,4941387.550805559093033983402454,19756.9000905534032960738194,2024-02-12 12:24:32
19222025,1707862979,4941387.550805559093033983402454,124783.1597386415464955990948,2024-02-13 22:24:00
19229614,1707955079,5890302.21174801709875644231556,1038960.110358358358944582493,2024-02-14 23:57:52
19235877,1708030871,5890302.21174801709875644231556,1054685.5010170905015032528918,2024-02-15 21:00:48
19242213,1708107827,5890302.21174801709875644231556,294899.0289869144917003262591,2024-02-16 18:22:56
19250462,1708207895,5890302.21174801709875644231556,179219.4520356505168436597025,2024-02-17 22:11:12
19257993,1708299587,5890302.21174801709875644231556,54157.2984891430453361113217,2024-02-18 23:40:48
19265086,1708385795,6158001.87617025389066734253008,1024262.2900361614132398770909,2024-02-19 23:36:32
19271443,1708462739,6158001.87617025389066734253008,23266.3773865538932147594998,2024-02-20 20:58:40
19278454,1708547867,6158001.87617025389066734253008,285259.7842974907554441663146875,2024-02-21 20:37:20
19285508,1708633487,6158001.87617025389066734253008,2419272.8082032221153945385001815,2024-02-22 20:24:32
19293690,1708732415,6158001.87617025389066734253008,416445.115391643876447708338943,2024-02-23 23:53:36
19298420,1708789475,863380.53365637460251908506386,351437.921289570561962445786194,2024-02-24 15:45:04
19307448,1708898567,863380.53365637460251908506386,86016.3245878854670144283891635,2024-02-25 22:02:40
19311743,1708950503,863380.53365637460251908506386,366504.595140980148368672788453,2024-02-26 12:28:48
