day,date,blockNumber,timestamp,totalValueLockedUSD,dailyVolumeUSD,dailyTotalRevenueUSD,dailySupplySideRevenueUSD,dailyLPFeeROIAverage,token0PriceUSD,token1PriceUSD,token0Balance,token1Balance,token0BalanceUSD,token1BalanceUSD,token0BalancePosition,token1BalancePosition,positionValueETH,dailyLPFeeROIPosition
19521,2023-06-13,17474414,1686699815,1077096.032131365,7163414.305282739,716.3414305282739434841057616522784,716.3414305282739434841057616522784,0.0006650673748289395,1959.7660435508794,1737.9128373599049,332.48109390562956,244.84016978599598,651585.157958904,425510.8741724611,0.6577559845929809,0.2582502869355177,1.000101798957839,3.0234424552633143e-05
19522,2023-06-14,17481557,1686786779,1031493.4716926833,5603317.431944867,560.331743194486635343691735833029,560.331743194486635343691735833029,0.0005432237416636102,1857.56048974385,1648.2235349369773,555.1995459982552,0.10722521481775474,1031316.740570082,176.73112260129648,0.6774553747683529,0.2360559854714355,0.999956587384678,2.1242035768365145e-05
19523,2023-06-15,17488576,1686872123,1058364.4545906757,10797508.573160188,1079.750857316018868246974164179165,1079.750857316018868246974164179165,0.0010202070304162042,1878.9996460703153,1665.6836738981533,511.61992573929473,58.25283439138321,961333.6593866558,97030.79520401987,0.6567628542377362,0.2594325277281729,1.000172537816269,4.088057035356307e-05
19524,2023-06-16,17495740,1686959051,2307700.199446854,16869718.442391116,1686.971844239111568130698184210186,1686.971844239111568130698184210186,0.0007310186325951141,1939.126336462459,1718.897323853619,974.9122731400324,242.7266184376618,1890478.064586319,417222.13486053527,0.648347205130065,0.2689966736257789,1.000314470872584,7.196155909872104e-05
19525,2023-06-17,17502687,1687043087,2281142.7759589027,9609769.280419562,960.976928041956239375823486700341,960.976928041956239375823486700341,0.0004212699609028196,1948.398398195857,1726.6540372882578,595.7952964250183,648.8249241354785,1160846.6012071313,1120296.1747517711,0.6206295204478575,0.3002952473361484,1.000566378797507,2.890583009151904e-05
19526,2023-06-18,17510045,1687132283,2403867.937434017,2674276.732134507,267.427673213450710552634758103196,267.427673213450710552634758103196,0.00011124890392228181,1940.2792238905442,1719.2502072456157,214.69949224910872,1155.9056179653053,416576.9641907946,1987290.9732432226,0.5965217801424466,0.3275072733960085,1.000759395295299,6.99737663190092e-06
19527,2023-06-19,17517118,1687218107,2486992.293738226,11695763.896834226,1169.576389683422655483183270189283,1169.576389683422655483183270189283,0.0004702774482366486,1954.677435725913,1732.091204359781,868.3656915618348,455.8752267180065,1697374.8232544463,789617.4704837799,0.6119164757510573,0.3101700407326488,1.0006778184970215,3.615055754102592e-05
19528,2023-06-20,17524282,1687305047,2441864.989811548,11947122.08506493,1194.712208506493146695373018765974,1194.712208506493146695373018765974,0.0004892621883238089,2019.669577994268,1789.6185315958055,179.49493017571402,1161.8926062848147,362520.44988009485,2079344.5399314533,0.5753811397892383,0.3514343123343823,1.0009810062290068,2.804299768199847e-05
19529,2023-06-21,17531389,1687391111,3530816.1031521135,18472629.410619717,1847.262941061971731624553980876993,1847.262941061971731624553980876993,0.0005231829942694664,2138.883007041075,1894.286114601896,426.94776126423426,1381.8529162580778,913191.3114623002,2617624.791689813,0.5577362349565924,0.3713896024697645,1.0011419624103728,3.397785099190642e-05
19530,2023-06-22,17538423,1687476527,3440182.2924059024,19339616.177788507,1933.9616177788506399070357325655,1933.9616177788506399070357325655,0.0005621683542898329,2117.3454624486253,1874.9107759264366,468.2656879680064,1306.0365827576518,991480.229639442,2448702.0627664602,0.5494367654641097,0.3807814999619186,1.0012206756148725,2.0320981665600257e-05
19531,2023-06-23,17545669,1687564571,4187166.3764122534,9482373.734499205,948.23737344992048310860500504339,948.23737344992048310860500504339,0.000226462788484276,2132.47272455575,1888.2722985089217,737.1235304721001,1385.0071068232135,1571895.8233599926,2615270.5530522605,0.5428322287455756,0.3882494911003297,1.0012761671959498,9.676820868165237e-06
19532,2023-06-24,17552565,1687648367,4195516.474742191,6106305.788279164,610.63057882791636474263903195526,610.63057882791636474263903195526,0.00014554360172437143,2115.405598819878,1873.1764282839442,1204.242524906587,879.8184038262899,2547461.3795243804,1648055.0952178107,0.5429720661592912,0.3881004012234171,1.0012840668682403,8.818751994876806e-06
19533,2023-06-25,17559864,1687737083,4155831.3372939434,4482412.64115899,448.24126411589899484269220319362,448.24126411589899484269220319362,0.00010785838686316128,2146.6283445223003,1900.5612525434997,437.2943062532703,1692.7225998567628,938708.3527014853,3217122.9845924582,0.5303176462957669,0.4023956238959718,1.0013737033106784,3.4417939200892533e-06
19534,2023-06-26,17566965,1687823435,4088388.9471792113,12397992.179275716,1239.79921792757165120363475574621,1239.79921792757165120363475574621,0.00030324884299058006,2095.1236814653603,1855.1881589192803,1237.014166816414,806.75982367518,2591697.675205211,1496691.2719740004,0.525658753023453,0.4076793094121362,1.0014264643680408,2.143565399204128e-05
19535,2023-06-27,17573936,1687908287,4257205.588354396,10015384.12972061,1001.5384129720609061907452571436,1001.5384129720609061907452571436,0.00023525723439614323,2136.6365050722607,1891.8598491039384,644.2106070609289,1522.7141110467032,1376443.9000011424,2880761.688353253,0.5018304779820612,0.4346100485126132,1.0015942996560536,1.2372314846631484e-05
19536,2023-06-28,17581204,1687996199,4541925.280870556,12938302.145786235,1293.83021457862349426988183154602,1293.83021457862349426988183154602,0.0002848638263663011,2069.319860797608,1831.4615579203887,893.8197805958719,1470.0424615883696,1849599.0239607976,2692326.256909759,0.5040792443987688,0.4320819781486517,1.0015926061479106,1.2606403886117334e-05
19537,2023-06-29,17588356,1688082851,5090046.286063237,14196997.616730778,1419.69976167307774920640544230807,1419.69976167307774920640544230807,0.00027891686674053946,2090.3234393401995,1850.0413335596563,672.3595650205791,1991.6297332377019,1405448.9584270974,3684597.32763614,0.4981420439735917,0.4388038202630519,1.001644172641894,1.3724561284567116e-05
19538,2023-06-30,17595489,1688169359,5394827.511053459,28938800.054040708,2893.88000540407091750783311698153,2893.88000540407091750783311698153,0.0005364175220569706,2188.0578195800676,1936.7674178638085,1059.1502345393626,1588.908162061997,2317481.952793915,3077345.558259544,0.6605616659767476,0.2553134256579616,1.0017259423984162,3.150634825965781e-05
19539,2023-07-01,17602562,1688255315,5327978.9066075245,5641227.831989387,564.12278319893869591037443279886,564.12278319893869591037443279886,0.00010587931992360903,2172.9923891528597,1922.4505489178705,431.010882537322,2284.2697002967084,936583.3673956578,4391395.539211866,0.6326247044528266,0.2868962585410052,1.001965414985542,1.0029401861011422e-05
19540,2023-07-02,17609734,1688342219,5362474.106938497,6569651.71050953,656.96517105095300942738795559846,656.96517105095300942738795559846,0.00012251157916098965,2188.351139409074,1936.7109321229054,1266.2288072157314,1338.1041078106011,2770953.253023139,2591520.853915358,0.6364640341513638,0.2825601333021513,1.0019379489743598,3.4504837951310208e-06
19541,2023-07-03,17616861,1688428799,5971703.67779843,7262371.111460645,726.23711114606450293081658018139,726.23711114606450293081658018139,0.00012161305220921547,2209.153759424685,1955.1148200723699,1323.8619767182001,1558.5217725776504,2924614.6628264063,3047089.0149720237,0.6311816960699274,0.2885373941659289,1.0019871063523933,6.588985466127184e-06
19542,2023-07-04,17623847,1688513675,7869503.291698613,8653389.75074756,865.33897507475596395780264437654,865.33897507475596395780264437654,0.00010996106653739955,2191.432838806374,1938.4579094357784,952.935624661746,2982.3752387943878,2088294.421152215,5781208.870546399,0.6183123044565493,0.3030921252694393,1.0020961632205718,6.88096496626045e-06
19543,2023-07-05,17630993,1688600207,8591820.393989721,8598513.219570458,859.85132195704582433561455248698,859.85132195704582433561455248698,0.00010007789764303522,2161.180943194966,1911.337411553035,342.0817335244755,4108.390189517116,739300.523508195,7852519.8704815265,0.60183747803476,0.3217250054195228,1.0022302043805027,6.298010188920955e-06
19544,2023-07-06,17638208,1688687807,8353011.119676467,25648287.54384245,2564.82875438424504799962009181348,2564.82875438424504799962009181348,0.00030705439243849437,2098.5777421727607,1855.9788486444193,2344.3471497293062,1849.8143843804928,4919794.748348075,3433216.371328392,0.6019472429313618,0.3216198043126148,1.0022483631101713,1.8869297047086064e-05
19545,2023-07-07,17645301,1688773859,8634921.356745578,15332631.809030373,1533.26318090303728061954331006578,1533.26318090303728061954331006578,0.00017756539029799686,2109.4984564251668,1865.2231383599815,929.465993827035,3578.2390536588255,1960707.079277814,6674214.277467764,0.5821457675463806,0.3440233776556822,1.0024087330447424,1.1302532692880618e-05
19546,2023-07-08,17652443,1688860607,7850633.388626099,10758198.312312705,1075.81983123127048538481688976227,1075.81983123127048538481688976227,0.00013703605530604766,2103.7607506148456,1860.0520308976165,908.3921515690105,3193.240584308998,1911039.7546374558,5939593.633988643,0.5772986536690129,0.3495132315322179,1.0024522826806033,7.778823191140205e-06
19547,2023-07-09,17659548,1688946923,8220823.879689665,4607528.840637853,460.75288406378538241032027418278,460.75288406378538241032027418278,5.6047044773957464e-05,2107.059122576242,1862.5507817632827,1005.8142066676407,3275.891288256584,2119309.9997758376,6101513.879913827,0.5575311164666839,0.3718804033501367,1.002602030038483,7.096183003429957e-06
19548,2023-07-10,17666662,1689033455,7855823.488129047,15105989.117147282,1510.59891171472812460409223213851,1510.59891171472812460409223213851,0.00019229033264270737,2121.9726019892482,1876.0586613819253,2121.3227323950746,1788.0223252394544,4501388.718119319,3354434.770009728,0.571566169234957,0.3560177262524818,1.002514933845407,1.355642624778497e-05
19549,2023-07-11,17673764,1689119711,9476849.737642974,24237709.965120137,2423.77099651201377848697831774857,2423.77099651201377848697831774857,0.0002557570356829188,2120.291233444743,1874.0955524195163,1318.1380793254523,3565.4602109016464,2794836.614063448,6682013.123579525,0.5499636527830277,0.3804716654181532,1.0026854416066948,1.6371036945406203e-05
19550,2023-07-12,17680638,1689203231,9650952.904199744,22907568.662787814,2290.75686627878130175608297924981,2290.75686627878130175608297924981,0.00023736069267128298,2116.6706967904265,1870.8624962092722,1946.4758934655092,2956.3393513414344,4120048.485707407,5530904.418492337,0.5499351539600862,0.3805165642290355,1.0026983454876748,1.2622121153160748e-05
19551,2023-07-13,17687987,1689292619,10494413.753683934,16860354.475317605,1686.03544753176046476164327256765,1686.03544753176046476164327256765,0.00016066027956443955,2267.4374469576514,2003.4685475908864,621.4628196788901,4534.778295060796,1409128.0692318059,9085285.68445213,0.5204519445373882,0.4138928389716416,1.0029133493105775,1.4198541895993344e-05
19552,2023-07-14,17695104,1689379139,3363629.693602881,18714088.37462141,1871.40883746214109947504535445149,1871.40883746214109947504535445149,0.0005563658927798384,2189.998860590574,1935.1670265523037,1015.5844424037616,588.8385375888026,2224128.7716977512,1139500.92190513,0.5256314406326247,0.4080377346978977,1.002885515616247,6.591065909500316e-06
19553,2023-07-15,17702115,1689464939,10113518.205463385,10952839.536532903,1095.28395365329028605172268567451,1095.28395365329028605172268567451,0.00010829900450088785,2190.8379449719982,1935.5158796067296,1854.8283864937216,3125.7247014429086,4063628.410541632,6049889.794921754,0.5074163052731959,0.4286603407742294,1.0030120015286923,6.7294097303438605e-06
19554,2023-07-16,17709240,1689551603,11319760.937915558,8181195.306988599,818.11953069885987413038939613915,818.11953069885987413038939613915,7.227356966157891e-05,2178.687673250424,1924.670637463714,1149.6675111207383,4580.0015501439275,2504766.4348152466,8814994.503100311,0.5023485245016712,0.4343985968500727,1.0030463697368623,1.794777947594639e-06
19555,2023-07-17,17716403,1689638327,12632798.799084146,23326142.729490448,2332.61427294904481860664110432849,2332.61427294904481860664110432849,0.00018464746490842195,2166.2372589840525,1913.9715579744388,5158.571368397446,761.8239109448268,11174689.501350896,1458109.29773325,0.5166241584733359,0.4182552843202367,1.0029689687851362,1.5058230877329493e-05
19556,2023-07-18,17723460,1689723863,14632990.06046866,25840589.466041565,2584.05894660415633932585741557181,2584.05894660415633932585741557181,0.00017659131427862087,2147.024685753341,1896.5249189941057,3242.40140169422,4045.0162995900914,6961515.850558725,7671474.2099099355,0.4958255491952769,0.4418113540952422,1.0031165123087182,1.347157525710685e-05
19557,2023-07-19,17730587,1689810239,14675536.962669933,35284977.53350643,3528.4977533506429310753211217238,3528.4977533506429310753211217238,0.000240433979507943,2139.0780284885027,1889.6492235471167,4570.84415185603,2592.092016207686,9777392.296880398,4898144.665789534,0.500886404081186,0.4360909952220055,1.0030931185817944,8.651884948029931e-06
19558,2023-07-20,17737680,1689896039,15400737.586062241,50627254.439940944,5062.72544399409455088860085274295,5062.72544399409455088860085274295,0.00032873266073800845,2143.014543364212,1892.3901527051498,2206.08308018662,5639.994187295664,4727668.1247096425,10673069.461352598,0.4663901776188663,0.4751672585533636,1.0033246115021055,1.8986954194000205e-05
19559,2023-07-21,17744842,1689982691,15765848.425573107,20476458.83038269,2047.64588303826913060217895800901,2047.64588303826913060217895800901,0.00012987857220020399,2141.59287447636,1891.0683085757398,4114.5301562524655,3677.392260019569,8811648.464448383,6954199.961124723,0.4631662374867913,0.4788259249218285,1.0033514057844417,7.666436765640938e-06
19560,2023-07-22,17752100,1690070387,17698711.723117404,20068724.379649024,2006.87243796490226945796825637431,2006.87243796490226945796825637431,0.00011339087665593194,2107.098051764532,1860.2733517098452,2465.2515200414423,6721.692291423451,5194526.674988874,12504185.04812853,0.4470864930792836,0.4970422003857466,1.0034493010070398,4.659412965013488e-06
19561,2023-07-23,17759150,1690155599,18418580.8651758,9140367.21714431,914.03672171443114001060069983727,914.03672171443114001060069983727,4.962579519047582e-05,2132.303075392366,1882.352764701638,1173.6197768096151,8455.41181451508,2502513.059432444,15916067.805743353,0.4389641055672422,0.5062446530492706,1.003497090643935,1.938515347577052e-06
19562,2023-07-24,17766268,1690241627,18940209.587413706,11637118.059740486,1163.71180597404863429443005984144,1163.71180597404863429443005984144,6.144133730956005e-05,2092.54224159961,1846.5642460518122,2159.6177738619513,7809.702912169144,4519091.417515446,14421118.169898259,0.4058744447900509,0.5437422067429079,1.0036822957281966,7.044209261009016e-06
19563,2023-07-25,17773402,1690327955,18419131.38781366,8693036.708595255,869.30367085952559071314625045047,869.30367085952559071314625045047,4.7195693030056145e-05,2107.080075641412,1859.5264400387061,3699.9005303433783,5712.822614262433,7795986.689341624,10623144.698472034,0.4121962029056166,0.536580526807011,1.003651272029202,1.9239863928710577e-06
19564,2023-07-26,17780650,1690415507,19854658.743510235,27293976.18420738,2729.39761842073814249431245872342,2729.39761842073814249431245872342,0.00013746887587845743,2122.493283940762,1872.7976052045976,2023.4311728011478,8308.393616844432,4294719.074786816,15559939.66872342,0.3964847209122872,0.5543910260663231,1.0037380802553242,5.79618793117298e-06
19565,2023-07-27,17787830,1690502315,21043393.522073656,18994045.413612332,1899.40454136123305132325233742285,1899.40454136123305132325233742285,9.026132307837305e-05,2103.072156594432,1855.7951128234674,8130.716535856193,2125.186091449594,17099483.559721094,3943909.9623525636,0.4024223685652173,0.5476694811433315,1.0037153899310571,7.502157265415477e-06
19566,2023-07-28,17794981,1690588799,21386861.44920091,15243975.682468588,1524.39756824685869383083617892379,1524.39756824685869383083617892379,7.127729198918132e-05,2122.267081433176,1872.341865836635,3786.487132350366,7130.601893569106,8035936.9952574875,13350924.453943422,0.3843103052767265,0.5682001191697383,1.0038092462642878,3.005620130558384e-06
19567,2023-07-29,17801704,1690670051,19472238.010656588,7044942.9257709235,704.49429257709230376355701130612,704.49429257709230376355701130612,3.617942078314486e-05,2131.055234619375,1879.979368484341,2085.9488120586407,7993.154673652538,4445272.135085633,15026965.875570955,0.3788842561568392,0.5743520990222412,1.003837110783334,1.4531274503681857e-06
19568,2023-07-30,17809272,1690761575,10185960.455759674,73298844.36698803,7329.88443669880384996287161451057,7329.88443669880384996287161451057,0.0007196066064201245,2105.8809676038804,1859.3822903265655,4434.703144071635,455.5295121894329,9338956.948073544,847003.5076861309,0.4573753264118572,0.4854897004254161,1.0034911137025704,7.180176445609199e-05
19569,2023-07-31,17816411,1690847735,10836401.89293875,61612664.63990483,6161.26646399048301133024117859929,6161.26646399048301133024117859929,0.000568571240238451,2104.9780119381044,1856.5063091517402,950.663598811067,4759.08747367977,2001125.9722472434,8835275.920691507,0.6420384323262264,0.2762920349017816,1.0042604965563755,0.0001676000550967
19570,2023-08-01,17823592,1690934375,11571522.609295614,54546966.000243805,5454.69660002438057136714589652978,5454.69660002438057136714589652978,0.0004713897024789567,2117.3240083424034,1867.9885795898588,4514.349856676682,1077.7267579114475,9558341.333598627,2013181.2756969882,0.6732722517052899,0.2409869452270536,1.0041020765571915,0.0001024170804824
19571,2023-08-02,17830753,1691020775,10426454.447504217,41305521.573804796,4130.55215738047935202206090206595,4130.55215738047935202206090206595,0.00039616076377422914,2085.5499563101957,1839.674537122702,2789.093533724377,2505.693511043492,5816793.897403923,4609660.550100294,0.6568786701038365,0.2596075894406108,1.0042789885559429,3.759638593736625e-05
19572,2023-08-03,17837891,1691107091,10155957.285486804,11326978.209720874,1132.69782097208734173037713613057,1132.69782097208734173037713613057,0.0001115303844956841,2082.258185543604,1836.3532203671725,793.3816141868284,4630.880285322314,1652025.3604003214,8503931.925086481,0.6366129177740858,0.2825912820265734,1.0044528813572753,6.7472677416358096e-06
19573,2023-08-04,17844964,1691192543,11147101.85137761,9735697.651924396,973.56976519243968177382298216449,973.56976519243968177382298216449,8.733837531699968e-05,2070.1086604778025,1824.7069648313518,1971.9989371295421,3871.7722403310345,4082252.078204886,7064849.773172724,0.5912396364443218,0.3340709763274757,1.0048256080642326,1.7277268451687533e-05
19574,2023-08-05,17852199,1691279903,11342840.929806149,4685205.934301355,468.52059343013545438989377990477,468.52059343013545438989377990477,4.130540103044031e-05,2078.0139964701157,1831.5348719647377,1913.5601155730262,4022.0016224186056,3976404.703247721,7366436.226558428,0.5842439276145547,0.3420114105655649,1.0048816586658884,3.552708495169199e-06
19575,2023-08-06,17859116,1691363603,11251616.196058126,25687004.55933928,2568.70045593392822917542274884217,2568.70045593392822917542274884217,0.0002282961319666985,2075.425343271788,1829.234613369662,2493.6164978834613,3321.772546582694,5175314.876107975,6076301.319950151,0.5835112375261479,0.3428675816741456,1.004912099013654,2.475273113988763e-05
19576,2023-08-07,17866455,1691452415,17459163.28653645,37156339.60385652,3715.63396038565197595591986752784,3715.63396038565197595591986752784,0.00021281855833555006,2067.5017858868664,1822.3532196506555,5484.031376935904,3358.799246413514,11338244.66567459,6120918.620861862,0.588568722117604,0.3371540656284367,1.0048988665441467,2.4360483610319505e-05
19577,2023-08-08,17873628,1691539175,24977514.961387433,62339065.68268687,6233.9065682686870844540093829646,6233.9065682686870844540093829646,0.0002495807360302112,2111.1292044650563,1859.9568830164235,6638.898905288897,5893.6536094122785,14015573.36444648,10961941.596940953,0.547956246092715,0.3832611184939915,1.0052142457595832,2.0629491466639397e-05
19578,2023-08-09,17880675,1691624387,25364591.687356316,15948093.535900643,1594.8093535900643077263192011468,1594.8093535900643077263192011468,6.287541992584258e-05,2101.9767479373813,1851.6719876643776,6079.226447620512,6797.20767655385,12778392.638344284,12586199.049012033,0.5372974913007319,0.3953643493650707,1.0052924888346095,4.352591967737851e-06
19579,2023-08-10,17887876,1691711447,26086530.33514433,28827238.012797613,2882.7238012797613135133483987461,2882.7238012797613135133483987461,0.00011050621773935548,2100.62444473648,1850.3543730679123,5258.869041757273,8127.968184507922,11046908.860783238,15039621.474361092,0.5317367315872806,0.4016844913933666,1.005337967922864,7.454335204437612e-06
19580,2023-08-11,17895060,1691798279,25908548.53770469,24826244.951211262,2482.6244951211263375156867394066,2482.6244951211263375156867394066,9.582260046363326e-05,2094.211685184883,1844.4788199328138,4261.237423374126,9208.3547660071,8923933.205377216,16984615.332327478,0.5203075090938425,0.4146643691209864,1.0054188015545813,4.010926928144087e-06
19581,2023-08-12,17902139,1691883875,24970831.33983668,2336622.225056647,233.6622225056647079056128463483,233.6622225056647079056128463483,9.357406620775845e-06,2097.5855600716886,1847.3875987720048,3941.4994281200047,9041.52386076657,8267632.28545534,16703199.05438134,0.5172708859716822,0.418112770843295,1.00543950366615,5.736517887378056e-07
19582,2023-08-13,17909239,1691969591,25184492.747873653,10520483.233764036,1052.0483233764036023683657715726,1052.0483233764036023683657715726,4.1773655475559614e-05,2088.5816009642826,1839.2193116649266,6350.164771221587,6481.910758547212,13262837.30426497,11921655.443608684,0.5057830782549115,0.4311615845700839,1.0055189178296324,4.304420108569573e-06
19583,2023-08-14,17916514,1692057467,24500890.798452314,7537213.927362041,753.7213927362040408372816505828,753.7213927362040408372816505828,3.0763019962678886e-05,2094.89760147837,1844.7165328020797,5391.436814006659,7159.030947810397,11294508.050184732,13206382.74826758,0.5018078586253311,0.4356777712208948,1.0055464166074657,1.893835598787419e-06
19584,2023-08-15,17923623,1692143375,23230668.913362574,22499300.765254695,2249.9300765254696459093006221703,2249.9300765254696459093006221703,9.685171291952258e-05,2072.0988811549446,1824.4819837521427,5279.693817680919,6736.499110629178,10940047.652457308,12290621.260905268,0.4949382527940915,0.4434980597845759,1.0056088706035795,1.854488699426504e-05
19585,2023-08-16,17930804,1692230123,23456300.332549267,24071316.650013268,2407.1316650013268563765930946124,2407.1316650013268563765930946124,0.00010262196641731506,2052.313266517936,1807.0470512024726,5123.736835082435,7161.289598492585,10515513.080786303,12940787.251762964,0.4941576433820421,0.4444000577267862,1.0056292927651365,1.535485600667741e-05
19586,2023-08-17,17937908,1692316091,21994412.42090921,50224340.84766616,5022.4340847666158538981909994572,5022.4340847666158538981909994572,0.00022835045504520905,1920.324597417634,1691.2636302459273,10241.846697880601,1375.741925964666,19667670.136920687,2326742.2839885247,0.5166500879465451,0.4188817866269883,1.0055079591513263,2.3691686991567096e-05
19587,2023-08-18,17945101,1692403115,28089124.335836448,44895378.34792839,4489.5378347928389788268328847074,4489.5378347928389788268328847074,0.00015983189013354297,1889.4951575641242,1663.161473844953,7695.771185910366,8145.933007344482,14541122.38949915,13548001.946337296,0.4523075942408263,0.4920248533085577,1.0059659567756,5.9102156257484495e-05
19588,2023-08-19,17952144,1692488291,25229488.905005924,4189707.797491348,418.970779749134767905826184842,418.970779749134767905826184842,1.660639188239776e-05,1897.3703276288938,1669.2863074417692,8066.3105584706045,5945.481343541397,15304778.307081776,9924710.597924147,0.4233001841657108,0.525004156519247,1.006142240970937,1.3745665369491178e-05
19589,2023-08-20,17959372,1692575747,36764989.98037796,23699403.46716863,2369.9403467168627703055422999357,2369.9403467168627703055422999357,6.446187930369997e-05,1914.9197399929953,1684.721101796232,12818.227847772368,7252.899266188829,24545877.53742723,12219112.442950726,0.4230357589955591,0.5253113672387691,1.0061503427594127,6.614556628203872e-06
19590,2023-08-21,17966429,1692661067,48121913.86531231,12950445.232560895,1295.0445232560895665531040544019,1295.0445232560895665531040544019,2.691174184968557e-05,1898.9646795582123,1670.7779143361215,20635.802506204323,5347.960189695144,39186660.09362085,8935253.771691462,0.4279780276120722,0.5196967451825257,1.006126245299154,2.7803354543110004e-06
19591,2023-08-22,17973673,1692748583,46464183.99540213,31697301.61969365,3169.7301619693651834967406380916,3169.7301619693651834967406380916,6.821878465105567e-05,1852.4322101036896,1629.9880950507252,23027.398722699472,2335.89981309316,42656695.10882906,3807488.8865730646,0.436281768670583,0.5102803470566646,1.00610139226678,2.0865760546051604e-05
19592,2023-08-23,17980842,1692835115,47514724.41644598,28081312.511495277,2808.1312511495277740070826337012,2808.1312511495277740070826337012,5.91002323098304e-05,1906.3009856088947,1677.0232055433883,18646.68335616635,7136.772774930715,35546190.86019689,11968533.55624909,0.4169711219089786,0.5322393502791287,1.0062174497564509,1.0586200978712768e-05
19593,2023-08-24,17987994,1692921599,44149068.20060938,13413526.41407847,1341.3526414078470851270169736763,1341.3526414078470851270169736763,3.038235451114986e-05,1885.5019569288177,1658.5947205565762,19999.31914917234,3882.993673969838,37708755.39300842,6440312.8076009555,0.4098725887207154,0.5403144255255047,1.0062607397621242,5.6950122673260495e-06
19594,2023-08-25,17995093,1693007447,43755347.27303657,20377470.6186478,2037.7470618647797922588884970351,2037.7470618647797922588884970351,4.657138358768105e-05,1875.741625252338,1649.5964938712468,18292.967428986685,5724.106987486116,34312880.45593557,9442466.817101,0.3865611702822135,0.5668320829300916,1.0063931446533692,1.3494389826673723e-05
19595,2023-08-26,18002240,1693093871,44221621.115283884,11570013.78554286,1157.0013785542859916140730578583,1157.0013785542859916140730578583,2.6163703396083844e-05,1873.838430025929,1648.0816066331774,21061.73849794014,2885.3705396309774,39466295.00059682,4755326.114687059,0.3968016357389127,0.5551937696298667,1.006347331375199,5.476525216208117e-06
19596,2023-08-27,18009424,1693180775,45314469.39489955,8970202.757106816,897.0202757106816816203949851089,897.0202757106816816203949851089,1.979544917305481e-05,1882.7517733146042,1655.691144749886,18696.285039550545,6108.63059475885,35200463.81260909,10114005.582290458,0.3839862334861906,0.5697685015966796,1.0064142587154432,2.8699079426264262e-06
19597,2023-08-28,18016366,1693264715,45028005.873612314,9642344.199706266,964.2344199706264832778303450196,964.2344199706264832778303450196,2.141410442818866e-05,1873.7936464954355,1647.1037177512928,17696.388168010755,7205.755187463482,33159379.715135552,11868626.158476762,0.3463460522296117,0.6125918386926077,1.006602416758508,1.2066498044527307e-05
19598,2023-08-29,18023567,1693351967,48235655.20005867,10167814.98312614,1016.7814983126140186969274427166,1016.7814983126140186969274427166,2.1079458630664092e-05,1966.475087358021,1728.7730918294585,17892.58990116299,7548.89289565327,35185332.288950734,13050322.911107937,0.355977772375091,0.6016616179317861,1.0065855749382446,2.6261010403372254e-05
19599,2023-08-30,18030752,1693438907,44553554.26284478,31394084.98452123,3139.4084984521230056791906441676,3139.4084984521230056791906441676,7.04637048692256e-05,1935.8656749846907,1701.771154402286,19172.595899203618,4370.731012793965,37115570.30162053,7437983.961224258,0.351180811066474,0.6071293945434788,1.0066184092778567,1.1023178102531617e-05
19600,2023-08-31,18037948,1693525931,44291153.547874644,38986063.515706845,3898.6063515706846240875520363995,3898.6063515706846240875520363995,8.802223557705833e-05,1870.8695334913718,1644.595531166041,21624.78465706065,2331.2739771035754,40457150.783206426,3834002.764668223,0.678312831400846,0.2349670405685154,1.0065446335210195,1.364879018717069e-05
19601,2023-09-01,18045120,1693612691,43846777.55945265,31402600.62264726,3140.2600622647258985792430432337,3140.2600622647258985792430432337,7.161894754994913e-05,1852.142496568126,1628.1150618457611,19953.762564749293,4231.621037299247,36957211.61260236,6889565.946850287,0.6701934721984899,0.2442136164654553,1.0066252061301322,1.0353244979333098e-05
19602,2023-09-02,18052124,1693697651,41877047.28855231,24056504.626931727,2405.6504626931726014390058378714,2405.6504626931726014390058378714,5.744556071771545e-05,1859.8827964888872,1634.1991561408788,18653.920289855392,4395.389526046268,34694105.43417703,7182941.854375267,0.6316205226051151,0.2881169525636762,1.0069601020011687,1.3158841431604174e-05
19603,2023-09-03,18059381,1693785395,41909099.93739573,11367714.271638982,1136.7714271638981450886044988906,1136.7714271638981450886044988906,2.7124691984843856e-05,1864.4622287914601,1638.1848079047097,18236.43344947116,4827.268904478568,34001141.35440812,7907958.582987603,0.6290072606607878,0.2910957604968526,1.00698585763803,4.595922481254178e-06
19604,2023-09-04,18066543,1693871795,41630683.59575783,18972646.115304805,1897.2646115304805491276762820083,1897.2646115304805491276762820083,4.557370784379366e-05,1851.9655896859101,1627.3379985285442,19259.470618091393,3664.1476699231366,35667876.86027208,5962806.735485746,0.63541919422053,0.2838123160184974,1.0069478793319977,1.3790726894002958e-05
19605,2023-09-05,18073534,1693956395,42908875.29689666,55908951.253865555,5590.8951253865555613374309849896,5590.8951253865555613374309849896,0.0001302969394257442,1855.0490712396129,1630.2682059162184,21454.58358383702,1907.397773312744,39799305.35102951,3109569.945867157,0.6575301129160935,0.2586822154781284,1.0067949409700852,2.978463987624025e-05
19606,2023-09-06,18080677,1694042879,43718077.26599478,46175674.133750215,4617.5674133750214292985216690387,4617.5674133750214292985216690387,0.00010562146604207369,1854.219996583449,1629.8755552903062,21794.917440455767,2028.0723355149446,40412571.74197845,3305505.524016328,0.6688937979741643,0.2458239092130881,1.0067688714823508,6.956909316890858e-05
19607,2023-09-07,18087957,1694130839,49578580.19756916,28516163.181758516,2851.6163181758517065301462584163,2851.6163181758517065301462584163,5.7517103289611075e-05,1877.4515330063737,1648.9338674031346,17425.78834183828,10226.308947063253,32716073.036228877,16862507.161340285,0.5934614520102299,0.3316996505778761,1.0074050992386692,2.5990608597314942e-05
19608,2023-09-08,18095052,1694216711,51952630.61297778,17590223.735838067,1759.0223735838064963454144239172,1759.0223735838064963454144239172,3.38581964537596e-05,1858.9796784341877,1632.8641079150973,18933.82144269101,10261.136388935147,35197589.29706405,16755041.31591373,0.6016680010518631,0.3223658892898497,1.0073519352419722,9.578520766329037e-06
19609,2023-09-09,18102219,1694303459,51580187.198582195,9479460.239469131,947.9460239469131704575619947591,947.9460239469131704575619947591,1.837810359813835e-05,1859.7441785556707,1633.2561993224588,20427.7132178755,8320.719349524677,37990320.73814868,13589866.460433515,0.5865651636344519,0.339565609705091,1.0074709734104357,3.974149589192066e-06
19610,2023-09-10,18109346,1694389727,52192834.06875761,13538868.149156569,1353.8868149156567774410648112906,1353.8868149156567774410648112906,2.5940090034813557e-05,1846.3610246538344,1621.1112603849826,18623.146369389982,10984.923053130471,34385051.612865224,17807782.455892388,0.5652580802245365,0.3638368329763844,1.0076348734791067,6.482824420395161e-06
19611,2023-09-11,18116540,1694476763,50745392.356681965,92748478.90460253,9274.8478904602523961674335790079,9274.8478904602523961674335790079,0.00018277221752999168,1765.945022717092,1550.477622696046,23416.222037643063,6058.540581923278,41351760.75821404,9393631.598467922,0.5885711988237708,0.337343847558073,1.007518566510971,5.548307705605104e-05
19612,2023-09-12,18123652,1694562899,50819235.396076106,20453486.58356609,2045.3486583566086851930319075209,2045.3486583566086851930319075209,4.024752915732643e-05,1817.8552193839278,1595.789218417124,18156.700437453725,11162.490969032397,33006252.657015696,17812982.739060413,0.5487164642133022,0.3827412993179343,1.0078160035018038,6.749670480310499e-06
19613,2023-09-13,18130741,1694648783,50315134.279258244,15962710.087955812,1596.2710087955812126995044060441,1596.2710087955812126995044060441,3.17254645478234e-05,1830.8300055988573,1606.7685383666646,19426.14759846295,9179.39330439786,35565973.91645815,14749160.362800097,0.5260739869591702,0.4085514393919249,1.0079856562636018,1.3387566440314911e-05
19614,2023-09-14,18137919,1694735891,61203158.61841267,8008924.361442171,800.8924361442171462780226462321,800.8924361442171462780226462321,1.3085802338039341e-05,1856.8879972050652,1629.6866494532921,26278.452960833343,7613.129023598186,48796143.88808934,12407014.73032334,0.5287646087699919,0.4054884806228276,1.0079702768206584,2.797488858119479e-06
19615,2023-09-15,18145011,1694822303,59403382.80556948,35148541.27400587,3514.8541274005865609785932948047,3514.8541274005865609785932948047,5.916925874246752e-05,1876.1740539776881,1646.5982455212559,25951.149962015064,6507.05696128135,48688874.22961673,10714508.575952744,0.527954362286458,0.4064222591642136,1.007986375622944,1.0484523004894442e-05
19616,2023-09-16,18152038,1694908043,74613293.12305129,17606957.570136502,1760.6957570136503347920377456009,1760.6957570136503347920377456009,2.3597614892964628e-05,1865.5116554423664,1636.9477981030516,31265.525545810884,9949.67024769149,58326202.319241256,16287090.803810028,0.5120833217970567,0.4245128998893933,1.0080974803330778,5.131199261043662e-06
19617,2023-09-17,18159127,1694995019,48002872.10662455,18953117.9270306,1895.3117927030599102879371333073,1895.3117927030599102879371333073,3.948329984283379e-05,1845.0756660619388,1618.5690039963251,19628.899668590613,7281.782208504173,36216805.13008779,11786066.97653676,0.4877103458799923,0.4523060808342932,1.008267169096264,1.312983779477861e-05
19618,2023-09-18,18166155,1695080411,49584141.58960294,17034069.14609688,1703.4069146096883324187255335826,1703.4069146096883324187255335826,3.435386516738383e-05,1869.325962125938,1639.925753908218,21117.94982879499,6163.577639825985,39476331.881839484,10107809.707763463,0.4921065854390929,0.4473062010484977,1.0082510019370718,1.1356903933945617e-05
19619,2023-09-19,18173242,1695166187,49318603.941439606,16407267.424194599,1640.7267424194598296975739983936,1640.7267424194598296975739983936,3.3267907266143254e-05,1872.4313961783816,1642.6005620408873,20766.961336606742,6352.057689905292,38884710.409885034,10433893.531554572,0.4894880990975908,0.4502954268486855,1.0082719245677931,4.372936398988614e-06
19620,2023-09-20,18180541,1695254399,49346302.82390073,6354512.617818891,635.4512617818891299599386904891,635.4512617818891299599386904891,1.2877383419170974e-05,1852.194138500425,1624.6854615579812,19931.328604781127,7650.473340039605,36916690.01430146,12429612.809599275,0.480358387610395,0.46070663302423,1.0083323264610655,3.515538361309467e-06
19621,2023-09-21,18187646,1695340379,49297856.43140533,22656778.155757558,2265.6778155757559046245151537222,2265.6778155757559046245151537222,4.595895196230886e-05,1810.4724188239588,1587.992987826672,20690.310220825613,7455.0835743245,37459235.99171622,11838620.43968911,0.4752648601833491,0.4665203536304874,1.0083703506510182,6.695106607779167e-06
19622,2023-09-22,18194793,1695427019,48157552.58684132,9942393.487576263,994.2393487576263054977125131855,994.2393487576263054977125131855,2.0645553923545825e-05,1817.5734280062743,1593.9148987577073,18857.8506776554,8709.38862334769,34275528.30101656,13882024.285824759,0.4582069396194946,0.4859746282836727,1.0084772738013734,4.612763628841776e-06
19623,2023-09-23,18201949,1695513587,49349215.19992758,8903704.498366814,890.370449836681442248176748576,890.370449836681442248176748576,1.804224132500466e-05,1815.8171961752812,1592.1712969550192,21877.831796863305,6043.992896088936,39726143.19177474,9623072.008152843,0.4468640301543734,0.4989132823278602,1.0085465057494385,3.250635239204769e-06
19624,2023-09-24,18209071,1695599771,48231207.62339661,19448307.885695998,1944.8307885695996806587970079209,1944.8307885695996806587970079209,4.032307886120969e-05,1798.5076613055758,1577.0138219307705,22779.511062361937,4604.958026336412,40969125.166453056,7262082.456943561,0.4480358251122459,0.4975810798113801,1.0085439608256956,4.145543789579875e-06
19625,2023-09-25,18216019,1695683759,48298882.57070007,15228935.485876461,1522.8935485876462063951731157563,1522.8935485876462063951731157563,3.153061660087952e-05,1808.6623632849971,1585.8120716866201,22329.192081514226,4989.817766923662,40385969.32039616,7912913.250303917,0.4420903374189044,0.50436588640654,1.0085820123891265,4.008055552784384e-06
19626,2023-09-26,18223310,1695771887,48401127.30685206,13292080.195354324,1329.2080195354324308927472137593,1329.2080195354324308927472137593,2.7462335972229698e-05,1813.5383585167838,1589.8275901055486,19683.083440315444,7991.495777922693,35696026.83289856,12705100.4739535,0.4276145462812939,0.5208806224964976,1.0086662678107965,3.3250356534786363e-06
19627,2023-09-27,18230435,1695858059,50448546.79290863,16233411.1042622,1623.3411104262199574102840101825,1623.3411104262199574102840101825,3.217815405248516e-05,1820.982573033332,1596.0777537740853,19967.22244831517,8827.002725483087,36359964.11026186,14088582.682646772,0.4123411817616843,0.5383080038885167,1.0087520773163252,3.3214790764457547e-06
19628,2023-09-28,18237546,1695944159,50122031.47695324,15635175.25453117,1563.5175254531169900265200391083,1563.5175254531169900265200391083,3.1194216981648936e-05,1882.315900657702,1649.7983743825043,20574.192221571026,6906.845401255194,38727129.161851145,11394902.315102095,0.4102352739666289,0.5407151932405334,1.0087677320184598,4.47093551358968e-06
19629,2023-09-29,18244745,1696031291,32706969.890135713,12839084.50387357,1283.9084503873569302635454616523,1283.9084503873569302635454616523,3.925488832197135e-05,1899.095130023499,1664.3037298254503,11550.481125360431,6472.080331554071,21935462.454600338,10771507.435535377,0.3995012106037089,0.5529665375505138,1.0088273306748283,3.68275645401539e-06
19630,2023-09-30,18251827,1696116755,32468236.48744679,18990675.125398085,1899.0675125398085555253102844007,1899.0675125398085555253102844007,5.849001109974193e-05,1909.5162926470414,1673.4349182668525,11508.220756784085,6270.397096683176,21975135.03445807,10493101.452988718,0.6620868011084686,0.2533423738558955,1.0088338870082758,6.097345017996858e-06
19631,2023-10-01,18259089,1696204391,30792181.2965152,15975731.630541496,1597.5731630541496661682225008008,1597.5731630541496661682225008008,5.1882429103356494e-05,1975.2743420971901,1730.4485391656651,11446.457237309512,4728.420304073369,22609893.28877017,8182288.007745031,0.6308474785574786,0.2890127096962714,1.0091112562168996,1.7455203171090616e-05
19632,2023-10-02,18266290,1696291175,38852026.53065176,14908628.639739549,1490.8628639739548472312522127945,1490.8628639739548472312522127945,3.837284685260264e-05,1895.4120339514984,1660.6119565497172,17032.50820398507,3955.412633598115,32283621.018210925,6568405.512440835,0.6373364847179206,0.281615996461433,1.0090684670996193,9.983635185673023e-06
19633,2023-10-03,18273347,1696376531,36285363.567599215,24275396.171474624,2427.5396171474625354982904265408,2427.5396171474625354982904265408,6.690134474262562e-05,1888.9252196420073,1654.6485526897322,15741.059976656588,3959.5588943313733,29733685.173804052,6551678.393795162,0.6223908277147813,0.2986849277716654,1.0091981819489335,8.523300459861716e-06
19634,2023-10-04,18280579,1696463831,36060625.81551416,7295241.86995596,729.5241869955960060021521960498,729.5241869955960060021521960498,2.0230491581811008e-05,1881.6033047375727,1648.2204481694594,16604.69795811349,2922.6498607687035,31243454.552155565,4817171.2633586,0.6294306453873558,0.2906522912259577,1.0091451358709125,3.5761163177383537e-06
19635,2023-10-05,18287736,1696550315,26386629.133540727,16175799.191091703,1617.5799191091702864283542860114,1617.5799191091702864283542860114,6.130301490663022e-05,1843.891100451207,1615.0670487399714,10770.44329375796,4041.3830505416468,19859524.53727469,6527104.59626604,0.6151105790993849,0.3070061623272264,1.0092660314825426,6.190232646252625e-06
19636,2023-10-06,18294887,1696636727,25916111.18584372,18939929.818650827,1893.9929818650825220050709645521,1893.9929818650825220050709645521,7.308168144068032e-05,1882.220633592477,1648.2989930554374,10340.247536762263,3915.238644739593,19462627.270147715,6453483.915696005,0.5967473624538292,0.3279949394122527,1.009430966088431,2.147604162527905e-05
19637,2023-10-07,18301622,1696718051,25604435.614508584,3958166.725732001,395.8166725732001130397869678742,395.8166725732001130397869678742,1.5458910265880385e-05,1867.2803133579132,1635.477585468521,11748.328314917864,2242.1667345239775,21937422.177311473,3667013.437197113,0.6106800535429832,0.3120884878198899,1.00932503213047,2.256934527711252e-06
19638,2023-10-08,18309187,1696809479,25949872.836298637,39366753.131879374,3936.6753131879371647684890478101,3936.6753131879371647684890478101,0.00015170306760352686,1865.127631903035,1633.2742272231517,10365.606798501316,4051.183239584573,19333179.66132676,6616693.174971878,0.593790194985451,0.3314182777514871,1.009500268608432,4.3749959488526e-05
19639,2023-10-09,18316338,1696895987,24106835.67242524,13728972.489406293,1372.8972489406292628541706612863,1372.8972489406292628541706612863,5.6950537498831774e-05,1804.0683447614074,1579.3214555214931,9525.740518955188,4382.735837322944,17185086.930658158,6921748.741767081,0.5666608222546166,0.3624366805014759,1.0097361347600216,3.281133151955551e-05
19640,2023-10-10,18323473,1696982207,24639421.36878201,11920280.999315402,1192.0280999315401464026945203911,1192.0280999315401464026945203911,4.837889989745587e-05,1790.4001043432202,1567.4087457254147,10119.142719320489,4161.076174950248,18117314.18053534,6522107.188246674,0.5695098521001732,0.3592241750634427,1.0097573763142047,4.149998339353367e-05
19641,2023-10-11,18330583,1697068307,26409753.987079583,10705635.081224935,1070.5635081224935358520015157062,1070.5635081224935358520015157062,4.053667098323764e-05,1786.6392950461798,1564.117143123431,13034.70537838627,1995.6543360119442,23288316.82837469,3121437.15870489,0.56965903635289,0.3590591949407277,1.0097617331990023,5.375768660442759e-06
19642,2023-10-12,18337709,1697154467,27184458.90485902,15773040.596163025,1577.3040596163025416424580392216,1577.3040596163025416424580392216,5.802227166399001e-05,1753.1465545994931,1534.8493128345472,13527.56670495688,2259.929958559364,23715806.960909974,3468651.943949046,0.5727246034330111,0.3555624584620841,1.009744113088384,4.85093623403543e-06
19643,2023-10-13,18344894,1697241455,28946155.946458675,10733830.17477828,1073.3830174778280100290401499031,1073.3830174778280100290401499031,3.7082057440139906e-05,1770.9663167967374,1549.9818987128085,11867.086108444839,5116.154050871088,21016209.77658228,7929946.169876396,0.5459314410511792,0.3861753481445186,1.0099414538287868,4.345344552625363e-06
19644,2023-10-14,18351995,1697327243,29291433.56493417,8051318.261023225,805.1318261023225393924815317344,805.1318261023225393924815317344,2.74869382653287e-05,1778.0708453286907,1556.3329851827302,13695.329535153654,3174.2354935235803,24351266.16362564,4940167.401308531,0.5535150567403235,0.3775131503925623,1.0098900434753095,2.238552306188524e-06
19645,2023-10-15,18359194,1697414171,29075534.591868155,25598856.892342594,2559.8856892342592109245810000504,2559.8856892342592109245810000504,8.804260094155614e-05,1779.010123743248,1556.9939502782825,11540.404037481017,5488.164533699513,20530495.61476618,8545038.977101974,0.5443364464095085,0.3880052966745343,1.0099602144867612,5.2227368922963535e-06
19646,2023-10-16,18366197,1697498603,31800826.43742451,55811850.0598751,5581.1850059875103123014609961587,5581.1850059875103123014609961587,0.00017550440133905904,1829.42176333216,1600.5411843674003,12708.895434474596,5342.503289013224,23249929.895740554,8550896.541683957,0.5125480845302637,0.4243421801017757,1.0101858429578157,9.128878019071252e-06
19647,2023-10-17,18373496,1697586803,31454710.40807637,31545168.024567258,3154.516802456725845773704938771,3154.516802456725845773704938771,0.00010028758050961952,1786.6884371658932,1563.2082007774982,13826.581001807272,4318.630111620437,24703792.40146666,6750918.006609707,0.5156558269687025,0.4208169579021064,1.010192222093021,2.660206192817149e-05
19648,2023-10-18,18380656,1697673419,30484308.038533628,23629377.734445207,2362.9377734445205948013562668412,2362.9377734445205948013562668412,7.75132494546917e-05,1784.4004176879864,1561.343136112089,14605.111925863383,2832.7791087978326,26061367.820890408,4422940.217643216,0.5233596292687115,0.4120278849051072,1.010156421209191,1.554409569415327e-05
19649,2023-10-19,18387806,1697759855,29299922.457282774,12469090.07427181,1246.9090074271809373991808134921,1246.9090074271809373991808134921,4.255673404068173e-05,1793.1960240318851,1568.635466291635,11920.96965871002,5051.069692699501,21376635.394603547,7923287.062679226,0.5007726645387434,0.4378491159944883,1.0103095787192165,4.088650977562836e-06
19650,2023-10-20,18394952,1697846135,30109633.10736985,86533739.7461981,8653.3739746198109713951871251992,8653.3739746198109713951871251992,0.00028739553031955576,1836.3953073419418,1606.4600630522673,12321.625182509726,4657.606258300897,22627374.663987156,7482258.443382693,0.5025469361364133,0.4358388964552461,1.0103161937535816,1.7842771232734478e-05
19651,2023-10-21,18402017,1697931551,30353531.45465451,19405564.210461535,1940.5564210461535188271096781664,1940.5564210461535188271096781664,6.393181709170061e-05,1865.573785283631,1631.9049169482978,11391.147660062687,5577.84029033291,21251026.458907917,9102504.995746596,0.4983648261321536,0.4406307335401396,1.0103542207504144,1.0909342531340016e-05
19652,2023-10-22,18409223,1698018695,30079080.31505582,16356582.079385037,1635.6582079385035898764684477034,1635.6582079385035898764684477034,5.437859770997683e-05,1902.4870592281598,1663.703280300797,10836.564425342005,5687.706961568036,20616423.585705403,9462656.72935042,0.4720129816120794,0.4707674154006335,1.0105261950980706,7.0835337591113046e-06
19653,2023-10-23,18416267,1698103931,32121826.000351295,32044060.930141907,3204.4060930141907605459901324191,3204.4060930141907605459901324191,9.975790582326006e-05,2017.794117326352,1764.3142167875094,10061.404613755976,6699.477250824559,20301843.041677028,11819982.958674267,0.4637552514393723,0.4802420305626771,1.010607346849361,3.0925266223391645e-05
19654,2023-10-24,18423517,1698191615,33374337.139968958,52511639.2003985,5251.1639200398497576345483424703,5251.1639200398497576345483424703,0.00015734136974816733,2042.4859307449894,1786.1586745932666,14352.868988541053,2272.3648367757914,29315532.974921167,4058804.165047792,0.4734413805340525,0.4692207817579938,1.0106045015656,5.493347899410139e-05
19655,2023-10-25,18430543,1698276791,32870890.94891112,34453103.476360485,3445.3103476360481731258072504432,3445.3103476360481731258072504432,0.00010481341540120858,2042.2258655150456,1785.6249433105818,11619.210595164404,5119.68572619218,23729052.41431121,9141838.534599906,0.4582270828368709,0.4866384974603294,1.0107144844890246,1.8365292218547324e-05
19656,2023-10-26,18437756,1698363971,33007820.953580186,42065642.382622436,4206.5642382622437473126780626537,4206.5642382622437473126780626537,0.0001274414401416577,2065.0078878444206,1805.5578391545257,12852.667196251152,3581.6973974705575,26540859.140097857,6466961.813482328,0.4588677838405525,0.4859215571704137,1.0107265681210205,1.5661395194488392e-05
19657,2023-10-27,18444981,1698451187,32076155.249343477,26821826.05144206,2682.1826051442059369544661979048,2682.1826051442059369544661979048,8.361920511652043e-05,2035.1497694646157,1778.8070519579423,9388.53879772886,7290.882204037175,19107082.569807485,12969072.679535992,0.4270974699391706,0.5222841167669947,1.0109286074345134,2.0265970144928147e-05
19658,2023-10-28,18451976,1698535775,32616611.533836804,3941211.2117173024,394.1211211717302232222829408527,394.1211211717302232222829408527,1.208344774756461e-05,2033.1579897932386,1776.8070108054005,11031.82992720113,5733.407350013763,22429453.15852914,10187158.375307666,0.4139301901758909,0.5373534217710856,1.01100348200782,3.394377667609305e-06
19659,2023-10-29,18459245,1698623723,33630876.487449646,9600156.248657845,960.0156248657845133164752052239,960.0156248657845133164752052239,2.8545661758891197e-05,2059.3470877960826,1799.3356980886404,11940.97524299056,5024.223053516373,24590612.592097726,9040263.89535192,0.3962382834028313,0.5576054674392079,1.0111015932702452,5.553979029793155e-06
19660,2023-10-30,18466385,1698710135,33801168.10300625,29704492.099420294,2970.4492099420293591010130425468,2970.4492099420293591010130425468,8.788007564974773e-05,2072.155989908504,1810.4269078542716,11140.375874370695,5919.36159289533,23084596.597909424,10716571.505096829,0.3912818828648436,0.5632873431197519,1.0111359001195643,8.998956675165815e-06
19661,2023-10-31,18473507,1698796379,33519984.121687066,71870296.05182941,7187.0296051829406651864358760791,7187.0296051829406651864358760791,0.00021441029265085513,2070.391969920541,1810.7892183104439,13083.126618793345,3552.4752211004175,27087200.29300342,6432783.828683645,0.6781057086963723,0.2350128037930821,1.01104966309695,3.138904115185248e-05
19662,2023-11-01,18480580,1698881843,33634383.27685963,53660999.85510673,5366.0999855106724101057270318543,5366.0999855106724101057270318543,0.00015954209540100398,2112.6666866821224,1845.8142168906375,13673.000429210635,2572.2473690087904,28886492.51378367,4747890.763075963,0.6662146811058345,0.2486378511183126,1.011168696512696,1.564625596550684e-05
19663,2023-11-02,18487811,1698969443,32663304.000263438,99332874.98012863,9933.2874980128626220907710691744,9933.2874980128626220907710691744,0.0003041115343975229,2058.873540195463,1798.3599292999504,6467.3102347317,10758.652796089946,13315373.918524409,19347930.081739027,0.6436435026166902,0.274490817827394,1.0113748916393928,1.5162360877507552e-05
19664,2023-11-03,18494882,1699055027,24938646.72228664,43950573.771378875,4395.0573771378871675425676543373,4395.0573771378871675425676543373,0.0001762347983866424,2097.394429459632,1831.7009507235841,5889.2816265095225,6871.482072635555,12352146.476960035,12586500.245326608,0.62902137936739,0.2912391590795612,1.0115016663289769,6.548017031482445e-06
19665,2023-11-04,18501880,1699139759,24887721.708004285,16463116.578260483,1646.3116578260482758229395879134,1646.3116578260482758229395879134,6.61495526646205e-05,2134.089700016031,1863.4503984611142,5930.067594687067,6564.3955663567085,12655296.174220508,12232425.533783779,0.6134657761123921,0.3091954586960688,1.0117698942027784,0.0001411141746068
19666,2023-11-05,18509128,1699227551,23495799.42468419,23169508.58843143,2316.9508588431427641620090689097,2316.9508588431427641620090689097,9.861128012562975e-05,2176.9347934578172,1900.9384497339827,8265.044215259204,2895.0632798180854,17992462.32166502,5503337.10301917,0.6199102615996871,0.3018244905164833,1.011727964189442,9.231458586222985e-06
19667,2023-11-06,18516274,1699314023,22716749.443235993,19643941.241997566,1964.3941241997565392061831668853,1964.3941241997565392061831668853,8.647338075847217e-05,2176.851431245205,1900.4290990702616,6006.985790394308,5072.766899150768,13076315.615289457,9640433.827946538,0.5978627787169316,0.3270854698307697,1.0119110610254929,9.581056378271668e-06
19668,2023-11-07,18523496,1699401287,23939597.354564145,35430174.90543761,3543.0174905437612779901207399598,3543.0174905437612779901207399598,0.00014799820724086974,2156.8802615965474,1883.2369036581654,9555.882999374759,1767.5428538070564,20610895.423477426,3328701.931086718,0.6096361655703405,0.3136155148070924,1.011834381235455,1.4872369757057411e-05
19669,2023-11-08,18530662,1699487831,23411542.53763522,13887641.72800699,1388.7641728006990760952299260773,1388.7641728006990760952299260773,5.931963562709256e-05,2167.110657372465,1891.5993777581252,5981.610965805367,5523.754019080917,12962812.872252813,10448729.665382406,0.5828655614606358,0.3442844434484447,1.0120443787287536,3.7697879489151376e-06
19670,2023-11-09,18537821,1699574339,26309525.187630765,59918733.5559691,5991.8733555969093235873490744504,5991.8733555969093235873490744504,0.00022774540068149713,2434.857953305408,2125.2995448105867,6031.065244020332,5469.69392606729,14684787.176306725,11624738.01132404,0.5829751090165093,0.3442082923878045,1.012093119875639,4.876471444625885e-05
19671,2023-11-10,18544961,1699660571,25668776.098207757,58420000.64834359,5842.0000648343591761782029321821,5842.0000648343591761782029321821,0.00022759168736690406,2386.1905743408774,2083.00454232219,6634.925316612079,4722.303598669193,15832196.251955405,9836579.846252352,0.5870292661411136,0.3395805471677015,1.0120793460956008,1.6589403019962035e-05
19672,2023-11-11,18552033,1699746119,25690116.573566567,71622935.57590517,7162.2935575905168176449394894218,7162.2935575905168176449394894218,0.00027879568148632086,2339.83513628737,2041.9137503523261,7144.06602219764,4394.984791753967,16715936.694694785,8974179.87887178,0.5633273025000349,0.3667609151501181,1.0122794234455188,2.3558755194441616e-05
19673,2023-11-12,18559230,1699833155,25666185.428843845,24113373.431188077,2411.3373431188077785500213712156,2411.3373431188077785500213712156,9.394996969081855e-05,2337.376924872542,2039.7611373402794,7259.07174846697,4264.714367156697,16967186.80086087,8698998.627982974,0.563196606388911,0.3669174331657127,1.0122871548868029,6.670903659244942e-06
19674,2023-11-13,18566418,1699919999,26790947.93424859,53737353.71536348,5373.7353715363482958679766500428,5373.7353715363482958679766500428,0.00020058026258439168,2365.055755584816,2062.5772418342763,10068.031870264396,1444.5477006323997,23811456.72218017,2979491.212068421,0.5621596556167144,0.3681294295614398,1.0123185328633182,2.3454168257552865e-05
19675,2023-11-14,18573508,1700005535,28430616.43584267,45008022.90469833,4500.8022904698326067448929893321,4500.8022904698326067448929893321,0.00015830829066356932,2271.6698634473755,1982.0571490969903,8547.60080901697,4547.441670552636,19417327.162622258,9013289.273220414,0.5467821206169494,0.3857643704175173,1.0124407828703754,1.1864860157473345e-05
19676,2023-11-15,18580719,1700092715,29608715.38504182,52101427.71445868,5210.142771445867958776062204409,5210.142771445867958776062204409,0.00017596652552099597,2356.2063495032085,2055.5910871192796,6987.670163226399,6394.424776687571,16464392.806828164,13144322.578213658,0.5331954043581212,0.4013664480446564,1.0125646411630569,2.855689503933334e-05
19677,2023-11-16,18587815,1700178395,29794328.024518155,40846628.72847145,4084.6628728471448886938882685991,4084.6628728471448886938882685991,0.0001370953179237948,2246.5511671957424,1959.1855750486886,7080.616117705289,7088.333947373631,15906966.403695803,13887361.62082235,0.5045221562353851,0.4342637740877679,1.0127811620276932,2.3762325997767064e-05
19678,2023-11-17,18594879,1700263763,29069825.364646275,58315747.88936435,5831.5747889364346421725604871098,5831.5747889364346421725604871098,0.0002006057730236177,2248.3734437001967,1960.8320158776216,9388.671774662469,4059.799620986205,21109240.28976869,7960585.074877584,0.5059989761360296,0.4325847065844555,1.0127858927363171,1.4153824077212109e-05
19679,2023-11-18,18602058,1700350955,29488484.466069207,16291727.111557683,1629.1727111557682160469625823049,1629.1727111557682160469625823049,5.5247759952884945e-05,2246.213034420436,1958.4872577276526,7209.6066552262855,6787.979840869758,16194312.442013606,13294172.0240556,0.4853684689885696,0.4562503182199664,1.0129251860033537,6.902378051121261e-06
19680,2023-11-19,18609274,1700438291,37203997.311901584,20156934.08949479,2015.6934089494789600321356556098,2015.6934089494789600321356556098,5.417948485617854e-05,2305.0104093362183,2009.5509525125883,9133.347900833056,8037.385321430967,21052461.98350929,16151535.328392295,0.4763354896044567,0.4666141413544695,1.012984658575433,3.222008125414177e-06
19681,2023-11-20,18616414,1700524607,30253939.507045407,13197447.027906638,1319.7447027906637322807406106335,1319.7447027906637322807406106335,4.3622243063034066e-05,2323.442415267043,2025.4863589156562,7641.046123336433,6171.559137907906,17753530.65997168,12500408.847073728,0.4708648585398874,0.4728920713492808,1.013020958077285,2.7295331992416294e-06
19682,2023-11-21,18623571,1700611175,29019600.8141736,39168048.14186575,3916.8048141865755992247380534667,3916.8048141865755992247380534667,0.0001349710093969849,2228.3323783576793,1942.634378804275,7967.716255713055,5798.765234935828,17754720.114172217,11264880.700001387,0.4733452366522006,0.4700626145324726,1.0130215939523208,1.5541958790610266e-05
19683,2023-11-22,18630696,1700697371,34830380.70495419,50645898.14620115,5064.58981462011462956925371698,5064.58981462011462956925371698,0.00014540724827333682,2366.6514210244063,2063.0392996975497,10751.360135610596,4549.432947516898,25444721.74288797,9385658.96206622,0.4643654789362781,0.4803974373443913,1.0131100836207838,3.34743218624034e-05
19684,2023-11-23,18637846,1700783831,35508287.48765535,47284796.32570986,4728.4796325709857856623479609066,4728.4796325709857856623479609066,0.00013316552182965366,2371.055562143819,2066.8470045767913,12082.51813744908,3319.0485981606494,28648321.834502216,6859965.653153136,0.4645485704613293,0.4802007859532357,1.013122408064067,1.3214826304119852e-05
19685,2023-11-24,18644962,1700870015,42790631.62763202,25352213.551236268,2535.2213551236267585447202918814,2535.2213551236267585447202918814,5.924711224609523e-05,2381.579189331391,2075.618472853693,11993.694648079969,6854.197067830928,28563933.57706253,14226698.050569491,0.4472790572647364,0.5000208498310297,1.013231197056354,6.774683330990072e-06
19686,2023-11-25,18652078,1700956055,43479223.6214581,28469737.056124687,2846.9737056124687140867060380184,2846.9737056124687140867060380184,6.547894530958034e-05,2387.6552876088244,2080.8152078656653,8548.604279491112,11086.08939643283,20411120.209602375,23068103.411855724,0.4327700484566088,0.5166725398058604,1.0133164727441135,2.579817742320856e-06
19687,2023-11-26,18659039,1701040343,36132147.594223,16452598.840900654,1645.2598840900653683594075616846,1645.2598840900653683594075616846,4.55345168675531e-05,2375.8933539405703,2070.098529017894,8159.725677128886,8089.233122588976,19386638.006268736,16745509.587954266,0.4222784775250777,0.5287219297136552,1.0133831978196728,8.508755804825796e-06
19688,2023-11-27,18666408,1701129575,35401040.944815695,42038631.312846534,4203.8631312846534553556324618172,4203.8631312846534553556324618172,0.0001187497039377394,2322.4985866171305,2023.531351168504,10696.360770085415,5217.985957197137,24842282.770470295,10558758.174345402,0.4207945325099282,0.530442675618712,1.0134089034669769,1.733276215243329e-05
19689,2023-11-28,18673517,1701215543,34269971.71114761,28783271.89298495,2878.3271892984949745297962400101,2878.3271892984949745297962400101,8.398977430034499e-05,2354.4127345883685,2051.0110356619707,9238.925232472657,6103.198994179981,21752243.221243422,12517728.489904182,0.4069414175436382,0.5463513345741396,1.0134907041652117,7.426312632619059e-06
19690,2023-11-29,18680585,1701300959,35659455.5853817,15381073.5633351,1538.1073563335100718142487697369,1538.1073563335100718142487697369,4.3133225986883675e-05,2326.588062625937,2026.4307218872957,9172.891724257248,7065.583365529366,21341540.385417156,14317915.199964542,0.3913491622672326,0.5642566475092763,1.0135762956791443,4.888421128557141e-06
19691,2023-11-30,18687797,1701388163,34166112.291561134,18406156.08447795,1840.6156084477951614689007929438,1840.6156084477951614689007929438,5.387255045996025e-05,2351.1002638260557,2047.912265087631,12573.406593113554,2248.5205112546914,29561339.55826154,4604772.733299593,0.6735557571337103,0.2402287478013735,1.0135027924227713,3.596279539275216e-06
19692,2023-12-01,18694990,1701475067,34916472.24339614,39096941.771683924,3909.6941771683924094807108129744,3909.6941771683924094807108129744,0.0001119727717598345,2399.789116886364,2089.8840479363666,7834.555548536715,7711.045556947921,18801281.141020082,16115191.102376053,0.6564966346146723,0.2598208367935236,1.0136552968058987,5.4459199687606485e-06
