day,blockNumber,timestamp,totalValueLockedUSD,dailyVolumeUSD,dailySupplySideRevenueUSD,dailyLPFeeROIAverage,token0BalancePostion,token1BalancePostion,token0PriceUSD,token1PriceUSD,positionValueETH,dailyLPFeeROIPosition
19071,26150658,1647783744,2.4628231016101355464597,0,0,0.0,0.7422198975975727,0.2615555994081288,1.48195,0.0,1.0,0.0
19073,26208496,1647911619,0.00296784454483794512374,0,0,0.0,0.748490270028244,0.2553189940471195,1.46833,0.0,0.9995552177841509,0.0
19078,26438870,1648422130,1.26341072043901482947756,0,0,0.0,0.7558080823242993,0.2480453186598782,1.68002,0.0,0.9990319155374896,0.0
19079,26440759,1648426280,2.83718296379621495215406,0,0,0.0,0.7422198975975728,0.26155559940812884,1.68677,0.0,1.0000000000000002,0.0
19081,26549291,1648666621,0.01637238093492741794842,0,0,0.0,0.7474450773258866,0.2563582983555011,1.70242,0.0,0.9996295894426095,0.0
19085,26703748,1649006953,3.57688083762948558225042,0,0,0.0,0.7599908393787933,0.24389007553044537,1.67499,0.0,0.9987307650583939,0.0
19086,26742768,1649094944,0.00000000000000000647164,0,0,0.0,0.7599908393787933,0.24389007553044537,1.61791,0.0,0.9987307650583939,0.0
19104,27453834,1650656715,87.79570115883244595422812,0,0,0.0,0.792435585059511,0.21171510212118477,1.41642,0.0,0.9963446687267365,0.0
19105,27498124,1650757630,201.4171910066462389470021503385557,0,0,0.0,0.8417220224365792,0.1630287108146968,1.3660283088229337,0.0,0.9925514729645679,0.0
19106,27526736,1650820434,229.9478536455692686392898714557146,0,0,0.0,0.8123459442627337,0.192019591909665,1.3374532118217493,0.0,0.9948366613880519,0.0
19107,27575863,1650929419,349.97191097425030039098708,0,0,0.0,0.8827072953340285,0.12271612868018623,1.35324,0.0,0.9892442666181873,0.0
19108,27606072,1650995385,240.5590300844974108792310134833256,89.8017285142735673114732190264284,0.0449008642571367836557366095132142,0.00018665216700185878,0.859577572747084,0.14544689502600747,1.2689535210379472,0.0,0.9911276151880838,1.4179448387665506e-05
19109,27641758,1651073236,0.00000000000000002009040327854331854111508797919854,172.5139735405007908826526205782528,0.0862569867702503954413263102891264,4293442275614916.5,0.8113090627679655,0.19305846875084107,1.2556502049089575,0.0,0.994930998662035,0.0
19146,29124750,1654280670,49.00591452507622537614264273922068,9.2854233796171001330573419674787,0.0046427116898085500665286709837393,9.47377828737975e-05,0.8764090926687389,0.12891477711787683,0.5820095972220227,0.0,0.9897764885510749,1.6272051415048935e-05
19147,29161791,1654360954,62.01493494304848304071507390097383,12.1121127909420179997907132489496,0.0060560563954710089998953566244748,9.765480526638622e-05,0.8564515700300274,0.14855300617700193,0.5926615532524753,0.0,0.991411068789027,2.1330204856725703e-05
19148,29193969,1654428422,60.73508624326669919149265810606873,12.658265690836739978500523374637,0.0063291328454183699892502616873185,0.00010420883935305253,0.8186797477697005,0.18581346458273057,0.5863597267887637,0.0,0.9944047655241957,2.357164948449849e-05
19149,29247020,1654543991,65.09146349671065915581919060483115,40.4869583452990829394485965807498,0.0202434791726495414697242982903749,0.00031100052272864517,0.8743594261255703,0.13098883915938603,0.6232532473515289,0.0,0.9900090231320657,6.641478784347231e-05
19150,29283468,1654622833,62.25771703621615242045938771329508,0.5984286923532602370673844215039,0.000299214346176630118533692210752,4.806060363610396e-06,0.8838845461648268,0.1217007576883563,0.6018499944053571,0.0,0.9892978089010449,1.005684216660281e-06
19151,29327132,1654716357,66.28491419781444819498846377692108,3.1808113498391939473199709898657,0.0015904056749195969736599854949328,2.399347866957088e-05,0.8260976577290297,0.17857998682397738,0.6101116372848732,0.0,0.9939268740499702,5.641968762877125e-06
19152,29367942,1654804399,62.68559646254317533369250977152195,35.120176938853548684050079373745,0.0175600884694267743420250396868725,0.0002801295586286642,0.8082726668944119,0.19619357590786446,0.633198422025565,0.0,0.995304712406024,6.134722090955093e-05
19153,29383516,1654838836,65.39772860166009376237330672837324,43.0738652706997938043830186509957,0.0215369326353498969021915093254979,0.0003293223342133505,0.8797362564727325,0.12584069991987748,0.652825437488986,0.0,0.9897113645954373,6.705433236198293e-05
19154,29423785,1654925599,70.72633106228438645612586122899109,30.6996057326607590731979421469953,0.0153498028663303795365989710734977,0.000217030950648532,0.896634985398625,0.10932631821366331,0.6019740883555258,0.0,0.9883834052132974,4.8093746543876185e-05
19156,29507585,1655102962,51.87023134885185409060757271873217,0.893333826416797106248768298465,0.0004466669132083985531243841492325,8.611238114677997e-06,0.8063183515361726,0.1983016238480519,0.44908732110655897,0.0,0.995640040337914,2.2059161699238567e-06
19157,29566548,1655229656,36.78378799454718555013348670715959,53.0424562371692921657417847917114,0.0265212281185846460828708923958557,0.000721003180056283,0.8042233552572753,0.20037569187845447,0.41160285117609574,0.0,0.9958015052817922,0.00014327885181037665
19158,29612555,1655327663,42.0672836041463283522866393548542,69.9945671275823485139133067581764,0.0349972835637911742569566533790883,0.0008319359028055166,0.8526244102021149,0.15275649277404002,0.4135702791621773,0.0,0.9921838268359449,0.00017751415567342227
19159,29643975,1655398301,36.33724524006810498520156159264507,4.2510306229189153756299178699871,0.0021255153114594576878149589349935,5.849412352028571e-05,0.8548780401778739,0.1507140785214726,0.39902991448947506,0.0,0.9921918564929364,1.1146472424922353e-05
19160,29677352,1655471050,36.43915762318149878880279336322548,0.5731932180784563627073672457058,0.0002865966090392281813536836228529,7.865072294012197e-06,0.8769744210295862,0.12899793369423673,0.3938546418447212,0.0,0.9904149446380308,1.4843482959945673e-06
19161,29727457,1655584217,33.85153433356921525163828131312412,3.9367030671912115048661948098573,0.0019683515335956057524330974049286,5.8146597262023376e-05,0.8801328855095996,0.12589743519165997,0.32333610112790206,0.0,0.9901575759030056,1.2373385029386388e-05
19162,29747757,1655628942,53.63596606553040385141744001239045,18.4321386315066814640233105580856,0.0092160693157533407320116552790429,0.00017182629477566403,0.8748820357887876,0.13106713194273448,0.3353788337461835,0.0,0.9906007572252794,5.618938345997331e-05
19163,29797487,1655743093,46.65222713440008186389197883619428,27.9137134897268451873144976930444,0.0139568567448634225936572488465222,0.0002991680698255886,0.9402735040687039,0.06707720345073838,0.3997561961200312,0.0,0.9851456879036209,6.642878425443718e-05
19164,29829645,1655817952,641.164412602561900610365132784236,552.6902797277846427020399246815121,0.2763451398638923213510199623407559,0.00043100511262341405,0.9403359652944459,0.0670816593078148,0.4338663741830146,0.0,0.9852111299339819,2.2398522249024115e-05
19165,29881681,1655933150,478.7035233926292166985656993928998,752.730632413512346919243942687766,0.3763653162067561734596219713438831,0.0007862179779655894,0.9108198909445946,0.09596316606790475,0.4529499732493725,0.0,0.9877670326260649,3.0167766093596388e-05
19166,29919566,1656017434,731.2829714142014001390879931950358,1080.729287501631843780882340078266,0.5403646437508159218904411700391334,0.0007389268790244419,0.9203372251235045,0.08667851287902086,0.5400865596115819,0.0,0.9869904065867391,3.595058577023639e-05
19167,29946174,1656077213,735.8365618696120248063412827419109,1398.38995230775633608072481881762,0.69919497615387816804036240940881,0.0009502041790059534,0.914043038682611,0.09287308602386027,0.5979487268274267,0.0,0.9875643734730719,4.2307048176113306e-05
19168,29995829,1656194420,75.1680896230897003857411379658651,31.417929120395308139790108706631,0.015708964560197654069895054353315,0.00020898448582325373,0.9151361674646166,0.09184493306068969,0.6038523877751253,0.0,0.9875166388388357,4.810524326084425e-05
19169,30028763,1656266443,75.20993139448163089958218375051107,2.52716485586709011506795982722,0.00126358242793354505753397991361,1.6800739004879052e-05,0.9299488541637814,0.07740492322541077,0.583916411506374,0.0,0.9863009758005061,3.938003398098463e-06
19171,30092415,1656408341,71.7651475306088691140561058454501,5.197409502942401970563549447646,0.002598704751471200985281774723823,3.6211236803530794e-05,0.9394521550762208,0.06812482533777171,0.5465337355441774,0.0,0.9854830840103643,8.565431836204345e-06
19173,30190515,1656625632,63.37224355549244809432565367574364,4.262939943706338707914922453373,0.002131469971853169353957461226686,3.363412516690733e-05,0.9521331467090474,0.05575792681755945,0.4501520531896873,0.0,0.9843839830780877,8.416082480435998e-06
19174,30223889,1656702247,77.32185555320628080301970353267623,19.101384741629618166344065064546,0.009550692370814809083172032532273,0.00012351866496844273,0.7454057296074859,0.25680861647280967,0.4610185199624565,0.0,0.9818509603844782,4.933760514522753e-05
19175,30249971,1656761361,79.53377881390401236049183467143712,5.772147523837979151067471074261,0.00288607376191898957553373553713,3.628739643657481e-05,0.7590896887474193,0.24355555019980837,0.4681155366264551,0.0,0.9809488410041048,1.4419062111598e-05
19176,30300301,1656875335,78.2704312105485704281249,2.449839103015082022332385110457,0.001224919551507541011166192555229,1.5649837781172946e-05,0.7559504515105131,0.2466196647543924,0.46105,0.0,0.9811837695643395,6.239477246322573e-06
19177,30328387,1656939475,80.9482030725436439899189,0.47081902447825019,0.000235409512239125095,2.9081499440840867e-06,0.7559551682461547,0.24662120353217915,0.47405,0.0,0.9811898916381443,1.1662415808069334e-06
19179,30414383,1657133130,80.68700906203666079038844512937268,30.802078634030762395418984793831,0.015401039317015381197709492396916,0.0001908738407340667,0.6993330672333715,0.30179132173164713,0.5185072005761087,0.0,0.9850190890680256,7.540434743276398e-05
19180,30461282,1657235846,87.3509055553310342319225698507008,262.204080180402186756775453493735,0.13110204009020109337838772674687,0.0015008664106768372,0.7560130522451335,0.24664008748468463,0.5589328835550252,0.0,0.9812650220123667,0.0005508564687076934
19181,30499604,1657318591,100.656377828251571410886028799237,111.128159722789847769533912016797,0.0555640798613949238847669560084,0.0005520174782784559,0.7564295069253902,0.2467759507723182,0.6024729433372485,0.0,0.9818055581972587,0.00021659341261176402
19182,30537871,1657402825,97.45910134767484107253458209554695,21.866381496150841705914538846624,0.010933190748075420852957269423312,0.00011218234722965935,0.7492385062066544,0.2539786675411139,0.5936875269976489,0.0,0.9825304948398621,4.3673710679400264e-05
19183,30563697,1657457403,93.48927750834625404911061725585558,0.28388768530448627176552604128,0.00014194384265224313588276302064,1.5182900802669172e-06,0.7545246509690736,0.24888266229580838,0.5677753706089725,0.0,0.9822079464805911,5.887578681079923e-07
19184,30606301,1657550463,96.21019061380020507284979151346406,1.733422097116095641683761303967,0.000866711048558047820841880651984,9.008516073283077e-06,0.7534743049695795,0.24990412678168392,0.5737725618182211,0.0,0.9822818062702234,3.5623494074879854e-06
19185,30636065,1657616235,95.59299822171204365504045976745282,0.588051721968976249345020728742,0.000294025860984488124672510364371,3.075809593319211e-06,0.7534769891083234,0.2499050170275019,0.5735987744383114,0.0,0.9822853055012339,1.2088690904583444e-06
19186,30696499,1657755832,750.9908670525851854113820069544409,1836.041915135311831732661236490808,0.918020957567655915866330618245402,0.0012224129451408829,0.7745037901714397,0.2294885615157455,0.6387816142389613,0.0,0.9808028619482818,0.0003206921947471611
19187,30731693,1657842449,920.7899447106989721892320044516371,2981.439880453248523235935857606874,1.490719940226624261617967928803442,0.001618957666501224,0.7779088768157315,0.22650042198025389,0.7126370866915611,0.0,0.9808915170813681,0.0005149769232263148
19188,30767935,1657927398,988.35022763842188809713442,2758.755798118386312542196284798399,1.3793778990591931562710981423992,0.0013956367494902069,0.7951619380857817,0.2102871611493159,0.70837,0.0,0.9801769740730673,0.0004692237307853566
19189,30803368,1658015373,880.61921215418940626197408,1927.2973848869827269176283,0.96364869244349136345881415,0.0010942853382521526,0.753409413430043,0.2512542653213632,0.72812,0.0,0.9836421016375432,0.0003039926357389994
19190,30838438,1658096274,1047.92091910142133186257848,1608.5502192692962069433602,0.8042751096346481034716801,0.0007674959960951096,0.7862883860005552,0.21964085431713032,0.76328,0.0,0.9816245801932191,0.00023375395783888696
19191,30877816,1658187951,1176.02262908331702578258878,5031.02172424160620882980667906582,2.515510862120803104414903339532897,0.002138998689235756,0.7790934682051075,0.22684533442124072,0.95999,0.0,0.9823852082830971,0.000645088968571096
19192,30915480,1658274669,1329.50725039590405902003623,8599.83129069087866897686024,4.29991564534543933448843012,0.0032342175223677794,0.7964763666148263,0.21063477266172287,0.92351,0.0,0.9817972384701985,0.0011219543804569883
19193,30955200,1658360525,1279.66884537254269831861836,3870.38703196247305601330398,1.93519351598123652800665199,0.0015122611783346613,0.8111105773255378,0.19757584774458564,0.84342,0.0,0.9818871977281896,0.0005435220712530587
19194,30991554,1658445045,1207.71926722046476557294418,4385.60560036730314756711434318455,2.19280280018365157378355717159227,0.001815656054929331,0.7787823232380736,0.22941879790990943,0.90349,0.0,0.9848079885350651,0.0005449852825528929
19195,31024134,1658521998,1253.72525469338053755167808,9233.72626337869893760923076,4.61686313168934946880461538,0.0036825158577654085,0.8405915440447185,0.1701753237438175,0.85368,0.0,0.980802044621943,0.0012375313930793929
19196,31065460,1658619204,1230.4152978475242951604976,3517.60948926262669996019688,1.75880474463131334998009844,0.0014294399197637968,0.7558479788433494,0.25344748484124574,0.88048,0.0,0.9882793217240828,0.0004629798073613289
19197,31103188,1658706566,982.80275806858010799443175,5217.90197594658656890507941,2.608950987973293284452539705,0.002654602835161397,0.7646588599135506,0.24534243067998224,0.88281,0.0,0.9881457138924519,0.0006046566762719699
19198,31137914,1658792820,1595.78431223665060942343408,11203.79897871429125757175569,5.601899489357145628785877845,0.003510436495960739,0.7820634875061414,0.22904591376528916,0.79496,0.0,0.9875418591601884,0.0006729291577323962
19199,31175376,1658879401,4103.985673493452024193002280743998,17987.18597869332585602803442,8.99359298934666292801401721,0.0021914289436812317,0.7730516513075137,0.2384548868462881,0.77797,0.7957285328031708,0.9888856184937319,0.0005988527151518558
19200,31215917,1658966025,4594.618143308325163435521448561122,43946.18953876647411134471141000004,21.973094769383237055672355705,0.0047823549387635625,0.8042822906018381,0.20877358474879162,0.89558,0.9185971625612092,0.9872603144622226,0.0010213045877299463
19201,31254349,1659051365,4852.08170020602544918880052840965,106967.46725287524500168409465,53.48373362643762250084204732500003,0.011022842757195665,0.8082923730003698,0.20590087319050857,0.93337,0.9658730799683022,0.9880344073271583,0.0022481888399804727
19202,31294144,1659138985,6894.319933563430831424301232604314,182100.51321483647265409989652,91.05025660741823632704994826,0.013206560978431061,0.7920061777574795,0.22389618022436514,0.93914,0.9714941226500212,0.9915744700098954,0.002164019478317467
19203,31333207,1659225565,16932.85468299316931386541794543961,164730.5068342653148428481458954164,82.3652534171326574214240729477083,0.004864227264635877,0.7958537137104155,0.22231282148264248,0.92965,0.9569058127037414,0.9935662048754328,0.0006162613699821338
19204,31372159,1659311567,17432.8095032390687150851211710042,340172.4051628408160519009827285985,170.0862025814204080259504913642975,0.00975667189788415,0.7576953946007968,0.2598706810315287,0.9285898122663678,0.9603566724327556,0.9935580871508325,0.0012135875978551206
19205,31412181,1659397634,10052.02493865025654537389046924004,96450.8516683183972525154185666477,48.2254258341591986262577092833246,0.004797583186322129,0.7522079668165664,0.26639186784110835,0.8940165183253498,0.0,0.9952028518750717,0.0004866042661922121
19206,31451538,1659484356,9920.19418597811894075704326,34565.668058461964613204234273629,17.282834029230982306602117136813,0.0017421870686422374,0.7568471642075171,0.2623820678144988,0.88307,0.0,0.9953947007185493,0.0001316941766455585
19207,31489716,1659568915,11281.98740150510195723146716718766,42318.111388932899655648433620513,21.1590556944664498278242168102569,0.0018754723739226717,0.764427925450543,0.255173661945468,0.8817885306537886,0.0,0.9950102827308769,0.00016236500696307466
19208,31528447,1659656999,23681.5708181463600856854937926234,88524.203973869328126356553915881,44.2621019869346640631782769579387,0.0018690526201504405,0.7677595450378124,0.2521112395122789,0.8945670601609194,0.9192725958724876,0.9949494294291934,0.00010031737652392361
19209,31566760,1659743698,25417.56540881307335474647084773277,111013.104139378800365552907912272,55.5065520696894001827764539561377,0.0021837871242555563,0.7656979611937825,0.2542059223011885,0.92549,0.9550644234869182,0.9951976231775908,8.939892585412274e-05
19210,31603681,1659828134,26804.97315088285688235767738870091,82726.451228953011421052473994531,41.3632256144765057105262369972651,0.0015431175917113035,0.7753926741632965,0.24491718259573148,0.9078405313725573,0.944414564920607,0.9946157849722818,5.254939278778564e-05
19211,31638513,1659914970,25734.0402160409094160010249256048,31407.135218507071957104945434919,15.703567609253535978552472717459,0.0006102255019973491,0.7786433054091205,0.2418269989595917,0.90511,0.9396584179813481,0.9944427096051404,0.00010927332086806848
19212,31675926,1660002383,34275.49534912395100126526231761135,122509.68700043232912173606972,61.25484350021616456086803486,0.0017871322610012047,0.7808688149283329,0.239784754142666,0.92192,0.9545625999564759,0.994400651803747,7.746530501216458e-05
19213,31711786,1660085089,42427.83285604900575026560857829287,83599.91269691884778633729904,41.79995634845942389316864952,0.0009852013061869111,0.7991329682628318,0.22222662151760955,0.89042,0.9255142676785868,0.9931809577648625,4.091839795536045e-05
19214,31748010,1660175487,35801.08723611174546206391312525373,151448.36090306573910390071266,75.72418045153286955195035633,0.0021151363351655872,0.7777503228476292,0.2429165915321895,0.93716,0.9655922556425616,0.9947443444702035,0.00021038934334290633
19215,31785993,1660261611,44378.22033486167247799064514583296,187700.73179503831237865661846,93.85036589751915618932830923,0.002114784351183056,0.7864793231460714,0.23469112525110283,0.92015,0.9524906717073967,0.9943490001589166,7.551687786380995e-05
19216,31823249,1660348352,50570.98524457245822778175329761168,174368.650237845142516032457562632,87.1843251189225712580162287813185,0.0017239989432137797,0.7822552789552712,0.23884703373504146,0.9345537589533756,0.9628963418512543,0.9947271942951769,6.389020779064554e-05
19217,31859130,1660431600,59617.49704764338767374042244157715,224463.016161336015498527562068184,112.231508080668007749263781034096,0.0018825263326801202,0.701077322727789,0.31765029648320803,1.0188786578778999,1.0492997821924803,1.0002574521164007,0.008200269847619264
19218,31898453,1660518917,22170.27258133929045310153548165848,142128.141911735916027807155532766,71.064070955867958013903577766376,0.00320537651015092,0.7261941860582835,0.30141449149804506,1.003128475470278,0.0,1.0072052926078092,9.35060923973097e-05
19219,31936758,1660607134,35639.55337059554481317854928718811,178321.675300626829487324201134913,89.16083765031341474366210056746,0.0025017383557863456,0.7391848781111195,0.2888905031166504,0.9518273069446885,0.0,1.00644546592598,0.00011498607155889518
19220,31975607,1660694393,44589.96510926195053332269133620409,244101.689616258536614394326733888,122.050844808129268307197163366939,0.0027371818863069176,0.7543579979102096,0.27428735258052955,0.9355600194056866,0.0,1.0055470124324053,0.0004859890993316366
19221,32011993,1660777924,48774.07558070728213983389567518399,340985.239007714669741774521257796,170.492619503857334870887260628898,0.003495558193035157,0.7698306341618252,0.25978741754651324,0.8798356797390591,0.0,1.005001964874964,0.00020306865486050874
19222,32050816,1660867179,46465.20364998173509852298199060188,297082.23007517158335471114106541,148.541115037585791677355570532688,0.003196824792946844,0.7775454765215882,0.25252590951952525,0.8573655627867837,0.0,1.0046819423819668,0.00017393926546326076
19223,32090565,1660953389,51254.06972578529121962657493896389,232701.592210782663779962438218858,116.350796105391331889981219109423,0.002270079170842051,0.7884850680681211,0.24212350983593825,0.7695853999892046,0.0,1.004099601155698,0.00017770766707171756
19224,32130043,1661039327,38867.30090958158821004803243924673,156658.153287265882151244301301605,78.329076643632941075622150650809,0.0020152949860308728,0.7875443181777999,0.24321112000804562,0.784170185291245,0.0,1.0043541962755163,0.00011700862597959012
19225,32171014,1661126105,38150.86142619102754167420013252755,303253.999371952555312853183475363,151.626999685976277656426591737688,0.003974405662617162,0.7843938033099762,0.2463740068009455,0.8196403974279394,0.0,1.0046996366826122,0.00017503908261814593
19226,32209497,1661212758,62958.34869378054458249533492072687,557995.772054723350657665010368865,278.997886027361675328832505184448,0.004431467657837776,0.7780460982019679,0.25268849800981985,0.8108881867664958,0.8412401624829895,1.0053288055911676,0.00021868907844296978
19227,32247473,1661298963,69367.71306640583310100689816488555,572827.85409069643846374967483354,286.413927045348219231874837416783,0.004128922727655208,0.7814592165971974,0.2496071542046714,0.8311866337092579,0.8654458554000821,1.0053223932796223,0.00024206316218386542
19228,32285185,1661385398,146226.6694780930266325168432277061,721053.956099621322235940282644234,360.526978049810661117970141322129,0.0024655350445755933,0.7805670739545946,0.25071331037411715,0.8139461361161727,0.8440784892261732,1.0056412823286778,9.682738735736213e-05
19229,32323798,1661471328,176090.7924187221224573012633300226,307824.277334833023366979973847289,153.912138667416511683489986923651,0.0008740498952462687,0.7828055279574435,0.24864596512039502,0.8177620152755827,0.8497195111912258,1.005587469238541,3.219246182446129e-05
19230,32359417,1661558332,158375.6026345340441400844844164557,648998.710946300037433332701040918,324.499355473150018716666350520453,0.002048922624919455,0.7849938880495083,0.24656249029109387,0.764663621455353,0.7939107612440169,1.0054682619792967,7.013725077457046e-05
19231,32394166,1661643984,157474.6221139643734749961862506724,432376.449265265068311698264020857,216.188224632632534155849132010444,0.0013728448541770568,0.7818040594205179,0.24971730100945505,0.8076481629802479,0.8388888158802368,1.0057660225888463,5.1383061531710505e-05
19232,32429441,1661730995,163606.2347285579333562014500986534,401595.871316376933699267485032356,200.797935658188466849633742516176,0.0012273244720247731,0.7926629662753594,0.23927303314938447,0.7813232377377868,0.8135891855628192,1.005056803057124,4.499938406936157e-05
19233,32463405,1661817217,169973.6365858748811892639677616187,459107.567609588753912884244896155,229.553783804794376956442122448083,0.0013505258133888198,0.7840428251308579,0.24764943771574402,0.8177488102800197,0.8538856330801374,1.0057115522930316,4.472461082837494e-05
19234,32498761,1661903589,143683.5439601907212734279923138549,570536.558311398444393984068731765,285.268279155699222196992034365884,0.001985392838269192,0.7959810555950521,0.23615811042309864,0.8130514788790573,0.8514543189630629,1.0049168025906918,5.4322175868280435e-05
19235,32534493,1661990389,148467.6206837292034082270299673278,651290.666910313125166715134682725,325.645333455156562583357567341363,0.0021933761176711883,0.7683215523937067,0.2629361216907451,0.83134,0.8659860897297302,1.0052781216909044,6.0519273570129184e-05
19236,32575108,1662075908,173240.1157576556993414440452406553,609282.234230975789955458543883418,304.64111711548789497772927194171,0.0017584906116182007,0.7716134449983362,0.25981684810923283,0.88608,0.9223700639133809,1.0051158186313942,5.202997652952368e-05
19237,32616263,1662162132,171286.5947352591170841576577099011,197786.71098023352754161401249,98.893355490116763770807006245,0.0005773560718103278,0.7727355546123741,0.25878535440639056,0.87057,0.9077204854613491,1.0050935362149593,1.6141600253380106e-05
19238,32658115,1662249281,155902.2205977978019457890522757082,155242.565058258857366592542,77.621282529129428683296271,0.0004978843933812824,0.7716660477515859,0.25983456045164954,0.88941,0.926033771088659,1.0051843398057434,1.6978193602419533e-05
19239,32699812,1662335769,147902.5048557049760409463303724745,30542.04880086588745485654047,15.271024400432943727428270235,0.00010325061374269146,0.7738432001842658,0.2577489310650933,0.89419,0.9321098936472612,1.0050521469079594,3.7259288895277526e-06
19240,32741001,1662421408,100520.2480342192963682062017495448,61109.08134542333664068847471,30.554540672711668320344237355,0.0003039640397853996,0.7760103588751314,0.2556600517078806,0.88563,0.922151684250432,1.0049062439138605,6.287760542397863e-06
19241,32782749,1662508714,91665.6086484594804307795106051849,251158.80283704399502838930861379,125.579401418521997514194654306909,0.0013699729186343265,0.7825094039461438,0.2493933543843821,0.8195349962234713,0.8539400386207034,1.0044612891670357,2.7806049878411068e-05
19242,32823218,1662593335,108356.4318150737160549900953373615,74212.7086100640240900828114994,37.106354305032012045041405749692,0.0003424471781089977,0.7792837457754549,0.2525342935469595,0.84433,0.8798774151536506,1.00471529848781,7.272904416717115e-06
19243,32865602,1662681082,102310.6677358783923301355293698425,149415.53793045446965780936414,74.70776896522723482890468207,0.0007302050765428506,0.8085339187461519,0.22434680010993854,0.8443,0.8817262732945786,1.00265651470122,5.649003264921522e-05
19244,32906447,1662766088,94266.52814337001980179292129544016,36970.16568257030187588504504,18.48508284128515093794252252,0.00019609381193260009,0.8107475458327894,0.22227277047591645,0.88679,0.9276277098257629,1.0025572987622684,4.600939720001741e-05
19245,32948356,1662853759,96062.24432636812810008906697619834,33224.820345294706208853252,16.612410172647353104426626,0.00017293381274965082,0.8129531173693054,0.22019640677110278,0.90557,0.9488199429247854,1.002447176501823,2.9472956418999274e-05
19246,32989560,1662939910,93069.01182967559112009805333168159,12099.82677740134524483857482,6.04991338870067262241928741,6.500459465254173e-05,0.8118928836803113,0.22124619644784987,0.89161,0.9321278367132756,1.0025548968025788,1.1406214917932682e-05
19247,33031059,1663026738,93681.9739894059340211105137456483,21996.14078786743387329774664,10.99807039393371693664887332,0.00011739793607655447,0.8097338945463652,0.22333550000047406,0.92894,0.9712111055325873,1.0027223948168011,1.9864048263773635e-05
19248,33069414,1663106322,89299.65970888541605777574525835926,117604.85661444589351466205989385,58.802428307222946757331029946909,0.0006584843492004039,0.8216782732738254,0.21186500040400535,0.8571383494112276,0.8939947952764403,1.0018791753471925,0.000130986677003477
19249,33114262,1663199131,33542.42229729257836910688574137186,23275.99333826877137400024104699,11.637996669134385687000120523497,0.00034696351283114587,0.8087718384901782,0.22441281655280845,0.86421,0.9021637418681778,1.0029515570931262,2.0090711420637613e-05
19250,33155988,1663285484,32084.99221347462045500531550913152,41699.43310774967778966475281517,20.849716553874838894832376407574,0.0006498276956139842,0.8152942738422254,0.21815622809246887,0.826052167824755,0.8635217374299983,1.002502859973577,3.7620135291726236e-05
19251,33196484,1663370916,32788.58979363619329001490707451998,114842.90484127463449951132303275,57.421452420637317249755661516386,0.0017512632529192217,0.81532494532311,0.2181644351592844,0.8041486235962327,0.8356102620750359,1.0025405742667997,8.344990212157284e-05
19252,33231933,1663444808,33521.63723271067658764761090963087,19559.98197032749884765302503106,9.779990985163749423826512515523,0.0002917515906896205,0.8121392529731059,0.221313333714413,0.8214023214786286,0.8552740434723188,1.0028591225765422,1.3906868374110678e-05
19253,33278761,1663542445,16185.50240633411753225384497712073,37672.86680779518111073274669749,18.836433403897590555366373348749,0.0011637842886190572,0.8121505472867985,0.22131641148981443,0.7622443651794694,0.0,1.0028730692063577,4.3018407373794536e-05
19254,33317310,1663622261,9378.586742116404130625720756310753,13505.90700839447603664077265685,6.752953504197238018320386328423,0.0007200395635167249,0.8143547080524647,0.2192386326766961,0.76609826328062,0.796030324939064,1.0027597078882893,1.9655768702133747e-05
19255,33361998,1663717580,8441.907610859335855424838472126266,9128.19159652285207034383352824,4.564095798261426035171916764124,0.0005406474470758662,0.8143707148202477,0.2192429419805506,0.7339889687999874,0.7627022364905509,1.0027794179011713,1.505919338770923e-05
19256,33402815,1663804375,8061.134229195958654649548461833297,26723.75934100997815837914684388,13.361879670504989079189573421938,0.0016575681896116672,0.8132983021475897,0.22028990348847344,0.7039763008082697,0.7315728499747981,1.0028728215961948,4.6142415331179117e-05
19257,33443451,1663888897,8201.505601815805042422089992854332,7316.00706507915271116772142558,3.6580035325395763555838607128,0.00044601609876724317,0.8155053369072622,0.21821270429208825,0.7502788265222531,0.7808350430616697,1.0027623875246992,1.2671603490613086e-05
19258,33485526,1663977215,8471.073700765943776865332509144286,2938.7860173830804623132895709,1.469393008691540231156644785452,0.00017346006664523288,0.8133461359647741,0.2203028597518066,0.77781,0.8109351907760941,1.002931805163578,4.792999121854643e-06
19259,33523988,1664057539,8251.798887331355161059031772681294,5208.8278158817154549360094716,2.604413907940857727468004735799,0.000315617714816015,0.8176893414892789,0.21612932366295906,0.7575988130703274,0.7901914290891383,1.002622802590658,8.719068377394957e-06
19260,33564598,1664142159,8044.898215223634029333774638504533,2235.0842486091997648821220626,1.117542124304599882441061031305,0.00013891314649448728,0.8144418808773386,0.21926210113674546,0.7394767076224906,0.7685047546752534,1.0028670485784603,3.835995755018704e-06
19261,33605432,1664228397,7677.395581518581168588376040463141,6514.35510458808189465376328344,3.257177552294040947326881641723,0.00042425553271409973,0.809021752125689,0.22448216098367368,0.7475607551480646,0.7761399752545037,1.0032614730149545,1.1944605840588928e-05
19262,33644333,1664312085,7577.038691330115905080197620177083,3058.72257590487794800351998058,1.529361287952438974001759990283,0.0002018415571379333,0.8144547332975008,0.219265561234655,0.7371046389929274,0.7663041228714791,1.0028828744697582,5.679015825830149e-06
19263,33690346,1664407576,11527.48243027706084527673740864666,12506.84760073082063168117693644,6.253423800365410315840588468222,0.0005424795776691641,0.8177140185427401,0.21613584623162166,0.74906,0.778903781724323,1.0026530607525854,1.5136585834492153e-05
19264,33731218,1664493060,11671.60983151345019601032837152467,2939.34794352615994867582920134,1.469673971763079974337914600671,0.00012591870298773588,0.8209815933681163,0.21300857977517862,0.75818,0.7884654973958969,1.0024318564226609,5.329295220726297e-06
19265,33772770,1664580417,11991.61981855481076119123276677578,5422.13825087927668812819583,2.711069125439638344064097915,0.00022608030995485373,0.769996096202945,0.2619853328710772,0.7779,0.8100111287515855,1.00164299087429,6.639762211931087e-05
19266,33807372,1664652292,8759.480225318121719894505312087802,3763.03890467658816007659783,1.881519452338294080038298915,0.00021479807065492428,0.7701862896343421,0.26186668306456024,0.76644,0.7983539807562916,1.0011893595745456,1.0005446461885272e-05
19267,33855608,1664752426,8807.921393296807347422283273208211,2644.20167891714852349684708,1.32210083945857426174842354,0.0001501036147376097,0.7745315796976814,0.2577063714343029,0.76997,0.8021459109438531,1.0009028863483254,6.998089109149211e-06
19268,33894796,1664834355,9134.107130398800222786443921019761,1021.04537195330284474811958,0.51052268597665142237405979,5.589190915854319e-05,0.7712837078435042,0.2608303174754673,0.79846,0.8318013241105677,1.001132405234371,2.605879176251708e-06
19269,33932758,1664912929,9632.802413723054936871961527481569,277.80263858354484992294759,0.138901319291772424961473795,1.4419616776722342e-05,0.7702013926247822,0.26187181814689564,0.83659,0.8714821797291274,1.0012089924264023,6.669173930650545e-07
19270,33980211,1665011911,9457.770657559219987832182348670124,6153.47020057879880895586144,3.07673510028939940447793072,0.0003253129317351639,0.7832173948360406,0.2493855665960662,0.85308,0.8896505719060146,1.0003155421293588,2.6487555108948936e-05
19271,34018923,1665092268,9393.524795464048935624050269103483,1473.02723973427727074557789,0.736513619867138635372788945,7.840652320658021e-05,0.7778139274358171,0.25459407716659677,0.83729,0.8729189447385679,1.000716287504042,2.7679144445394127e-06
19272,34064110,1665186839,9320.349389475035797204094917345283,1752.93796163469639631747632,0.87646898081734819815873816,9.403821082148456e-05,0.7843253165998826,0.2483526346758713,0.83072,0.8660559375731963,1.000269667210421,3.3192328480494316e-06
19273,34103482,1665269310,9114.479787102156702242345576089357,5002.88495278789843071961074,2.50144247639394921535980537,0.0002744470924093468,0.7799881977658855,0.25251469622042705,0.81162,0.8461432089800376,1.0005729679788133,9.685160990411245e-06
19274,34134346,1665334930,9291.037796498164186883466765648219,3668.79090283471987376033838,1.83439545141735993688016919,0.00019743708847129568,0.7778261954098695,0.2545980927202175,0.82661,0.863433690404663,1.0007320711780237,4.378182584680111e-06
19275,34186553,1665443594,5157.1116132173293824221832,2882.22465388016431046460427,1.441112326940082155232302135,0.00027944175635962745,0.7789143568397499,0.2535587014039107,0.82064,0.0,1.0006617942804628,4.641837760641848e-06
19276,34226588,1665527019,6074.648818572638486479024990660114,1485.40254793515912595445701965,0.742701273967579562977228509827,0.00012226242144185254,0.7800027876705562,0.2525194195808015,0.7932458215101539,0.0,1.0005916839853641,2.4552590612938743e-06
19277,34268960,1665615340,6433.7975939390437241409606,11103.04909581263025969510637952,5.55152454790631512984755318976,0.0008628690080546094,0.7800047027794687,0.2525200395813946,0.7882,0.0,1.000594140697163,1.8362298226591813e-05
19278,34305212,1665690850,6237.60075277132163034918568,12043.48447017189953522047975466,6.021742235085949767610239877323,0.0009653939830006806,0.7496640595153169,0.28167780245956436,0.77908,0.0,1.002669149158001,2.0963661471180346e-05
19279,34349624,1665783957,4905.564227776087563522924004544581,13103.69554804049729130395549018,6.551847774020248645651977745089,0.0013355951466138473,0.7778657106278748,0.2546110268425149,0.7843996344330695,0.0,1.0007829104865875,2.277177097203271e-05
19280,34394536,1665878170,4726.73935760658098365647386572345,8938.10915319034718115981208882,4.469054576595173590579906044409,0.0009454836068765408,0.776798647219007,0.2556574548067845,0.7907593127054638,0.0,1.0008802669431467,1.4987092960724541e-05
19281,34432534,1665958540,6098.6897483290234152122392,2898.96161521473264591647845,1.449480807607366322958239225,0.0002376708551217102,0.7833198610791856,0.24941819304470247,0.8024,0.0,1.0004464107441744,1.2107328188994506e-05
19282,34473426,1666044329,4484.56990235841560412892774,7630.71981906539534477799495,3.815359909532697672388997475,0.0008507749890410263,0.7768196942696561,0.25566438174392503,0.83917,0.0,1.000907385396233,1.3574943601279603e-05
19283,34508066,1666121217,4889.5468446860300010156633,11340.20086515750398627558099,5.670100432578751993137790495,0.0011596372041595283,0.7789999356057935,0.2535865597179798,0.84099,0.0,1.0007717362796433,2.0074331537778393e-05
19284,34553643,1666219041,6203.56111482406881754249173,9291.74069977938987137396766,4.64587034988969493568698383,0.0007489037770237958,0.7822705897534165,0.2504700388492347,0.85731,0.0,1.0005672426918732,1.6067914281981643e-05
19285,34587029,1666289777,8187.835695971686100424441199646219,7548.73700501742213894102489777,3.774368502508711069470512448887,0.0004609726724689473,0.7855387160286584,0.24735286996386263,0.8153665179634374,0.8491404065006567,1.0003578638222193,2.2698296227637314e-05
19286,34637443,1666396654,8993.5768986475456448971518,18615.99800352439811632431509651,9.307999001762199058162157548252,0.0010349607399434077,0.8007559480976746,0.23279877316123906,0.8323,0.0,0.9993169418505103,0.00010854322206226584
19287,34673521,1666472052,5569.42355592187647764978064,926.76831179559867617391986,0.46338415589779933808695993,8.320145725047085e-05,0.7997567224384203,0.23386379617155065,0.83613,0.0,0.9995020190817304,5.39280086308162e-06
19288,34715464,1666560190,5587.1354151788654748654415,1321.64513178219668225630284,0.66082256589109834112815142,0.00011827573824250023,0.7997610353671634,0.23386505735243246,0.84626,0.0,0.9995074091970816,7.5985033748468575e-06
19289,34734655,1666599950,5687.57831970858311281591728,1516.1060404309022096104411,0.75805302021545110480522055,0.00013328221214794486,0.7997671123540897,0.23386683437686004,0.87984,0.0,0.9995150039575037,8.383838223315576e-06
19290,34795111,1666729107,6014.09420172926604326045745,5845.9562027026016614983558,2.9229781013513008307491779,0.0004860213364318172,0.79651564676686,0.23698843653341847,0.91929,0.0,0.9997526351186824,3.1066541368306165e-05
19291,34838252,1666822201,5614.96946491287657658943472,13978.42875032049643528804248,6.98921437516024821764402124,0.0012447466400013084,0.7954544097104552,0.23803581572533694,0.93559,0.0,0.9998599207652403,7.308953183525015e-05
19292,34875307,1666899977,5763.43063675054787841948051,3006.68245693764077886035228,1.50334122846882038943017614,0.00026084138479654054,0.8020297321805412,0.231813436839615,0.92423,0.0,0.9994741605802877,6.528191265974922e-06
19293,34923052,1666999887,4703.9657781130987155284124,4240.80889021857261913334539,2.120404445109286309566672695,0.0004507695304619848,0.7987761107877392,0.2349346249538661,0.94296,0.0,0.9997105401271467,1.4164313592909192e-05
19294,34962816,1667083489,4597.90451914950257624561315,6697.72082733050475783724109,3.348860413665252378918620545,0.0007283449231531037,0.7998736717097672,0.23389799432179975,0.93481,0.0,0.9996481773190566,2.2477157073566954e-05
19295,35002939,1667168046,4911.3704742724292066013696,2194.55778852221919848593707,1.097278894261109599242968535,0.00022341603021174258,0.8020643559801335,0.23182344427656887,0.9096,0.0,0.9995173080991953,7.548422585419758e-06
19296,35042227,1667252518,4424.0312843713337194235301,1452.81171724912970530288605,0.726405858624564852651443025,0.0001641954615444789,0.6591357822576259,0.3695405944881314,0.89713,0.0,1.0088132702927008,6.165257155519106e-06
19297,35079153,1667330527,4755.40353058449669715793036,8258.02849436672280046899147,4.129014247183361400234495735,0.0008682784164640295,0.7711435380737145,0.2614329338092145,0.88139,0.0,0.9995310152059695,3.046694460633703e-05
19298,35127241,1667432306,4142.7195673604041903558428,8946.99430982005648713014137,4.473497154910028243565070685,0.0010798455174604986,0.7689958261724575,0.26351927128018143,0.87228,0.0,0.999708891519804,3.327765755414486e-05
19299,35166004,1667514341,4742.59722454756297288570992,10142.60794837098533625886895,5.071303974185492668129434475,0.0010693094382834265,0.7690214165522214,0.26352804058425,0.95536,0.0,0.9997421594899498,3.444404015382054e-05
19300,35209431,1667605524,3975.137114950930413111884366099842,94720.42455040552818713932620807,47.360212275202764093569663104032,0.011914107842236628,0.7657912818445589,0.2666552770246951,1.1667795162039216,0.0,0.9999970208444724,0.00027162407012651623
19301,35249693,1667690157,2359.424521032461199616775643348852,53893.90741101098302655672807217,26.946953705505491513278364036065,0.011420985696000892,0.7714287397995934,0.26152962284341197,1.1657358497231247,0.0,0.9999006843486538,0.00013200349292346155
19302,35291950,1667778279,5074.372311066431984439669520241469,59871.17935808160069458857600136,29.935589679040800347294288000689,0.005899368009271973,0.7693583412629016,0.2636434978484027,1.1431223295998867,0.0,1.0001801678868434,0.00013356743847640115
19303,35333000,1667865564,4076.60538930625773139587826,72919.0126236691138506802386733,36.45950631183455692534011933665,0.008943594689708024,0.7683749239664913,0.26471860497741423,1.25446,0.0,1.00038737090127,0.00014941572225633652
19304,35373874,1667951187,4849.543127557867279666865413967143,276432.42033235001487228950928887,138.216210166175007436144754644421,0.028500872459665684,0.765231034693258,0.2678786150721243,1.0613794066431081,0.0,1.0007571321025996,0.0001374622540096792
19305,35415274,1668038243,1188.104970255217497860320763982213,116092.92029458998144189644979174,58.046460147294990720948224895922,0.04885633980205133,0.7425358960608391,0.28977475167957384,0.8111013269008525,0.0,1.0024125319272834,0.009151685731297935
19306,35456359,1668123698,1097.816076587143879532770563633027,81611.06491530935743730439951634,40.805532457654678718652199758148,0.03716973482890653,0.6618990343152465,0.376674847452116,1.1233664613605472,0.0,1.0170247073324898,0.004152623308744681
19307,35495202,1668210080,5527.395697438267938464618770669455,47227.91598222121931599474306369,23.613957991110609657997371531855,0.004272167089838485,0.7161848873748835,0.3284967031559789,1.0554402161387206,0.0,1.01811637547791,0.00010660349195562075
19308,35530618,1668291790,7795.30014057748125325396302009313,21678.95948156755135128808144171,10.839479740783775675644040720859,0.001390514739049006,0.7690257801300814,0.27784614074503294,0.945917409322819,0.0,1.0148009867564955,0.000160623057358325
19309,35574227,1668383798,8477.193132139809664858974926898053,11801.29459888223025997283638389,5.90064729944111512998641819195,0.0006960614448041573,0.7801596326870763,0.26734488132554146,0.8877145885728265,0.0,1.014222047841368,0.00046085895063639813
19310,35615266,1668468985,7581.260223193166540400002844122464,40464.48068721039939424883530476,20.232240343605199697124417652393,0.0026687173039792503,0.8091850133973912,0.2400608193577829,0.9203788295040835,0.0,1.012713701361756,0.00010545383294878608
19311,35656171,1668554764,9477.938515825258344273454905355855,20350.39344129516730839277746032,10.175196720647583654196388730171,0.0010735664410207047,0.8247228668193807,0.22534156946538655,0.9361751167775069,0.9818225078026761,1.0117291616676622,0.00032082370565274785
19312,35696575,1668639589,5731.351450498154437090980734510608,6815.61507928501334735046315156,3.40780753964250667367523157579,0.0005945905724113828,0.8128413843806992,0.2370017274956227,0.8968304613097439,0.0,1.012913110261686,1.684464194742065e-05
19313,35738987,1668728703,6564.391289290184085533327949690711,6084.48268902681558515975451815,3.042241344513407792579877259077,0.0004634460699313933,0.8150629936872852,0.23489832595193183,0.874965864423264,0.0,1.0127748000861367,1.526527370621635e-05
19314,35779826,1668815581,5678.508207769573741365026878580482,5142.68960661065038959702419863,2.571344803305325194798512099321,0.000452820478411408,0.8117635921547853,0.23806312965063614,0.8807640051497946,0.0,1.0130231760181403,1.2868821092781262e-05
19315,35819274,1668897839,6015.460933889214606774257304423158,3534.40358398285006102168681083,1.767201791991425030510843405407,0.0002937766218438169,0.8139819076072208,0.23595863482948273,0.8781037542940319,0.0,1.0128810309395482,8.847054836808729e-06
19316,35862470,1668987572,5629.55090750592303871574726,1837.06915441853938424766906434,0.918534577209269692123834532173,0.00016316302886338244,0.8139891089497936,0.2359607223684643,0.80647,0.0,1.012889991953572,5.00672188022538e-06
19317,35903104,1669073094,4910.58316878310519309278627910044,23264.85391928904678221321859606,11.632426959644523391106609298028,0.0023688483749939545,0.8106814177570768,0.23912336420746502,0.7965202524357775,0.0,1.013127692237741,6.444878874182227e-05
19318,35943523,1669157634,5515.74814640434272601932366,12357.36067815131244323872817224,6.178680339075656221619364086101,0.001120188988886933,0.8162539079417204,0.2338695985261467,0.84817,0.0,1.0128047590018254,3.192520140236314e-05
19319,35985950,1669247127,6420.14511919443313579050741,4477.18686445809227603161862898,2.238593432229046138015809314493,0.00034868268406212184,0.8206972959327717,0.22966253710251683,0.86267,0.0,1.0125247440877791,0.00012314117966443798
19320,36021546,1669322110,5519.19195876653769431369124,962.64668018176713878464076,0.48132334009088356939232038,8.72090232930497e-05,0.8263219412701934,0.22442319487812362,0.84618,0.0,1.0122567490154568,3.0941682435823348e-06
19321,36038758,1669357944,5531.66412265429818926646024,275.4916065192292318359623,0.13774580325961461591798115,2.4901331715982615e-05,0.819696342785194,0.23074521463860584,0.83403,0.0,1.0127308043071426,9.056577202175103e-07
19322,36096460,1669478314,5626.722450252625310211707747189719,2659.44265994386986347959811985,1.329721329971934931739799059927,0.00023632253798341058,0.8263252464164641,0.22442409253247425,0.8534282076235595,0.0,1.0122607978691203,8.47546239347632e-06
19324,36189069,1669673580,6646.517422681601340513352754156912,5632.9501249080680304277293767,2.816475062454034015213864688348,0.00042375200173893474,0.834067683748307,0.21705344220128342,0.8213997285454522,0.8622925279164841,1.0117155275967304,1.4451749216964508e-05
19325,36216242,1669732172,5932.067119902681358646142307204188,826.50076479740950496101073198,0.413250382398704752480505365993,6.966380758103835e-05,0.838501264952978,0.2128447893752157,0.8327062921949047,0.0,1.0114115164478283,2.6371657289101404e-06
19326,36268651,1669844039,5557.1884244747967554536998,7098.29476436730698938613342,3.54914738218365349469306671,0.0006386588164893975,0.8407145774047321,0.21073976616282067,0.92481,0.0,1.0112542833574878,2.033815607218281e-05
19327,36296240,1669902913,6303.0558041797496657097843,4629.630956474465759612726,2.314815478237232879806363,0.00036725289290667675,0.7842053815459472,0.2645881452354911,0.9161,0.0,1.0115942684240877,1.4311057248815481e-05
19328,36352924,1670024036,7530.367901214803719065491141075971,352.70888506594878878880253578,0.176354442532974394394401267888,2.341910048040611e-05,0.7853206607072752,0.26354029958203995,0.9377,0.9845912312865215,1.0115339986179679,7.952993239104003e-07
19329,36388013,1670099909,2847.318308926580487470397378879037,387.65719776537332978393580693,0.193828598882686664891967903463,6.807408861700424e-05,0.7886337881860174,0.26038592555347073,0.916230288530748,0.0,1.011309976545878,1.215126759839621e-06
19330,36416645,1670161972,3329.685351391138299281463710381952,457.14969213928979218821321968,0.22857484606964489609410660984,6.86475813620487e-05,0.7908433604798197,0.25828344650571583,0.90969058886879,0.9559189004016033,1.0111608326892254,0.007561821088659938
19331,36459575,1670253434,1601.930418856788968198334794194146,51.38690633326443798128006859,0.025693453166632218990640034295,1.603905691794544e-05,0.8057270626095566,0.25176387234055064,0.9174650925490151,0.0,1.0181970783641852,1.767253843069046e-07
19332,36502142,1670342847,1643.178705682680006799467810372712,3359.52356950014051430212742563,1.679761784750070257151063712818,0.0010222636034296656,0.7968237172998753,0.26023658570875696,0.9099062996799113,0.0,1.0188072300469488,1.1779932649644915e-05
19333,36527606,1670396727,1605.796726037992539179916778299172,0,0,0.0,0.7990586681188484,0.25812114138402875,0.8886137731479857,0.0,1.0186673265360011,0.0
19334,36574687,1670496689,1916.089323295775092358618320728964,298.08818661882123425618580607,0.149044093309410617128092903033,7.778556641245038e-05,0.7990586681188484,0.25812114138402875,0.8953674345617145,0.0,1.0186673265360011,1.055813940930755e-06
19335,36632285,1670619159,1947.712879435989903839693928210167,1.02692593402658599243759434,0.000513462967013292996218797173,2.636235414544157e-07,0.7990595117761298,0.2581214139119283,0.9096720807059481,0.0,1.0186684020591654,3.580124895380842e-09
19336,36644294,1670645045,1924.119537813255349885963375710193,0.21919854365072732439319033,0.000109599271825363662196595166,5.6960739533845303e-08,0.8012853038405244,0.25600311452754726,0.9047459363564625,0.0,1.0185161073124682,7.66226100739299e-10
19337,36711294,1670787240,2304.70291005799581152508941413181,363.86521034826195885852879476,0.181932605174130979429264397381,7.893972120231011e-05,0.8012853044544903,0.25600311472370363,0.9126070326875036,0.0,1.0185161080928822,1.2609638651746876e-06
19338,36749055,1670866831,2372.862034077246306711949442468172,134.08471373120421805163624921,0.067042356865602109025818124601,2.825379474355887e-05,0.8057385666301815,0.2517674669781325,0.8881248624141265,0.0,1.0182116159920411,4.7483719793215783e-07
19339,36778309,1670930221,2841.121427269927352847929008975174,1128.50632620038413650683215185,0.564253163100192068253416075929,0.00019860226940120285,0.8035127109750553,0.2538854669164938,0.9028752480660637,0.0,1.0183651842557866,3.9420066233605215e-06
19340,36822871,1671025898,2586.43959077058335119022992,0,0,0.0,0.8035158784274838,0.25388646773468593,0.92048,0.0,1.018369198658088,0.0
19341,36877891,1671144772,1740.670084548275503766404335951966,1485.14619538207795906546496012,0.742573097691038979532732480057,0.00042660186113541756,0.8079685951034169,0.24965090202538062,0.8774324853118161,0.0,1.0180626350126152,5.30880262831056e-06
19342,36894159,1671180927,2869.37031057077002616811294710683,1132.62120850829513329122362631,0.566310604254147566645611813154,0.00019736407049583576,0.8101995885675697,0.2475347509072591,0.87545600657646,0.0,1.0179141678666686,0.0012015759860040476
19343,36932095,1671265513,2656.442005724632510435252279429264,0.74497176641274209471895041,0.000372485883206371047359475203,1.4021984383760834e-07,0.8067145685076416,0.2520724362704449,0.810263461450376,0.0,1.019444989309414,8.586339950741279e-07
19344,36970954,1671349766,2680.839662756460779822961632985234,134.86430782443390652001220215,0.067432153912216953260006101077,2.5153370732691516e-05,0.8145182918340331,0.24465275908263429,0.817045088179452,0.0,1.018906321812683,0.00015267395483328433
19345,37028022,1671474119,2560.690096822940323099333532196241,3.88621769555014423394676027,0.001943108847775072116973380138,7.588223386289095e-07,0.8213341549517731,0.2383312982277256,0.7792424504006964,0.0,1.0185955145200822,4.575259505052656e-06
19348,37133179,1671701392,2596.868844441464890504034247933621,0.23366105432273996882224029,0.000116830527161369984411120146,4.4988997966317364e-08,0.8023837674364934,0.25635406330997884,0.790661395897496,0.0,1.0199123676212851,2.7752156987246044e-07
19349,37197157,1671839151,2622.386221423794846835415524574545,1536.62527393535169241961821346,0.768312636967675846209809106727,0.00029298225817802275,0.820222744659356,0.23939212963562392,0.7985919465128133,0.0,1.0186784313602677,0.0017676425162801953
19351,37242570,1671937014,2247.81658226438221298467632,721.04179901509478029888389,0.360520899507547390149441945,0.0001603871518486484,0.8250248758687275,0.23663080466679598,0.79581,0.0,1.020244460744585,2.5854743306609738e-05
19352,37295009,1672050065,2263.55342658946113178848111,0,0,0.0,0.8250462066751145,0.236636922695509,0.80077,0.0,1.0202708389032273,0.0
19354,37393408,1672261674,1286.673696767327444222655168151973,10.1985210513945138956555971,0.005099260525697256947827798548,3.9631341951799994e-06,0.8283990668264655,0.23345283331158725,0.7845016193380395,0.0,1.0200353181848512,3.6065800781437196e-08
19355,37436845,1672353794,1610.586647303415481074099546923313,5219.18584674575334913725465029,2.609592923372876674568627325136,0.0016202747785982732,0.4263321884051139,0.6222159553517322,0.7739222451749056,0.0,1.0419912697156188,3.635374462001802e-05
19356,37451910,1672385554,1171.258301915920509029182887010507,4524.82768463462878784723371897,2.262413842317314393923616859487,0.0019316096531537953,0.8250762299512455,0.23664553386857473,0.7534759245305164,0.0,1.0203079663669705,1.6728084790671317e-05
19357,37508783,1672506917,2267.747008336410209344704802559688,1071.41357031170798564331062484,0.535706785155853992821655312429,0.0002362286371392202,0.8317966113652309,0.23028145303823083,0.7641483011552858,0.0,1.0198530833383117,3.944058112564966e-05
19358,37553399,1672602262,2220.585636672144213316226424283346,62.70686134127307540030492662,0.031353430670636537700152463313,1.4119442255613258e-05,0.7934108855775853,0.26675880522813794,0.7605226939289573,0.0,1.0198933069365814,2.387728519022546e-07
19359,37579340,1672657957,2261.95714746535530162028248,722.69745595061826889675161667,0.361348727975309134448375808334,0.00015975047466315612,0.7922941301147636,0.2678191667097105,0.77842,0.0,1.0199688109140066,2.692380404765827e-06
19360,37636790,1672780429,2428.899607886353218252629375391499,173.7576205115855907110011795,0.086878810255792795355500589747,3.576879422010998e-05,0.7989987885080707,0.2614588790443951,0.776091454268589,0.0,1.019518516045195,6.587511640346393e-06
19361,37673240,1672859849,575.460612959625900446868,1185.58565694167618883064237,0.592792828470838094415321185,0.0010301188563055109,0.7923014825328113,0.26782165204741526,0.80754,0.0,1.0199782761325515,4.763724646238751e-05
19362,37711377,1672941976,645.41956856335506483092728,84.196013832839176193728,0.042098006916419588096864,6.522579879337391e-05,0.7934562340754304,0.2667740521970465,0.78899,0.0,1.019951600350842,3.036691695536473e-07
19363,37730693,1672984202,742.56066459632087436832866,105.2068978125000000077913,0.05260344890625000000389565,7.084060793180699e-05,0.7934564750236262,0.26677413320810134,0.77913,0.0,1.0199519100786976,3.842509569862148e-07
19364,37801195,1673135746,2320.36185277312428563909008,3354.327731305394173892906,1.677163865652697086946453,0.0007228027230529908,0.8012774085905577,0.25935320789796723,0.80594,0.0,1.0194226914009694,1.1376484420237107e-05
19365,37840447,1673219600,2908.71364984016673035755047,3080.90492965025738516937885,1.540452464825128692584689425,0.0005295992147283994,0.8068744272263302,0.25405695389960403,0.83247,0.0,1.0190530391979182,7.31315673513326e-05
19366,37874962,1673295240,2526.23213099102467892944158,152.56629256159982513269123,0.076283146280799912566345615,3.0196412018112726e-05,0.8114050904269486,0.2498368136062124,0.84198,0.0,1.0188207722047025,4.888811761962301e-07
19367,37903025,1673356433,3093.4567411665440737968911,577.17980190186573209562341,0.288589900950932866047811705,9.329042721383117e-05,0.8147598170786188,0.24665845054317417,0.84037,0.0,1.0185901444048173,1.844979098213555e-06
19368,37962593,1673481118,1404.91210249171767445827402,7899.4496400095753219731472,3.9497248200047876609865736,0.00281136792330257,0.8136431523369547,0.24771834967369605,0.89437,0.0,1.0186691640232695,2.1410978781417657e-05
19369,37993614,1673545462,2149.99451284021373506572546,5934.88895724538280781989324,2.96744447862269140390994662,0.0013802102567706553,0.8170153166533131,0.24454541226775497,0.89418,0.0,1.0184592541045003,2.0412988287339037e-05
19370,38007607,1673574638,2390.7352481980802542076292,205.39559306129184524462784,0.10269779653064592262231392,4.295657438775382e-05,0.8080869474032036,0.2530269468027084,0.90888,0.0,1.0190960132310733,2.4776342298104815e-06
19371,38075812,1673716405,1817.1403852288973109627888,13021.15696469818790084391812,6.51057848234909395042195906,0.0035828703909021233,0.8226265040431741,0.23925487926322037,0.9891,0.0,1.0180943938053384,4.021293339779692e-05
19372,38126534,1673821517,1788.46188974037077711760304,4489.16942349550685574159246,2.24458471174775342787079623,0.0012550363665135731,0.8114755617017556,0.24985851216215724,0.98138,0.0,1.0189092577213257,1.4165278156675845e-05
19373,38166254,1673904576,2692.8158168687801889909948,5745.78089274130254441614056,2.87289044637065127220807028,0.0010668722414558835,0.8159600578690925,0.24562375111874943,1.01514,0.0,1.018615295556472,1.8956877064607996e-05
19374,38196096,1673967823,2586.91073874977335707733216,0,0,0.0,0.8159755259235991,0.24562840737800354,1.02118,0.0,1.0186346053214062,0.0
19375,38237439,1674060240,2799.77699398001479472122008,425.30632463651575226849363,0.212653162318257876134246815,7.595360729640164e-05,0.8226868327473452,0.23927242542391614,0.93918,0.0,1.0181690574773696,4.827551756327514e-06
19376,38268076,1674126390,2800.2339476009756633796241,71.66567711558590291105258,0.03583283855779295145552629,1.2796373170353057e-05,0.8226908043106096,0.23927358052393377,0.94081,0.0,1.0181739727411914,7.609095430116065e-07
19377,38325913,1674253987,2974.5262700070120245179764,2374.05180666492441049508153,1.187025903332462205247540765,0.0003990638493603433,0.8226914303038935,0.23927376258948457,1.0131,0.0,1.0181747474794836,2.333073638299977e-05
19378,38358069,1674323553,2122.0354944021407560987815,6.39810315553663254066016,0.00319905157776831627033008,1.5075391463560853e-06,0.8159991233905239,0.24563551078740092,1.0165,0.0,1.0186640635534778,1.488481940997907e-08
19379,38401517,1674418003,1226.3129213195284355338506,2404.27005895947974276732726,1.20213502947973987138366363,0.0009802840764217239,0.8193546343728944,0.24245719316961573,0.99198,0.0,1.018431739832205,5.708182255684893e-06
19380,38445589,1674512792,617.41593524259442855131618,4712.36075897829277022190055,2.356180379489146385110950275,0.003816196254415362,0.8171222434829967,0.2445774171336546,0.99797,0.0,1.0185925448971984,1.112852494947558e-05
19381,38486666,1674602110,2876.78096335782939862272,6175.00391599730080724691431,3.087501957998650403623457155,0.0010732488838478907,0.8204870599539799,0.24140192303967295,0.9557,0.0,1.0183712429682128,1.51653465935821e-05
19382,38526127,1674687839,595.07547804451875829703248,15855.12333572418680746210782,7.92756166786209340373105391,0.013321943115372362,0.817143728928206,0.2445838480621199,0.98764,0.0,1.0186193278106348,3.9942716697426895e-05
19383,38566965,1674777084,1373.09035956060515653773238,6400.69297517154888424415776197,3.200346487585774442122078880985,0.0023307617487096036,0.8216510237781988,0.24035586863930344,1.10462,0.0,1.018349617643658,1.4338678842869652e-05
19384,38603046,1674859638,2874.565612193412184657238409412093,13529.8223848315313915142341283,6.76491119241576569575711706415,0.00235336816238258,0.8205440412525998,0.2414186879537533,1.1540776837087843,0.0,1.0184419669548956,2.9138489113070298e-05
19385,38636225,1674933115,2365.322438196501773475051161607266,5107.46454596786007036048808056,2.553732272983930035180244040273,0.0010796550321194628,0.8239245080288132,0.23824767003346908,1.138574001249249,0.0,1.0182380990056696,1.1097813798805327e-05
19386,38678005,1675024239,645.7600001130922032968162546379492,1865.81726939276614588967688296,0.932908634696383072944838441479,0.0014446677318709774,0.8172209659897536,0.24460696631789006,1.179411926969012,0.0,1.0187156085026727,4.008541354798739e-06
19387,38719360,1675115370,1284.737878056075305720608129690647,15175.15255999942342060405265671,7.587576279999711710302026328354,0.005905933349984513,0.8250559358037368,0.23719200818995087,1.0811435855367757,0.0,1.0181754355363053,3.522818861729618e-05
19388,38758891,1675201300,3738.418061174643437329006600456041,2635.57370583374389771124929652,1.317786852916871948855624648264,0.0003524985251389492,0.8407571662785422,0.2223757485944781,1.103029919834473,0.0,1.0171083352397736,8.976999481089177e-05
19389,38795747,1675282140,3885.726643504757184805543983704546,6876.50387092060204920028026068,3.438251935460301024600140130342,0.0008848414340230445,0.7945400408976944,0.2661785257448153,1.147480656322253,0.0,1.0176747366416448,0.00023804436365500108
19390,38829360,1675355839,3919.011237640915247946049906928254,274.64943930597643179640847111,0.137324719652988215898204235554,3.504065472791348e-05,0.784661985636413,0.2757679793433717,1.2384156034289375,0.0,1.0185894791418961,3.1785243592113886e-06
19391,38871103,1675448541,1394.088160937066564783282927566152,2392.14304850677630885821065871,1.196071524253388154429105329351,0.0008579597458523877,0.8003265621579043,0.2609522964480118,1.235164246686368,0.0,1.0175431754531823,7.639260602956847e-05
19392,38910405,1675535921,4253.91367355148130197631522742139,29.03208148104874037112938351,0.014516040740524370185564691756,3.4123966433021916e-06,0.7992685319223995,0.26203029386533283,1.2692099963194003,0.0,1.0176965201939927,9.035272872261216e-07
19393,38958165,1675641412,3133.745079495555820086759903240986,2740.55466405728370720737606918,1.370277332028641853603688034591,0.00043726509249093667,0.7959120789626526,0.2652050386805615,1.2032023538308956,0.0,1.017923686265945,5.858257206946153e-06
19394,38994147,1675722151,860.9471915282897511370094369796599,3326.54847555790639594982584352,1.663274237778953197974912921757,0.0019319120314759744,0.7992739364081959,0.26203206565909787,1.2142651607680093,0.0,1.0177034016439297,7.614829653658412e-06
19395,39027571,1675794951,620.3835055311587571674891825127655,4144.966984584266799971879939,2.072483492292133399985939969498,0.0033406489273400627,0.8015184494153204,0.2599179582830384,1.2192030792741766,0.0,1.0175598269420902,8.824716557325705e-05
19396,39071666,1675891320,3199.889837546845446426937806840847,7470.92354926040961662144361811,3.735461774630204808310721809054,0.0011673719922476922,0.8094261289348247,0.25253554851875193,1.3149536549092098,0.0,1.0171168484092354,1.559566071417426e-05
19397,39112263,1675981624,3913.495722945382277376593701991889,20062.77255486103516750119985269,10.031386277430517583750599926348,0.0025632802454887255,0.8027210959677943,0.25888686738632644,1.2688922206173112,0.0,1.017589677252658,0.0007679659654430346
19398,39151037,1676068671,3982.375375812161874089868390290695,36962.92181199032443347117447151,18.481460905995162216735587235745,0.004640813374411264,0.8145433713829623,0.24849965058717322,1.2460377253329056,0.0,1.0176069920347766,0.0011462723527292473
19399,39178138,1676131512,3871.429237117729384927369160539158,137.44973256221668460363936571,0.068724866281108342301819682858,1.7751807426105468e-05,0.8177214646634763,0.24666550113453467,1.246454181185152,0.0,1.0186192602241082,2.937048575018667e-07
19400,39223737,1676241235,4595.446984832361534427234109604889,676.40886355542868463808131506,0.338204431777714342319040657533,7.359554639493939e-05,0.8210887337547522,0.2434874733160391,1.2396941577824827,0.0,1.018387542855849,8.330877111826198e-06
19401,39256075,1676316454,3458.668853121171525739563629533814,778.44407230527365477364989473,0.389222036152636827386824947365,0.00011253521302029107,0.8020222605692778,0.261505191248027,1.1664292025209348,0.0,1.0196991033302574,1.7292141311662982e-06
19402,39298933,1676415305,3314.38986514154851123748648,7442.05064743174670113569292,3.72102532371587335056784646,0.0011226878777451724,0.8177299311989846,0.2466680550631207,1.24958,0.0,1.0186298068179165,1.3069416569673268e-05
19403,39332990,1676493379,4930.51927957630982824487818,2066.52943485636781048114946,1.03326471742818390524057473,0.00020956509017382337,0.8211077252528195,0.24349310509697672,1.31189,0.0,1.018411097807046,3.4426054435842704e-06
19404,39374936,1676590359,2420.736385329136564627752523009843,14654.02370338913052529804167996,7.327011851694565262649020839982,0.0030267698276028286,0.8199881230889945,0.2445532852859799,1.3839505285604232,0.0,1.0184920428949076,8.431022760757597e-05
19405,39406192,1676664074,3220.81445110814540366571021430557,780.33025446991893340395748198,0.390165127234959466701978740992,0.0001211386539515557,0.8267932396779483,0.23821811057997147,1.5009112753544207,0.0,1.0181117659265992,1.448567951738884e-06
19406,39437348,1676738314,4326.533120300303288163911370653613,5711.77170037059242472023418273,2.855885850185296212360117091357,0.0006600864412167195,0.8267944373441379,0.23821845565509198,1.505758661944844,0.0,1.0181132407306746,1.0568927470476648e-05
19407,39485605,1676844107,6690.198327444940619042604882114584,13268.30426981739957538472250868,6.634152134908699787692361254348,0.0009916226410947603,0.833541260849327,0.231867010318251,1.4952932259275673,0.0,1.0176543172072705,1.1038982196244135e-05
19408,39498427,1676871842,9012.774299868503636535958107475198,2574.78438620787159541079991535,1.287392193103935797705399957678,0.0001428408334959324,0.8324272953277567,0.23292844306133872,1.485745451910068,0.0,1.0177440777309423,7.160929826191806e-05
19409,39566240,1677022018,8264.435339540396922852068446422225,2502.68524198469461780391056599,1.251342620992347308901955282983,0.00015141296042397702,0.8392272317203221,0.2265922230482095,1.3779272378385476,0.0,1.0173442938595945,7.786147851104979e-05
19410,39597333,1677092572,7389.023385627831060032695943937624,3592.57972075184003986732305828,1.796289860375920019933661529141,0.00024310247330788394,0.8336750583790932,0.23190422891158524,1.3608467090780991,0.0,1.0178176680096764,3.288604359672727e-06
19411,39634162,1677189929,7787.47764590922374678110888648049,6007.05957079943052658396050067,3.003529785399715263291980250335,0.00038568711487441316,0.8336778000065247,0.23190499155284344,1.3465663259733391,0.0,1.0178210152092968,5.557105100063866e-06
19412,39671987,1677278376,7285.273257093087982508916116715034,2133.40432590760767734169335786,1.066702162953803838670846678932,0.00014641896402653684,0.8336824328416789,0.23190628027325474,1.2507626184774303,0.0,1.0178266713476514,2.087887232479822e-06
19413,39711167,1677367492,7289.906318832366392503001075839577,108.66883462873268102826528221,0.054334417314366340514132641102,7.4533766193951795e-06,0.8336841734765864,0.23190676446741643,1.243161050490599,0.0,1.0178287964549635,1.0700063994657504e-07
19414,39734594,1677423898,7413.045424149358594753813230340626,47.80616326118487993854145213,0.023903081630592439969270726067,3.22446177824889e-06,0.8336842626813264,0.23190678928158862,1.272312659628984,0.0,1.017828905363296,4.59937480674528e-08
19415,39777026,1677522404,5396.637863362948589639655497889807,4052.84883658429586296232349728,2.02642441829214793148116174864,0.0003754975726737701,0.8303144275834197,0.23508408835763903,1.2214362792510158,0.0,1.0180642757960054,4.0780954806458835e-06
19416,39819458,1677621791,7636.211339427013355017231727578189,2580.27100469961797152834667973,1.290135502349808985764173339861,0.00016894968525669625,0.8438003957018846,0.22237870051265063,1.1876373529440112,0.0,1.0171218368045518,5.142172432732944e-06
19417,39859066,1677713697,9316.86840925097696408053232,10580.20488476850160823467688632,5.290102442384250804117338443159,0.000567798342749111,0.8527976639412804,0.21391313704072237,1.24174,0.0,1.0164881694193912,2.1871522695527822e-05
19418,39892500,1677790412,5802.90212938224910206815565,2991.34178504618947833991065,1.495670892523094739169955325,0.000257745324524768,0.8483193033102687,0.21815083840397598,1.22133,0.0,1.0168306401097091,7.094807771586239e-06
19419,39932631,1677882690,7385.841112238372409289413089913237,8854.63009188020376813478546458,4.42731504594010188406739273229,0.0005994327495894842,0.8550712260364858,0.21180312439960444,1.1637661500266936,0.0,1.0163569063283258,2.1423363582004996e-05
19420,39969029,1677966571,6669.75957776442306085712643254979,4088.4042292051455918956711147,2.044202114602572795947835557344,0.00030648812611139883,0.8539650625672848,0.21286576262771056,1.1032911026621828,0.0,1.0164590843099663,1.0447639106567653e-05
19421,40010018,1678057345,8074.882623255053211715456524984423,1308.60229745504410491056728104,0.654301148727522052455283640524,8.102918385998381e-05,0.860721790206389,0.20652010955926337,1.1415208957614795,0.0,1.0159858076063164,7.366478571809221e-06
19422,40048672,1678144010,6644.31288472714647315697552,190.42533715789875857467198007,0.095212668578949379287335990036,1.4329949572033039e-05,0.8618529700820596,0.2054638287156353,1.13333,0.0,1.0159122998856696,3.319977348804748e-07
19423,40086028,1678229459,6190.050893273876056618937901741981,4673.61397473609879691936208838,2.336806987368049398459681044198,0.0003775101412990367,0.8607284164548025,0.20652169944993873,1.126398291044612,0.0,1.0159936291514688,8.209086150037696e-06
19424,40125400,1678319839,7353.230783565008157555293,6220.01258649224508765334090156,3.110006293246122543826670450776,0.00042294419756241117,0.8652352156836203,0.2022924672958648,1.04939,0.0,1.0156774129738904,1.111787511085752e-05
19425,40159730,1678397610,6057.685393937279128567090919845488,26774.22394954752362012972607681,13.387111974773761810064863038405,0.0022099384672852112,0.8618699132984481,0.20546786794068964,1.0044992785104547,0.0,1.0159322717631547,5.019171170717072e-05
19426,40196682,1678482239,9235.343056023458780748918132805921,37051.30513074901451099773322112,18.525652565374507255498866610555,0.0020059517500318237,0.8607882540656132,0.20653605678361034,1.0439255082584171,0.0,1.0160642607586114,1.2349429652262197e-05
19427,40239170,1678577938,4810.564087922073112214804687081415,36203.87214637531832885755141487,18.101936073187659164428775707425,0.003762954976244128,0.8574244261991641,0.20971259212478016,1.096129782472761,0.0,1.0163192182104197,0.004242747300070746
19428,40277711,1678665140,4576.064037474252077416702319827962,2738.73026405849833486572175704,1.369365132029249167432860878513,0.00029924518556018,0.8565446851926525,0.21485302830019756,1.1628233330114264,0.0,1.0209544137978994,0.0003088504081715593
19429,40315358,1678750342,5965.890415383688534720418892476236,16078.31951249782251803806238034,8.039159756248911259019031190175,0.0013475205202427246,0.8601983732136704,0.21173031242724405,1.1881373820101298,0.0,1.0210274009519997,7.402208806482823e-05
19430,40352188,1678834688,25508.27325760769954971336645866509,27707.09203888731762251898214377,13.853546019443658811259491071892,0.0005431001102872346,0.8738247107428382,0.19899353027463246,1.184534610229835,0.0,1.0201247333472674,9.001393958130263e-05
19431,40385858,1678911863,26090.42475100147870467520089144918,58319.19554176008345075931913772,29.159597770880041725379659568859,0.0011176359928659555,0.8942644588771054,0.17989537965836583,1.1146577807694433,0.0,1.018722597051604,2.687630725867724e-05
19432,40425032,1678999071,7741.520739464145937801974782532895,28.5883812746545470682023543,0.014294190637327273534101177152,1.8464318728049668e-06,0.8942884934034726,0.17990021458186395,1.148176725538674,0.0,1.0187499765531338,3.950239571496909e-08
19433,40468541,1679095787,1882.628518640456865376125898840821,3213.70806625860185777518062635,1.60685403312930092888759031318,0.000853516249870523,0.8976839172682036,0.17671579774872218,1.2207819105436815,0.0,1.018497934576377,9.605114183215951e-06
19434,40498528,1679162958,2542.24122456857666132829424534114,7593.20396404702475337640726814,3.796601982023512376688203634071,0.0014934074490385162,0.9033527067499542,0.17141113223028814,1.2012006913553432,0.0,1.0180856221346881,2.2919965128862167e-05
19435,40541686,1679262838,2586.753602160324915559814209672311,3914.78392577657169557627298776,1.95739196288828584778813649388,0.0007566982650584005,0.902241238988174,0.1724762517488296,1.1839074901463946,0.0,1.0181935729529972,1.2004362982016193e-05
19436,40579942,1679349883,2467.392481558930893116114960438595,4412.82036947644713677147652753,2.206410184738223568385738263766,0.0008942274896388534,0.9022520698195043,0.1724783222163614,1.1246687397088981,0.0,1.018205795718233,1.4244287013324954e-05
19437,40610785,1679427756,2031.164762922314093191645046638938,1558.00108900340364684905150854,0.779000544501701823424525754284,0.0003835240541397164,0.8988686545033026,0.17566475332445836,1.1441447713259956,0.0,1.0184735689548627,4.962193604503932e-06
19438,40647120,1679512810,1168.509949010773092143440250288534,994.81599952373176204259929379,0.497407999761865881021299646896,0.0004256771627686672,0.8751133844504991,0.19796693265046908,1.1169120636437153,0.0,1.0202268736430833,0.00012155927717570583
19439,40680595,1679588598,1185.717922896020547714879910765114,7.74758620505454114218688419,0.003873793102527270571093442097,3.26704440215076e-06,0.8808752661552144,0.19267839247406676,1.1407656612476045,0.0,1.0199385071436142,9.209520237524977e-07
19441,40756740,1679758530,1163.00621563839417304343903052915,31.77422605574465398913474753,0.015887113027872326994567373766,1.3660385313720458e-05,0.8808760773990735,0.19267856992162224,1.0939823029372262,0.0,1.0199394464580465,3.938507833063949e-06
19442,40786513,1679825440,1168.36663418205217303834079363311,11.49110710747554175753179945,0.005745553553737770878765899728,4.9175946878696225e-06,0.8616565081702422,0.21074769312391264,1.1017866497468716,0.0,1.0213355742982848,1.4458184072583488e-06
19443,40836720,1679947655,1090.72843268443763729979892682105,157.39507692284941089755199655,0.078697538461424705448775998277,7.2151358764655e-05,0.8786184349836261,0.19480450335360322,1.0353390304902068,0.0,1.020110186999792,2.0667713356724532e-05
19444,40878342,1680044015,1168.311418327626181882941155931898,56.87421372809598841163057475,0.028437106864047994205815287372,2.4340348316336885e-05,0.8831616844667475,0.19055886218329057,1.0864104869826203,0.0,1.0198003739581714,8.478069787728449e-08
19445,40914279,1680125030,1173.288843222969552314021393442464,63.57942207523699856304993705,0.031789711037618499281524968523,2.7094531087752994e-05,0.8775055371957583,0.1958710957589172,1.1253299401946264,0.0,1.020213835987088,7.690950787586635e-06
19446,40955342,1680215656,1150.26635560617844645333942486349,56.94195810729689537712020676,0.028470979053648447688560103381,2.4751640274347187e-05,0.8956173145054788,0.17887804921294942,1.0956489146859774,0.0,1.0188902547891765,6.917445057352879e-06
19447,40976409,1680261908,1112.610391981344986474054374482951,609.11601729849751081824646428,0.304558008649248755409123232138,0.00027373284560724764,0.8797807084213186,0.19374887976036065,1.0854332433341187,0.0,1.0200636810132693,7.603835023682571e-05
19448,41015735,1680347704,1146.9656797716981664599084,12.49554576702781583295922,0.00624777288351390791647961,5.447218686401774e-06,0.8021056138768499,0.2667586996280517,1.10682,0.0,1.019892903198,1.674617866482405e-06
19450,41085987,1680504631,1139.697761935231432922778571361089,15.060872640965485308726832,0.007530436320482742654363416001,6.607397655757346e-06,0.7975905487761142,0.2710006599972639,1.0852727538076372,0.0,1.0201950621607891,2.070146159151474e-06
19451,41151090,1680650584,4128.88615379054126997853352,876.83589747224546149208288,0.43841794873612273074604144,0.00010618310420926265,0.7998502958357049,0.26888035376004055,1.13566,0.0,1.0200471453304203,1.7793338468907727e-06
19452,41183907,1680723241,4813.3405657340591999091132,667.6712667896447222618072,0.3338356333948223611309036,6.935632931760164e-05,0.8021100447948901,0.2667601732319191,1.1406,0.0,1.0198985371965479,1.3452168392067557e-06
19453,41222275,1680807725,4762.3067903918762318536128,42.650391376470472447728,0.021325195688235236223864,4.4779130423221745e-06,0.8111466975471595,0.2582800050848194,1.1184,0.0,1.0192942773564657,8.666105520986958e-08
19454,41253992,1680877905,6623.72638187268209245468121,3064.85277975555863330049061,1.532426389877779316650245305,0.00023135412025345866,0.8088875353827494,0.26039984140742467,1.11389,0.0,1.019446364185975,6.368559329420571e-06
19455,41299107,1680977691,6288.31684849395162180800192,312.12398930390379052366286,0.15606199465195189526183143,2.48177689534408e-05,0.8077631481220598,0.2614614929914435,1.10984,0.0,1.0195287087279747,6.51849797639543e-07
19456,41308561,1680998611,6102.91330100937138805484817,143.87200915521684318527671,0.071936004577608421592638355,1.1787158202904636e-05,0.8032460815804904,0.26570216904780203,1.10251,0.0,1.0198317977350777,3.0416569690302204e-07
19457,41381636,1681160691,5021.26431380957833981682137,1222.73112522816915680227883,0.611365562614084578401139415,0.00012175530392468989,0.8032463259003947,0.26570224986528745,1.10951,0.0,1.0198321079329273,2.568716699952541e-06
19458,41417337,1681241042,5861.06560367334226155272121,1039.16060307436514428767714,0.51958030153718257214383857,8.864946012744556e-05,0.8055070793083063,0.26358256746884157,1.12293,0.0,1.0196837118392974,2.059562254320267e-06
19459,41463441,1681343530,7911.26743878289992657175392,3174.21565475010147997391488,1.58710782737505073998695744,0.00020061359822001133,0.8122861778502074,0.2572232745112802,1.10433,0.0,1.0192304014904308,6.343715342553214e-06
19460,41482987,1681387118,5532.51912138450306715150612,1539.2141741647176552911502,0.7696070870823588276455751,0.00013910608715433885,0.8213311374015219,0.24874803862266212,1.12844,0.0,1.0186241419625712,2.2452108921223842e-06
19461,41512519,1681454803,5287.67484447521098241385224,1614.98741148226096927704106,0.80749370574113048463852053,0.00015271243589889692,0.8202028053500094,0.249808022535141,1.18412,0.0,1.0187033638018295,2.24806050599493e-06
19462,41562688,1681567686,4917.02676560469883927111512,0,0,0.0,0.8213348278693754,0.2487491563163649,1.17132,0.0,1.018628718922435,0.0
19463,41601713,1681657618,5276.9966454394938669086336,391.71691788152853433475072,0.19585845894076426716737536,3.7115517045103644e-05,0.8224650630307253,0.24768978148145931,1.1584,0.0,1.018551685699432,5.517262097594347e-07
19465,41672374,1681822454,10725.20941596734239246434281332196,225.09773895359463042318336,0.11254886947679731521159168,1.0493862181305126e-05,0.8235958091015597,0.24663059568381154,1.17776,1.256365550708681,1.0184751161738397,2.4929124421939635e-07
19466,41725517,1681946424,9369.863752102165519617044737643022,1512.87038284443463116692752065,0.756435191422217315583463760323,8.073065003239862e-05,0.8258567691134191,0.24451217061315644,1.0852230892613375,1.1585650419746654,1.0183208124529721,1.817995831262204e-06
19467,41760536,1682024199,8851.899458005519073328409018569186,1095.2317591696222962032289623,0.547615879584811148101614481148,6.186422272222669e-05,0.8258582705175826,0.24451261513526332,1.04843,1.1190552872442439,1.0183226637559641,1.3623798759330257e-06
19468,41804650,1682121145,8539.919752733036259221776555972052,1595.67915528772197227677973,0.797839577643860986138389865,9.342471600960042e-05,0.8247289864488169,0.2455721684200339,1.01135,1.0795165878557818,1.0184013792488698,2.057651698078395e-06
19469,41817752,1682149848,8549.038871794186986189131717455092,105.27135376551205934304166,0.05263567688275602967152083,6.156911633238295e-06,0.8258610949812587,0.2445134513768128,1.01243,1.080663981111537,1.0183261464544815,1.3560433554133502e-07
19470,41880034,1682288142,2823.248328686831055336688368763781,1332.00428783473510636061588,0.66600214391736755318030794,0.0002358992431342882,0.8213398993354502,0.2487506922586683,0.99476,1.0619840276724999,1.0186350086118718,5.8769783498702035e-06
19471,41910633,1682359827,7513.385923427246066794908626967281,2332.52869361709348684625434,1.16626434680854674342312717,0.0001552248691461536,0.8269965353836753,0.24345574577794524,0.99379,1.0609497216761827,1.0182548422732642,3.4423988128268484e-06
19472,41953767,1682455262,7414.362448958872067086849902024273,1009.74303462809341326073036,0.50487151731404670663036518,6.809371955979047e-05,0.8303911575875661,0.24027936336157657,0.98078,1.0475234844813102,1.018025476940277,1.5098120387197973e-06
19473,41993724,1682541494,2946.575284588351918619911336740104,4361.00453771986523832491386,2.18050226885993261916245693,0.0007400124070356334,0.8360465094364807,0.23498540957044387,0.96297,1.028944911597743,1.0176369336108113,1.775091953097703e-05
19474,42036109,1682637025,3098.128362139467069905866205826089,3771.39444482100994198531531,1.885697222410504970992657655,0.000608656905715909,0.8292764814626276,0.24134303226733528,1.01188,1.081955770613953,1.0181228080416362,0.16909493533297718
19475,42060534,1682691168,3033.450512371170338674905467742136,1584.24650172373733156186658,0.79212325086186866578093329,0.00026112944570263856,0.9721467219077984,0.27967673979743146,0.9905,1.0588088134910327,1.1901003722154342,0.07256962462263572
19477,42154325,1682897256,2961.00825774634104722843377,1306.34982528159287901248421,0.653174912640796439506242105,0.00022059206046859718,1.0065970348522972,0.33376428635730465,0.98639,0.0,1.276073947996434,7.024909538363598e-06
19478,42187520,1682968894,3374.820531049995851080185084362438,353.75519888359806923983343,0.176877599441799034619916715,5.2410964617062985e-05,1.0066303820766556,0.33374196932838895,0.94921,1.0147772439687148,1.275988623771045,3.802021457668338e-06
19479,42219454,1683038824,3445.616325698120768507733368069971,622.39209557036183340607386,0.31119604778518091670303693,9.031651187168353e-05,1.0165560003451561,0.32445929126120476,0.96904,1.0358626224766994,1.2753309150418333,6.552540301640698e-06
19480,42257824,1683122154,3502.370618142472678294287764218788,9.8498,0.0049249,1.4061618649062286e-06,1.0165626613693173,0.32446141729378697,0.98498,1.0533474909644773,1.275339271699052,1.0200948935991432e-07
19481,42308627,1683232063,3483.211909973451494238933443139964,148.97851292221850143403785,0.074489256461109250717018925,2.1385220993251886e-05,1.0946411593133476,0.25162861758325783,0.98359,1.0533188888143878,1.26992418364409,0.007712716347152375
19482,42346870,1683316879,3012.73408890564272417403624,0.18796880678833777495656,0.00009398440339416888747828,3.119571811540399e-08,1.0687238588222026,0.28557126195345117,1.00248,0.0,1.2821459180301091,1.2280837345755961e-05
19483,42362658,1683351741,2951.79338013931916060629134,0.05331689453193159518273,0.000026658447265965797591365,9.031271445126544e-09,1.0687369836460803,0.28557476900766987,0.98583,0.0,1.282161663855582,3.5422623851886183e-06
19484,42408641,1683450997,11194.17636165784244620035408,0,0,0.0,1.0687407693928972,0.2855757805884323,0.97779,0.0,1.2821662056086158,0.0
19485,42449580,1683541078,2810.93646010186067177879872,0,0,0.0,1.0687407693928972,0.2855757805884323,0.93856,0.0,1.2821662056086158,0.0
19486,42510496,1683672403,597.77098684153896412302755,896.49450222411698766986261075,0.448247251112058493834931305376,0.0007498645149716555,1.0572964283691064,0.29625178717896933,0.87389,0.0,1.2829594860065274,5.983536310063871e-06
19487,42534481,1683723460,616.08416886944994514641936,0.55249193230099603380429,0.000276245966150498016902145,4.483899767420178e-07,1.0630243872995222,0.29091499080005623,0.90147,0.0,1.2825715082980271,3.555476953872455e-09
19489,42626134,1683921379,589.56015048422475144833958,38563.48106375603105870572091779,19.281740531878015529352860458884,0.03270529820585957,1.0587330593712294,0.29491881851297946,0.84898,0.0,1.2828684389761589,9.928116681247659e-05
19490,42654525,1683982255,1409.5233033728369070506112,2821.67593507643698541788704,1.41083796753821849270894352,0.0010009327012630695,1.060268686018342,0.29361329026871913,0.8624,0.0,1.282896942025212,7.141675986929317e-06
19492,42751608,1684190659,1813.80113095785357482423072,9140.47338841449201205556765,4.570236694207246006027783825,0.002519701094129179,1.0631375219104655,0.2909459520411104,0.86368,0.0,1.2827080086740597,2.3038127233470266e-05
19493,42759389,1684207289,1798.7205591665167163303676,0,0,0.0,1.061731313985695,0.2922873698326217,0.85692,0.0,1.2828366716207866,0.0
19494,42829936,1684359833,1478.18806383481975823102272,388.45897573265006249605698,0.19422948786632503124802849,0.0001313970073350756,1.0603006848930938,0.2936221515083508,0.89209,0.0,1.2829356598135508,9.50469632738192e-07
19495,42872539,1684451607,929.16139800680876231932968,3806.30381072629567452971,1.903151905363147837264855,0.002048246848659119,1.0588711337504817,0.29495728026916584,0.87486,0.0,1.2830357439089803,9.509397275204809e-06
19496,42904931,1684521636,3289.22916763702583998567431,5989.95787567336934266628644,2.99497893783668467133314322,0.0009105412804022621,1.0703277861682454,0.2842830546115153,0.87147,0.0,1.2822535603662264,1.4862431558451948e-05
19497,42953231,1684626484,4720.477597308760283138546339875906,2247.33360781138682505605109,1.123666803905693412528025545,0.00023804091445033416,1.100413213887036,0.25627996861859953,0.87626,0.9411824893602423,1.2801497613676018,0.0002004871360847208
19498,42986799,1684699223,4281.36044523004048382754678,461.17314953045023939259913,0.230586574765225119696299565,5.385824849718663e-05,1.079148075891071,0.276337581021307,0.86274,0.0,1.281928593719051,2.8902773370630094e-06
19499,43007881,1684745696,3423.13574999738367249020648,820.44551709215836602823657,0.410222758546079183014118285,0.00011983829696102257,1.0691299925785491,0.28567978402710414,0.85538,0.0,1.28263315590131,2.033090948626516e-06
19500,43056964,1684857859,2818.40811408510883696019425,8309.39537200713672272127081,4.154697686003568361360635405,0.0014741291955697607,1.0648384300107647,0.2896848328961681,0.88937,0.0,1.2829342794552385,1.9883863799643917e-05
19502,43145224,1685049892,3733.10209190482249221135771,9519.80600053038793388991816,4.75990300026519396694495908,0.0012750529942877733,1.0705848416824228,0.28435132951544606,0.88827,0.0,1.282561513081764,5.841296693411645e-05
19503,43188283,1685143199,2487.07607925642872580022746,14421.27553638053786415888352,7.21063776819026893207944176,0.0028992429416739283,1.0649218047218618,0.2897075146369573,0.91309,0.0,1.2830347306334562,3.3612740289222876e-05
19504,43216098,1685204718,2657.81730496680901595903618,161.71568565222975228688376,0.08085784282611487614344188,3.0422648943932822e-05,1.064957599661912,0.2897172525004066,0.91901,0.0,1.283077856946639,3.744947563302453e-07
19505,43267216,1685317112,5269.574451646604477871288666359393,1636.8793680002223664766094,0.8184396840001111832383047,0.00015531418931643903,1.07497884330447,0.28037348735784395,0.94262,1.011370611537221,1.2823799932066224,2.074257481948972e-06
19506,43294795,1685377648,5111.947452853754466125572813290391,154.72717169710414683587338,0.07736358584855207341793669,1.5133877365144609e-05,1.0721176107490287,0.2830434189597107,0.91441,0.9811159170397673,1.2825827979948519,1.3230494251537821e-05
19507,43345493,1685488478,5047.381182986631394523995265840553,145.9380745839370413140565,0.07296903729196852065702825,1.4456811294127651e-05,1.073563509714634,0.28171243772244786,0.90285,0.9688312051189767,1.2824997552020716,6.753423848068422e-07
19508,43379772,1685562348,4975.429219840259109164948126104931,674.12932505207388558434285,0.337064662526036942792171425,6.774584616377252e-05,1.0721325194509583,0.28304735491778477,0.88993,0.9548924374220112,1.2826006333931737,3.164941449533557e-06
19509,43421120,1685653399,5798.457737330728510420636819490636,1032.47538561714350348231514,0.51623769280857175174115757,8.903017253795101e-05,1.0160595066888531,0.3352886496977142,0.89065,0.9556389965969591,1.2819020141661432,4.837550210695208e-06
19510,43430790,1685674915,5420.4103893141549061419965,13.56523291804516741192932,0.00678261645902258370596466,1.2513105045318884e-06,1.0160644219277335,0.3352902716733922,0.90053,0.0,1.2819082154315018,8.51181839409184e-08
19511,43495424,1685828793,5833.116341590905757461427458817038,902.21430649535281886484003,0.451107153247676409432420015,7.733553161475995e-05,1.0046233824322535,0.3459537067020359,0.89589,0.9612621392781228,1.2826616180682906,1.647249857062171e-06
19512,43530777,1685908326,5891.618648940114499842574593260968,1084.09752915460382383430388,0.54204876457730191191715194,9.200336900196603e-05,1.0174966470217628,0.33395822438157524,0.9048,0.9708066350568693,1.281815717048979,5.000001752289827e-06
19514,43610052,1686084516,5334.111329497201349363394561461031,343.69011008789416315852604991,0.171845055043947081579263024958,3.221624829869185e-05,1.0246551676489173,0.32729771950203473,0.81912,0.8798954211082483,1.2813466719077578,3.275756362571157e-05
19515,43650785,1686174289,5723.19579972697432229629761,136.80360045743905662228436,0.06840180022871952831114218,1.1951679205520566e-05,1.0189656558162035,0.33263822205966564,0.76633,0.0,1.2817692690238927,2.2498777657465668e-06
19516,43676489,1686231806,5667.1139418893814076990938,182.56910649103529320376512,0.09128455324551764660188256,1.610776740710527e-05,1.0232601584968573,0.3286415257232111,0.7791,0.0,1.2814868702900901,9.434646942228875e-07
19517,43724063,1686340031,5657.41891583806558071825984,721.8100072621913395128086,0.3609050036310956697564043,6.379322602763857e-05,1.033278794352557,0.3193167873420831,0.73286,0.0,1.2808180906414173,1.2241158495344306e-05
19518,43759246,1686418838,4464.66792064588029647593506,23658.30523549465016266589007,11.829152617747325081332945035,0.0026495033512002083,1.0247045484572221,0.32731349283384004,0.59717,0.0,1.2814084233499747,0.0004965128103673414
19519,43783787,1686475538,4562.8472009145083538495051,48.08755585459621051858944,0.02404377792729810525929472,5.269468134387479e-06,1.0209187147887309,0.33147529046225505,0.60387,0.0,1.2823304583734192,1.002206318954016e-06
19520,43838048,1686599573,3259.30114535582917594069585,2014.15558468163073504182669,1.007077792340815367520913345,0.0003089858062903449,1.020919737959918,0.3314756226688858,0.63629,0.0,1.2823317435331076,7.586546748403269e-06
19521,43879976,1686695385,2997.43016421933070121837519,1042.61669798408921694689167,0.521308348992044608473445835,0.00017391843026568637,1.0252221327042783,0.3274788207890977,0.63901,0.0,1.2820556702222263,2.3524514976066734e-06
19522,43913718,1686772937,3765.24849352040915918011012,1337.33909692825789698146664,0.66866954846412894849073332,0.00017758975260592704,1.02808800877557,0.32481370704601364,0.64513,0.0,1.2818675324488034,2.9804830817253774e-06
19523,43955286,1686870306,3510.194153978157762787495,575.35669646648206780122172,0.28767834823324103390061086,8.195511006341648e-05,1.0295229167631537,0.32348182907702167,0.59125,0.0,1.281775590297813,1.3971851011790598e-06
19524,43975016,1686914687,3554.48974467321404524924902,147.95392461211105546516994,0.07397696230605552773258497,2.081225931708425e-05,1.0338203221222082,0.31948413705312595,0.57379,0.0,1.2814893504870128,3.6868290620087767e-07
19525,44025512,1687031926,3279.67688925387301157248414,2688.42203700790674198777817,1.344211018503953370993889085,0.0004098608076022274,1.0266611137179797,0.32614816379292066,0.61714,0.0,1.2819692558422724,6.272076552514665e-06
19526,44034349,1687051863,3298.31859512479056525628602,83.051214082598762,0.041525607041299381,1.2589932064985456e-05,1.02809933672545,0.3248172859938882,0.60502,0.0,1.2818816566590234,1.973643060705111e-07
19527,44094806,1687187485,3317.73985113895426431677312,66.52295953120146720668774,0.03326147976560073360334387,1.002534293162929e-05,1.028099539635562,0.32481735010122637,0.59638,0.0,1.281881909656707,1.6037654353434143e-07
19528,44143757,1687296530,3483.08529254862982980006375,0.15769513310569707317337,0.000078847566552848536586685,2.263727699161639e-08,1.0280997045186127,0.3248174021943103,0.62613,0.0,1.2818821152404967,3.6211468299973117e-10
19529,44178667,1687375100,3439.35872426680798644697162,1361.28352739449018018902905,0.680641763697245090094514525,0.00019789786941818409,1.0266679206678055,0.32615032621453866,0.65909,0.0,1.2819777555314942,2.9737295384378832e-06
19530,44204296,1687433221,4783.95227394382722620313663,1510.21399739161865598051656,0.75510699869580932799025828,0.0001578416663578688,1.033830632016841,0.319487323146221,0.67977,0.0,1.281502130290131,3.176552113942334e-06
19532,44274473,1687591957,5199.00058670126619353683374,422.23058395409133191838731,0.211115291977045665959193655,4.060689904845674e-05,1.0381305838668475,0.31549074110859027,0.67879,0.0,1.2812170538363814,7.698988706090664e-06
19533,44325222,1687705841,3929.11867295934145671326166,11.94843109824376358358285,0.005974215549121881791791425,1.5204976093588464e-06,1.0381385764224882,0.31549317006824296,0.66506,0.0,1.2812269179120088,4.228791659366375e-08
19534,44375069,1687816879,3831.36189206787929403558444,61.875111784930051799802,0.030937555892465025899901,8.074819545633491e-06,1.0395709972436593,0.3141607740344196,0.63804,0.0,1.281130341754461,2.2794785872229992e-07
19535,44410669,1687895810,4184.51095103300558603693319,169.50833469177667860434484,0.08475416734588833930217242,2.025425870255294e-05,1.0395712342116423,0.3141608456466954,0.66857,0.0,1.2811306337853796,5.959524354036035e-07
19536,44441299,1687963851,2988.04105139215864296403386,4417.71343504749543711279133,2.208856717523747718556395665,0.0007392323865479087,1.033842771011185,0.3194910744906759,0.63666,0.0,1.281517177384529,1.9418296200073274e-05
19537,44481417,1688052078,3789.590505293187247448151,865.0819635860897594894538,0.4325409817930448797447269,0.00011413924042423174,1.0410245179942637,0.3128347636141387,0.62747,0.0,1.2810595188085445,3.236187716873613e-06
19538,44530972,1688160598,3304.1245933480252733083602,5335.67558086683899931178046,2.66783779043341949965589023,0.0008074265104301455,1.0352983879663176,0.31816567188676365,0.65772,0.0,1.2814499477781165,2.2670876400936677e-05
19539,44573200,1688254673,3426.6196274624865326133277,1485.7633722769655061940257,0.74288168613848275309701285,0.00021679724244403766,1.033889630903241,0.3195055557229128,0.6749,0.0,1.2815752633510649,6.1607184967213785e-06
19540,44604509,1688323643,3522.01168142154640246313258,134.44603696680308385950768,0.06722301848340154192975384,1.9086540467199454e-05,1.03819292626524,0.31550968713501226,0.66722,0.0,1.2812939941994137,2.4940110857808467e-06
19541,44646632,1688416525,3805.9949584756579729085018,173.01115398613406820601585,0.086505576993067034103007925,2.272876815047423e-05,1.0396279709518055,0.31417799162157656,0.7109,0.0,1.2812005541270475,3.008058042245335e-06
19542,44687293,1688506336,2489.3342109686931328663141,1375.77835565556743175804547,0.687889177827783715879022735,0.00027633460175686904,1.0453616533840713,0.3088496572220266,0.69866,0.0,1.2808166288513039,2.4205603407838228e-05
19543,44729730,1688599476,4168.519436448351131618532019725389,840.62498007309432744092464,0.42031249003654716372046232,0.00010083016199023902,1.0525519362119482,0.30219687118118,0.67146,0.7222803894635637,1.2803601175317443,2.7397803082737676e-06
19544,44754833,1688654272,2412.00248073745711666151457,2153.54235498549481363461612,1.07677117749274740681730806,0.0004464220854215416,1.0468226776047889,0.3075257900765967,0.65013,0.0,1.280753884830101,4.0662275256139785e-05
19545,44808166,1688770502,2368.82108052577360538780379,0,0,0.0,1.0468652437966501,0.3075382947749212,0.67569,0.0,1.2808059631971014,0.0
19546,44823279,1688803038,2382.97762781700793617343116,3.3938,0.0016969,7.120922916739642e-07,1.0468652437966501,0.3075382947749212,0.67876,0.0,1.2808059631971014,6.346027942151579e-08
19547,44885511,1688938421,4138.194151462444362529810285750915,323.7392128670238666209196,0.1618696064335119333104598,3.9116000967790975e-05,1.0568977203048393,0.29821447465614126,0.68945,0.7420631846635661,1.2801217668897538,1.0274641421417586e-06
19548,44918515,1689009872,4352.42009434893383581598810934146,1293.93664799381035205491359,0.646968323996905176027456795,0.0001486456522974222,1.056898806229349,0.29821478106082067,0.72597,0.7754631466840719,1.2801230821689669,3.9069149717124225e-06
19549,44939971,1689057257,4482.160416943132202920180346733969,20.67232384675518179024103,0.010336161923377590895120515,2.306066932434099e-06,1.0569029354431188,0.2982159461606136,0.74667,0.8035936566092149,1.2801280835010023,6.058174829034547e-08
19550,45002253,1689192970,6840.938638000154708722394468967741,1098.72169858826419399892647,0.549360849294132096999463235,8.030489357740087e-05,1.062637410511477,0.292889494177091,0.72071,0.7760893250220234,1.2797344292120139,0.07743767687658974
19551,45043145,1689282656,7927.533307348060931142664454033416,3305.25826632665855443956734,1.65262913316332927721978367,0.00020846700595146048,1.1449255829436409,0.3155701761877243,0.83501,0.8993573258025602,1.3788340904291807,4.994675976643791e-06
19552,45074778,1689352140,6195.820947539872094427395821227362,11355.18157391641277959318159,5.677590786958206389796590795,0.0009163581121905347,1.144931301475945,0.3155717523585022,0.84487,0.9099005395048264,1.3788409772586878,1.6959231159607062e-05
19553,45122833,1689456936,3077.453117337287714209225164411224,872.291380406542593072861,0.4361456902032712965364305,0.0001417229356789158,1.1526757141675898,0.3084048861694687,0.80122,0.8631585557325138,1.378331084428099,2.3766029548872706e-06
19554,45154303,1689526159,3001.478045435626031935457049583553,58.6253156067261509062435,0.02931265780336307545312175,9.766074367240198e-06,1.152678453620098,0.30840561912543246,0.7814,0.841913396566069,1.378334360173827,1.6377449365640457e-07
19555,45202500,1689630327,2984.23207583110400111242577647273,251.31317699428509953580325712,0.125656588497142549767901628564,4.2106841996243676e-05,1.1526786423994284,0.30840566963440663,0.77687,0.8370380007599817,1.3783345859098393,7.061561715795457e-07
19556,45224363,1689677740,2908.514071040954301064150029199252,431.88071838624912788958355741,0.215940359193124563944791778704,7.424422021649004e-05,1.1542246922464134,0.3069716542952674,0.75709,0.8158110773108251,1.3782285052540768,1.2452028196837325e-06
19557,45279601,1689803791,2875.379697927948837403429059168951,411.40893262411342258476174,0.20570446631205671129238087,7.153993139072768e-05,1.154226129490255,0.30697203653723687,0.74839,0.8064992194830862,1.3782302214280977,1.1999467748500287e-06
19558,45313896,1689878296,2907.35826727577967194087681172937,937.72219510831841996623028,0.46886109755415920998311514,0.00016126705223484073,1.160409245756071,0.30123617540153547,0.75659,0.8157193393825235,1.3778023314735637,2.7051114683971676e-06
19559,45354352,1689966897,3461.141284838946401460956286338612,269.51800070742820893070388,0.13475900035371410446535194,3.893484526159258e-05,1.1619580149665933,0.2998031082679638,0.76925,0.8293989352213317,1.3776983407515098,5.551457341020303e-06
19560,45400744,1690068810,3342.149500698471853382879482404674,1881.99519594145967367004094,0.94099759797072983683502047,0.00028155460962296023,1.1666018454864329,0.29550353281910774,0.74243,0.8006866555262266,1.377382038178132,4.859059282458376e-06
19561,45439799,1690153302,3400.721085863661170889912768827687,335.0576812455389681189815,0.16752884062276948405949075,4.926274057556918e-05,1.166607514073959,0.29550496868829185,0.75536,0.8147264194597155,1.3773887309591097,8.502446502566315e-07
