,blockNumber,timestamp,totalValueLockedUSD,dailyVolumeUSD,date
0,14155364,1644188610,311800.0918652140804269748045741331,0,2022-02-06 23:04:32
1,14159294,1644241860,321237.0124614508765433462237871299,0,2022-02-07 13:52:00
2,14168446,1644363626,325290.0328280083532780800528897342,46043.37067364203123871523553869152,2022-02-08 23:40:48
3,14173853,1644436266,1173687.437736574310966906356386956,56279.42152776662061083383597844968,2022-02-09 19:50:24
4,14181401,1644537256,3376709.662566812111993159240072342,253923.2844285647147872313153323436,2022-02-10 23:53:36
5,14187271,1644615705,3222382.367356821625465556213776614,49029.9358647968571455312795922037,2022-02-11 21:41:20
6,14194094,1644706278,3194990.468185722276486479221499667,27274.8785322155218283738794292099,2022-02-12 22:51:44
7,14200777,1644795270,3168936.800775670787768590162506268,176645.7322732067327676722291094165,2022-02-13 23:34:24
8,14204373,1644842942,3197271.984316845274750411389141934,162272.0442458875816915443842210423,2022-02-14 12:48:00
9,14213830,1644969334,5031063.030089701039077226609654107,270995.6692867754172930522219788878,2022-02-15 23:55:44
10,14217976,1645025673,4832631.031868000188710730815336705,709550.318983230264828832923174838,2022-02-16 15:34:24
11,14226141,1645134234,57732.57731036751406271842849237622,314583.229787613330221090485248656,2022-02-17 21:43:28
12,14233094,1645227944,28126.87076737836899347692154035189,52858.009848314469170606180624236,2022-02-18 23:45:04
13,14236854,1645278728,167530.8586442504191497741052069431,139610.80170197792565090765032767,2022-02-19 13:52:00
14,14245701,1645396635,238401.1187787882980666401483234151,118544.838094942834142249657949174,2022-02-20 22:36:48
15,14251777,1645477832,4177634.120247928964888495272291831,42779.045838480040283069082821782,2022-02-21 21:11:28
16,14256018,1645534998,4104530.866227833710422112255508555,78144.61053971424882831611759448,2022-02-22 13:02:56
17,14265469,1645660767,4443705.116129089184061847406640356,226585.744787000385963934852881763,2022-02-24 00:00:00
18,14271765,1645744824,4315237.921047047187564961267618311,183335.710846766770480911046494871,2022-02-24 23:19:28
19,14278268,1645831948,4620080.179967040315615972617278193,121435.387595432745983669618343332,2022-02-25 23:32:16
20,14284761,1645918789,4550288.991467407110960415412562573,88283.030530222857761136208909248,2022-02-26 23:40:48
21,14289669,1645984281,4547592.810902423530153518379671544,164141.990755521692148542697936203,2022-02-27 17:50:56
22,14297634,1646091083,4755582.4392609726943771220857593,101781.423261058143587867817880039,2022-02-28 23:32:16
23,14303865,1646174012,4838864.615939725286507513967873819,94423.732685732535420086845345528,2022-03-01 22:32:32
24,14310515,1646263520,4867097.311608952005690058572267289,72613.763303364212720574616743547,2022-03-02 23:25:52
25,14316666,1646345871,4644584.692185240947362230524949155,38896.422013625516713889625923512,2022-03-03 22:17:36
26,14323268,1646433996,4262354.591419769403167354864003623,384561.386126923103553787631469639,2022-03-04 22:47:28
27,14329940,1646524184,4373268.545215353992416890226752242,163925.957234843093668922407083246,2022-03-05 23:49:20
28,14336296,1646609850,4258673.748658701564524757950860304,708074.521867097798803848280474945,2022-03-06 23:36:32
29,14342365,1646691567,4176592.665296828547009877445483278,365135.910295019798261774517455196,2022-03-07 22:19:44
30,14348501,1646774016,4116201.124931187052984158705947196,461976.470445336587327496302418268,2022-03-08 21:13:36
31,14355679,1646869601,4406450.245872742897527979470333423,1912422.976548226786616604573557976,2022-03-09 23:47:12
32,14362227,1646956794,3920547.922242996707675217468363933,9946920.161667729515954977620368166,2022-03-11 00:00:00
33,14368474,1647041940,3854277.807244558885185765397900482,22908978.98031108010342445614981057,2022-03-11 23:38:40
34,14375012,1647128921,4006900.134502162373587749245285522,3572812.70488825722804986298132097,2022-03-12 23:49:20
35,14381182,1647212871,3830034.520118372112213401830228192,1066181.13682347517433146416760656,2022-03-13 23:08:48
36,14387782,1647301384,4034281.150850508508729368761078897,1387740.87292921256180272632746891,2022-03-14 23:42:56
37,14393936,1647384363,4100684.63888574799181879118528548,1975978.42845810078766576099123076,2022-03-15 22:45:20
38,14400547,1647473721,4340858.558287465136337789426380891,9448191.9528051517907711937871869,2022-03-16 23:34:24
39,14407037,1647561095,4389205.660587313357091243065025566,2970187.75695821314303981193773419,2022-03-17 23:51:28
40,14413374,1647646430,4884264.405847823793868188493815334,3343148.50518268502404863344857126,2022-03-18 23:34:24
41,14419890,1647733782,5080425.693498796648703180376233976,6586279.42294641263153641316922899,2022-03-19 23:49:20
42,14426143,1647817966,5078318.306306690704255633965212129,515210.78557679881840301715266008,2022-03-20 23:13:04
43,14431566,1647890940,5151141.736459886520929022763579078,3894243.07045128095750194201533283,2022-03-21 19:29:04
44,14438352,1647982082,5314607.858832615754026561724843094,1262209.43214392073361789350084364,2022-03-22 20:48:00
45,14445216,1648073919,5320787.526272551948524060536849583,1695470.14899792631530061260245762,2022-03-23 22:17:36
46,14451903,1648164313,5552509.760332535394656043013692512,6355795.99429595279795724184655319,2022-03-24 23:25:52
47,14458287,1648249995,5864358.413822131596802499203313948,4612958.73743667096588683860955349,2022-03-25 23:13:04
48,14464232,1648329966,5900987.633021622269614222193889407,2242912.88084921332276783087411209,2022-03-26 21:26:24
49,14471232,1648424521,6176775.582081572779705658787683258,1130813.62660384886445397558971663,2022-03-27 23:42:56
50,14477235,1648504751,6693695.927887906228609801249627628,3201186.19716537841582879763919027,2022-03-28 21:58:24
51,14483815,1648593013,6833767.118789212166918539077433608,1321597.17502898798740667384742092,2022-03-29 22:30:24
52,14490165,1648678762,2407218.733627599609494573941724936,6324393.90998449484035633456707947,2022-03-30 22:19:44
53,14496907,1648769444,2011316.465731967444849522939204544,455327.5552076381085037624812163,2022-03-31 23:30:08
54,14503391,1648856499,1205060.928746445237661577523760922,361400.8965698499880006718163396,2022-04-01 23:40:48
55,14509721,1648942714,1213511.154124270434332368200314396,774956.5925495076819495461102834,2022-04-02 23:38:40
56,14516111,1649028779,1240431.824147085898534484820447097,773062.8652592539952334960965312,2022-04-03 23:32:16
57,14522423,1649114559,1240227.959194164114749929816580021,977904.6371541268184603517489565,2022-04-04 23:21:36
58,14528378,1649194479,1205517.673194298045987701756772804,1311877.8946295376256073003054305,2022-04-05 21:34:56
59,14534898,1649282621,1135043.270600450077170378483765042,969965.2148913794510616180177889,2022-04-06 22:02:40
60,14541624,1649372936,1136067.466420154527955187098248081,2957434.6222203046860756267975606,2022-04-07 23:08:48
61,14548057,1649460675,1151500.193581082682889936436635228,753879.4945881211673185475458085,2022-04-08 23:32:16
62,14553721,1649536478,710454.7546651363566615071362778562,2180986.6446805601753365881231593,2022-04-09 20:35:12
63,14560957,1649634578,706604.5084751358419367080436778786,1766776.016976598458300218132959,2022-04-10 23:49:20
64,14566966,1649715044,977428.6224093183869913372729012088,3756796.4671731342966721743900211,2022-04-11 22:11:12
65,14573772,1649806163,4337691.727093503775820590554869983,1886735.548821721516318333751581,2022-04-12 23:30:08
66,14579944,1649890300,4468087.525300105676172727190351865,1338496.1021289695284011071980865,2022-04-13 22:51:44
67,14586574,1649980190,4926591.789292804274988385823482647,3352622.5538931699466118833707829,2022-04-14 23:49:20
68,14593010,1650066776,63181.80844338059473939940657096436,647749.9403836457564461027632511,2022-04-15 23:53:36
69,14599406,1650153018,5035942.188674547485706205779086833,7048735.4894714443501128951505015,2022-04-16 23:49:20
70,14605477,1650235137,5095846.609837119844601445495085362,1615846.0128791962421432956643594,2022-04-17 22:38:56
71,14612042,1650323865,5082075.497657796419971966348421698,1811389.7933322287415059657248868,2022-04-18 23:17:20
72,14617514,1650397180,5138373.428582335824138436523188298,1487547.9810363267404867113250003,2022-04-19 19:39:44
73,14624883,1650496528,65885.83318138399302537221115255616,516419.810277419824363043056525,2022-04-20 23:15:12
74,14631318,1650585129,4952055.477593185800926086745285964,1850604.1417834202744186386725157,2022-04-21 23:51:28
75,14637156,1650664048,4928391.711033229704999558220573175,915057.9660568883221693258154755,2022-04-22 21:47:44
76,14644087,1650757600,4873820.940347991398601971503429803,1488826.4785913017606621940986939,2022-04-23 23:47:12
77,14650053,1650838314,5203274.111730680830801137066313144,686064.4904511662875721451087617,2022-04-24 22:11:12
78,14656723,1650929579,5330077.632388386362084765426278504,462760.3448295770631140044502159,2022-04-25 23:32:16
79,14662699,1651011150,5021190.45907303009335166256801964,632441.7862010325646105496554953,2022-04-26 22:13:20
80,14669367,1651101674,5097879.315985568031230335881253156,446594.1963023699296620033786126,2022-04-27 23:21:36
81,14674495,1651171357,5253284.812771006413595379882405633,403227.113956789354950847095607,2022-04-28 18:42:08
82,14682140,1651274760,4984918.711071549497402082828158502,1112341.6438668295781267097581063,2022-04-29 23:25:52
83,14688560,1651362291,4833288.231192655877768016932483916,793937.0091359936125281116876628,2022-04-30 23:45:04
84,14694783,1651446381,4971958.88485600184996698646023022,158091.9828237141152354455940738,2022-05-01 23:06:40
85,14701098,1651532723,5086617.63481787258668089268576201,5261538.5186721207196930199320063,2022-05-02 23:04:32
86,14707237,1651615982,5156255.975363899173052882247821676,1498398.9478318075816542218117557,2022-05-03 22:13:20
87,14713579,1651703462,5442164.674682136989585717222940931,2153272.8789299768760400767994309,2022-05-04 22:30:24
88,14720174,1651794027,5082864.462157932302793902227336268,1125555.5479869618542885925666199,2022-05-05 23:40:48
89,14726136,1651875722,4983014.210721500278776445863756142,325965.5116681539560310435641005,2022-05-06 22:21:52
90,14732475,1651963082,4862656.549146065052557974841021462,2734360.6499507827454003028145679,2022-05-07 22:38:56
91,14739108,1652053831,4670876.199868992180963057967991679,1917895.4043959160428514054822416,2022-05-08 23:51:28
92,14744724,1652131809,4296808.207125021617041544939266882,1644613.4935179170685667134531863,2022-05-09 21:30:40
93,14751216,1652222250,4270207.32906377059991267572156255,1381604.1147007520477960729374249,2022-05-10 22:36:48
94,14757800,1652312308,3835445.473394882200924554484534153,2056018.7012164361263541529255591,2022-05-11 23:38:40
95,14763816,1652396039,5635.453896757927729463305596902,2691078.7730706051665724790558584,2022-05-12 22:53:52
96,14769880,1652478502,3592519.935593575329817802342789319,2225738.8480867561816368365420998,2022-05-13 21:47:44
97,14776564,1652571197,80662.84258940518461276796558308822,371615.106105036170195364831727,2022-05-14 23:32:16
98,14782666,1652654816,28241.72942460120065447188792243669,930716.0695349430886633820925085,2022-05-15 22:47:28
99,14788749,1652738665,112819.7897588743603778010323410827,168790.7563818263592456023697928,2022-05-16 22:04:48
100,14794548,1652818033,3560424.459255838926481226834814583,1108683.5001071309882525395086889,2022-05-17 20:07:28
101,14801478,1652913628,6953.316898490949241829005945697652,857874.3600487865742865867860949,2022-05-18 22:41:04
102,14806659,1652987489,3733.542815954059509410129624248124,34529.5970946644594772064433138,2022-05-19 19:12:00
103,14810186,1653037382,3816.424442656992705927600627097281,49.7628464243750243671787657,2022-05-20 09:04:00
104,14818648,1653155185,3803.083653504019349904767020725346,25188.764873770510047366650027,2022-05-21 17:46:40
105,14825230,1653248086,3951.7922874349662508237268204664,2957.6524205833720907679750295,2022-05-22 19:35:28
106,14832381,1653348046,3445350.914790592568937672961684699,1282346.8056003624934999799549526,2022-05-23 23:21:36
107,14838110,1653428691,3456297.443142654392163466768182285,553038.0753853043085510533939918,2022-05-24 21:45:36
108,14844508,1653518809,151809.6136776458210443095102033306,558308.6329300572455490719561267,2022-05-25 22:47:28
109,14850437,1653602946,146687.1183883884918043235184643361,157169.2298662258012701773786017,2022-05-26 22:09:04
110,14856788,1653691577,4239.193662948460087781603270479063,317230.1186869146254447078861973,2022-05-27 22:45:20
111,14861936,1653763640,4254.389642123756575620366709923545,196449.5953229307582011780556566,2022-05-28 18:46:24
112,14868984,1653862461,4107.252849816410727413007817383264,65146.1775894293797180704241307,2022-05-29 22:13:20
113,14875487,1653954533,92409.02453229973079592683218476388,869506.2326422513137850634176015,2022-05-30 23:49:20
114,14881120,1654033650,3416797.317541040666010911941706747,316698.1465474361688816224648764,2022-05-31 21:47:44
115,14887753,1654127530,3215298.107404258743092515309740677,998916.1157493374204762579675319,2022-06-01 23:51:28
116,14893659,1654210311,3228866.993662814196409728504730205,502529.9081578738445029752819152,2022-06-02 22:51:44
117,14899791,1654296603,3126739.626094536894943689808842717,241037.570580695731649865488227,2022-06-03 22:49:36
118,14904776,1654368654,72574.24845800011815257866531373886,204751.7901001004674257198741214,2022-06-04 18:50:40
119,14911805,1654471720,4849.989759109192863574412019158279,354847.4543533233689825651073525,2022-06-05 23:28:00
120,14917498,1654556132,63712.39040571725174108140174260807,68154.5706520363212794127295875,2022-06-06 22:56:00
121,14922378,1654627439,63475.13903013823753552442030981598,171299.5094942405368190190574272,2022-06-07 18:44:16
122,14928609,1654718955,5362.901610090165642035546617046422,63653.732767250382595682427777,2022-06-08 20:09:36
123,14933035,1654783959,4921.991488115004876077602767389235,463170.0197777223792547656582387,2022-06-09 14:13:20
124,14946293,1654979865,4508.064885348199523863567426237325,292.5516165576115158025628273,2022-06-11 20:37:20
125,14948222,1655008348,4071.980365547196080992398388391942,223.1586464789883546056463694,2022-06-12 04:33:04
126,14962152,1655215970,3285.024458358033327693008129739294,59.6971576713467823186165511,2022-06-14 14:13:20
127,14971526,1655355630,2024068.687005476004873456017346386,8100.1385183465880927817561025,2022-06-16 05:00:48
128,14980787,1655492783,2607052.213972949540226827214113297,881.9321887743710514167244667,2022-06-17 19:05:36
129,14982043,1655511023,2622475.146620571339009487378607481,256107.6592604005803662486565328,2022-06-18 00:10:40
130,14993350,1655680638,2729401.19047737552950995040320718,3610.2509107387840524430618227,2022-06-19 23:17:20
131,14997698,1655744871,578748.6271145301456963383399474623,18911.036048461103495970070523,2022-06-20 17:08:16
132,15004736,1655853912,595089.7348238998978222956560500448,224.9597269101781531018792164,2022-06-21 23:25:52
133,15015405,1656026964,603881.6329590451086182278555214077,6436.9177667095024488822630832,2022-06-23 23:30:08
134,15020863,1656114724,656118.0657141640033768746288990687,104297.3975503788232475542017868,2022-06-24 23:51:28
135,15021840,1656130310,648483.7125010123647045285901219494,24903.8211343781204141347909404,2022-06-25 04:11:44
136,15031215,1656282538,637941.6721826975390538217854858252,117.4903830936985164750918145,2022-06-26 22:28:16
137,15036405,1656365736,631879.6373359083643058004587203526,94690.4364037221605438809511571,2022-06-27 21:34:56
138,15040259,1656428790,633526.9679093927202867274028012695,42249.356603474880010483562257,2022-06-28 15:06:40
139,15043054,1656474026,605163.2518756459161177368993633423,1148.1296752682920979817950926,2022-06-29 03:39:44
140,15058808,1656708453,554637.6442543547894134853871998571,119.2237538054229266403587236,2022-07-01 20:48:00
141,15066158,1656806300,855328.1683933911003665624808155675,530636.0181727923112576945360373,2022-07-02 23:57:52
142,15072344,1656888049,860868.0518669396052191236356612173,379758.2572083991830270008180026,2022-07-03 22:41:04
143,15078715,1656973169,933857.3627957449302416010233490223,66627.8103801473948067913676875,2022-07-04 22:19:44
144,15083271,1657033996,896052.3611067194109368438641049233,24390.7034297345564015330804827,2022-07-05 15:13:04
145,15091938,1657149951,984422.9242998628562219375036185799,112665.8672088593866413893897331,2022-07-06 23:25:52
146,15097142,1657219953,1016691.071687195386241955530482642,387440.1682466445884855648945968,2022-07-07 18:52:48
147,15104558,1657317723,1034556.229559261054842144726574295,115225.3117016128077282282091899,2022-07-08 22:02:40
148,15111257,1657407983,1001506.011271605165578779414176232,190025.741306470271733148697592,2022-07-09 23:06:40
149,15117137,1657486496,971029.657017965527381312656497134,271670.7981963994498083488872704,2022-07-10 20:54:24
150,15124357,1657582494,902848.8650492019302983863173411232,67078.8795271522359297747960272,2022-07-11 23:34:24
151,15129854,1657655605,2821.93274784543640434675730022661,294404.8052930498093005329540833,2022-07-12 19:52:32
152,15134147,1657713525,2800.452468649665618080882757094249,325.574816509370720300698775,2022-07-13 11:58:56
153,15141501,1657811359,2736.712767891862518523468703411846,93061.9020247446643837796234513,2022-07-14 15:08:48
154,15150221,1657927764,1014608.575372983553701724923869269,982823.7138425252181284095930729,2022-07-15 23:30:08
155,15156494,1658011709,1100339.341062371291525403821464723,93175.4781880210755693463375979,2022-07-16 22:47:28
156,15163128,1658100990,1100707.990292175074937829323146862,307905.5724104893631216077854439,2022-07-17 23:36:32
157,15169650,1658188269,1277413.520723791368639956574387525,77475.1279857380802741953170023,2022-07-18 23:51:28
158,15174764,1658256085,1283444.857037042115469491900689893,104647.8161387102170495717488571,2022-07-19 18:42:08
159,15180952,1658339506,1273354.067365003108779138642352315,45463.9241769148326022122190641,2022-07-20 17:50:56
160,15188814,1658444365,1285534.602043134701502766043237751,294000.6475764084037777302017137,2022-07-21 23:00:16
161,15195229,1658529990,1255703.381936841881944907109303759,109487.6011478084100081026161936,2022-07-22 22:47:28
162,15201898,1658619196,1267036.851529193416052919538833435,55742.3920873375652637633864256,2022-07-23 23:32:16
163,15207924,1658700549,1328144.23664263055185750291312007,195396.4812646800929322822854028,2022-07-24 22:09:04
164,15214785,1658793273,1185940.8438541538302185615438892,185086.0091267874715954539980507,2022-07-25 23:53:36
165,15221175,1658879852,1175674.289246347248515708746463039,240912.7160811115349199920367391,2022-07-26 23:57:52
166,15227261,1658961281,1333585.235732521651773505743459981,324511.8050466221670610156872357,2022-07-27 22:34:40
167,15233727,1659048371,5604.184519359140802257646040970928,461432.1975679234425858890448256,2022-07-28 22:45:20
168,15240453,1659138911,146821.9864204584807083153492258716,2816776.2234733371246672028111117,2022-07-29 23:55:44
169,15246456,1659219784,1388877.918792735879146803963108001,613946.8687642884372586730993492,2022-07-30 22:24:00
170,15252877,1659305793,1429847.615853876042300338762388195,125865.6841425775141602440709154,2022-07-31 22:17:36
171,15259443,1659394199,1483082.384379701530847688788473055,365604.9436577516922789515382855,2022-08-01 22:49:36
172,15266147,1659484261,1500699.566459203494024356667939232,582786.587878055318686155061644,2022-08-02 23:51:28
173,15272543,1659571097,1499725.11636614368997446767776285,2038021.0359255432840171088697902,2022-08-03 23:57:52
174,15278862,1659656660,1468879.007220205943048569863560511,1804533.8008334880876314226029651,2022-08-04 23:45:04
175,15285005,1659738362,1608929.279697971242129126395328082,1059075.2197862946536020993287233,2022-08-05 22:26:08
176,15291765,1659829593,1900255.714814889333060940249977997,1439474.3344528898296874249537288,2022-08-06 23:47:12
177,15298167,1659915148,1900681.1022369216511774632879729,2110118.7691185401279136384995181,2022-08-07 23:32:16
178,15304571,1660001692,1998535.052890180898911541929603724,2508007.8651218809265323443223044,2022-08-08 23:34:24
179,15311029,1660089398,1915896.189050136594495680933475092,1229997.9141872398161316624774382,2022-08-09 23:55:44
180,15317405,1660175747,2081823.807031406166475052938756836,2176573.8740190062766757689514651,2022-08-10 23:55:44
181,15323563,1660260182,2115907.84709578284908430113823439,1658194.1946769726872333308205509,2022-08-11 23:23:44
182,15329963,1660347294,2239181.422564875054325772593062357,2238161.9060613487047547378063799,2022-08-12 23:34:24
183,15336128,1660430781,2286239.280972074661009501697917285,216252.0416721461609368100844608,2022-08-13 22:45:20
184,15342594,1660519045,2233298.491849082092536001227722387,353525.4651484746599636254890172,2022-08-14 23:17:20
185,15348912,1660606292,2188947.763394335095201405959819258,172578.9370334962427169882112603,2022-08-15 23:32:16
186,15355177,1660690974,2152228.566425551920766605245189482,135960.8106727058063582892512814,2022-08-16 23:02:24
187,15361596,1660779131,2114365.731272900329940089698763809,1268544.4726467380164753951402712,2022-08-17 23:32:16
188,15368010,1660866422,2162832.262319575030387470902601134,334643.5292736092556810563679928,2022-08-18 23:47:12
189,15374221,1660952326,1896956.990826443088294548035921912,129655.7501480896428905012526114,2022-08-19 23:38:40
190,15380575,1661038890,1838561.253870831800430651841684264,195978.2607051418616634073431618,2022-08-20 23:40:48
191,15386967,1661125387,1946218.859142131209863115530791155,725627.2020923001001965636910322,2022-08-21 23:42:56
192,15392473,1661201458,1896847.911342296013088043061838426,245249.2737276898656945690927881,2022-08-22 20:50:08
193,15399160,1661291934,1979424.136419583480307938954325641,1652331.4072172835680466989315424,2022-08-23 21:58:24
194,15405711,1661382591,1901470.37801458368265498428541953,3202735.797734680920317479575366,2022-08-24 23:08:48
195,15411899,1661469172,1936419.823347132021237761606869671,1333111.1324272464984637504536038,2022-08-25 23:13:04
196,15418334,1661558024,1725536.493165105381052815068821477,738121.5696766696773383235821168,2022-08-26 23:53:36
197,15424570,1661644525,1716989.606367214731224173414300195,516384.7918270516214741123332233,2022-08-27 23:55:44
198,15430800,1661730879,1617369.31318973508897454497391319,1247711.7164109788649531939895215,2022-08-28 23:53:36
199,15437147,1661817510,1441625.450500180793073148946265051,526708.902375759112617374825699,2022-08-29 23:57:52
200,15443316,1661903255,1419439.083385426134606911528079133,861143.7989538124571423555899946,2022-08-30 23:47:12
201,15449560,1661989510,1433016.496020959563217881435600856,481406.2296774457935787946278705,2022-08-31 23:45:04
202,15455844,1662076282,1545829.039392718554972954350209077,333611.7700507313651603579575782,2022-09-01 23:51:28
203,15462135,1662162812,1525081.025689759488323749156852232,1127463.5078298952910483378041328,2022-09-02 23:53:36
204,15468208,1662247519,1509081.530595274364339264878545355,423789.3316548054450165098416685,2022-09-03 23:25:52
205,15474576,1662335078,1366700.687970496294559871239563857,419468.4305616751336958359776498,2022-09-04 23:45:04
206,15480339,1662415861,1398488.909351057078288650157611559,898411.1217098733597834729648613,2022-09-05 22:11:12
207,15487042,1662508370,1392638.039157175519329114253016561,714966.5141096017755972732164286,2022-09-06 23:53:36
208,15493265,1662594899,1457074.987297189875212080325254132,848424.8191977888044210550789706,2022-09-07 23:55:44
209,15499557,1662681158,1440066.138349798284617344023469997,4265130.8982336852235579148479878,2022-09-08 23:53:36
210,15505265,1662762471,1479148.638579847084565897454134566,1980635.9802996503714300023115173,2022-09-09 22:28:16
211,15511677,1662854167,1526835.004057330956958394525937484,508889.2691626408836192193236256,2022-09-10 23:55:44
212,15517740,1662940635,1538550.280498439668735487817419241,711791.0871808628903499828569278,2022-09-11 23:57:52
213,15523645,1663025011,665431.3597275456814081498300275455,1236643.7405284845816288682779555,2022-09-12 23:23:44
214,15529859,1663113464,633070.999929335247645292837405314,717932.3472936830462787095131968,2022-09-13 23:57:52
215,15535731,1663199187,102630.2900952120723173938635728718,575253.9551692140462633350179801,2022-09-14 23:47:12
216,15542450,1663285751,135022.0102871001365592875874017048,2036944.2098532813043937614995349,2022-09-15 23:49:20
217,15549496,1663371599,962296.4560669428215935858163870805,968465.6775750882813366446077953,2022-09-16 23:40:48
218,15556705,1663458959,1006350.671879304797180483410834965,443144.9007300463911152635446143,2022-09-17 23:55:44
219,15563824,1663545227,914294.9918856721324384652601287005,709304.9310613323829615816316813,2022-09-18 23:53:36
220,15570677,1663628339,927402.0817677803346589480309247776,451618.5262699235990936211046381,2022-09-19 22:58:08
221,15578089,1663718051,1183474.174497161674334065052676133,1018396.2999293755497769533128676,2022-09-20 23:53:36
222,15585148,1663804511,1502446.577051501970910501983733989,683272.4609877907210100159122116,2022-09-21 23:55:44
223,15592316,1663891103,1583473.604373142780955975397418388,570206.7617665702236779272106458,2022-09-22 23:57:52
224,15599482,1663977491,1581331.258446272558377272452525312,340726.5674382970829887399021734,2022-09-23 23:57:52
225,15606635,1664063711,1558598.356174996406652902081637551,240692.7999271618470671680493795,2022-09-24 23:55:44
226,15613791,1664149967,1589891.173640188012610692710216957,138346.1174499260222579285124553,2022-09-25 23:53:36
227,15620088,1664226107,1629931.624038075528689892757212787,260715.0320103770556751358551398,2022-09-26 21:00:48
228,15627979,1664321543,1626169.221747260043023046335881711,580811.8717195109065593996190881,2022-09-27 23:32:16
229,15635126,1664407775,1664246.542407880626653273153849716,466979.3382137824155163142688213,2022-09-28 23:30:08
230,15642231,1664493587,1709704.843845729405824854608567038,240778.7740254533928974489595286,2022-09-29 23:19:28
231,15649391,1664579963,1702724.766632291196222434263038366,652771.4166756619911633270441957,2022-09-30 23:19:28
232,15656719,1664668655,2243688.964248200682768366387334898,372259.5301427541900048106855406,2022-10-01 23:57:52
233,15663542,1664750807,2478960.857395245592334308199907385,300735.9556794280070028364197454,2022-10-02 22:47:28
234,15670969,1664840471,2330176.929002488110645819148740654,331165.1158984060258321256057347,2022-10-03 23:40:48
235,15678160,1664927579,2324230.551439084710077048273292844,511557.971592470690420576935281,2022-10-04 23:53:36
236,15685341,1665014375,2311068.39982818285320247156605291,528718.1712498002878637720938532,2022-10-06 00:00:00
237,15692494,1665100727,2301607.924830189410000156948744281,182071.9051195184595732610184008,2022-10-06 23:57:52
238,15699635,1665187067,2278550.077085321744859220178261421,278428.3141761654387754761014683,2022-10-07 23:57:52
239,15706451,1665269231,2238150.204847109170160704261158624,268232.933623579375286982248352,2022-10-08 22:47:28
240,15713213,1665350747,2252395.532147996879907849481803136,562485.6223714121223115044036756,2022-10-09 21:26:24
241,15721111,1665446027,2204046.116446031623368330853747303,2335653.0855162679284964290074841,2022-10-10 23:53:36
242,15728255,1665532187,2179632.856284339993821915192448056,1015140.988847906810935708379174,2022-10-11 23:49:20
243,15735243,1665616463,2212554.72665945891767723647686805,212400.6851967207931320132798074,2022-10-12 23:15:12
244,15741886,1665696683,2211558.159550646446577262269870792,433411.4138623227726823335698402,2022-10-13 21:30:40
245,15748886,1665781103,2216423.006992138675031753167645792,2043216.2515063263436362197716544,2022-10-14 20:58:40
246,15756690,1665875183,2172646.410290969169849686562547022,201809.3110876473887106597718984,2022-10-15 23:06:40
247,15764005,1665963503,2104215.273023906617484265742215314,162280.5231607322748406259239805,2022-10-16 23:38:40
248,15770985,1666047815,1775464.748587721475796868578387837,357196.5904973651566548557014874,2022-10-17 23:04:32
249,15777791,1666129823,1746720.472423278094236912753247282,888090.1072775137606524759833917,2022-10-18 21:49:52
250,15785162,1666218863,1695961.618124960639507390382726674,856939.6864176017652506750887443,2022-10-19 22:34:40
251,15792113,1666302707,1681193.799888976332198618159829144,513249.1176112932820435420884214,2022-10-20 21:52:00
252,15799812,1666395491,1772667.340328019652252417881571795,1223580.3805545253993588240044024,2022-10-21 23:38:40
253,15807033,1666482563,1799796.819303011128871843579742423,655891.2206092052030394370889554,2022-10-22 23:49:20
254,15814163,1666568567,1812930.458980140122160230019092313,691994.2430626050802488875822621,2022-10-23 23:42:56
255,15821340,1666655663,1483383.973013873719808189434313001,1072917.4097780542728533351119837,2022-10-24 23:53:36
256,15828467,1666741763,1534387.538907851640593224510070833,1702653.7793151925414764543850319,2022-10-25 23:49:20
257,15835667,1666828559,1661982.389915646761506189444467668,854688.2852168030441585872846164,2022-10-26 23:55:44
258,15842814,1666914791,1619375.759295354869959278655111259,2610514.020803137754970477320483,2022-10-27 23:53:36
259,15849975,1667001299,1671272.647994058261695731506367185,1154388.049134764385454820377608,2022-10-28 23:55:44
260,15856824,1667084051,1851730.315360438265269186179469749,2200556.3402939561687483343563418,2022-10-29 22:53:52
261,15864213,1667173139,2012459.450682434718527773358062947,1095955.6704088924536342971511658,2022-10-30 23:38:40
262,15871367,1667259443,1803073.889897388165698451869183138,1344827.8004613348312506191761067,2022-10-31 23:36:32
263,15878547,1667346359,1780924.533757112688021310160018357,922050.0914510578316412412548214,2022-11-01 23:45:04
264,15885766,1667433527,2023622.304057030716388546547456292,1650679.8060460201223488506341187,2022-11-02 23:57:52
265,15892890,1667519555,1911299.550628309785101635925787812,907570.5279756263394547018675926,2022-11-03 23:53:36
266,15899932,1667604431,2055381.521013205715873374579475575,677999.5340286638130620552740909,2022-11-04 23:28:00
267,15907226,1667692475,2002936.873255375203622398274282338,1537405.1480198793226592084589434,2022-11-05 23:53:36
268,15914386,1667778791,1802606.411489092747636264264731294,974758.4086725727039142656187103,2022-11-06 23:53:36
269,15921496,1667864495,1824480.194334976069629077829940335,462495.7869020889404989721998462,2022-11-07 23:40:48
270,15928745,1667951903,1636966.052201962309323929510438787,2094790.3707923665029234279236813,2022-11-08 23:57:52
271,15935877,1668038135,1365955.255426710945627594095570591,2688798.3534646843814664717571615,2022-11-09 23:55:44
272,15943013,1668124235,1966420.192382397723700483698910967,1865670.0906991510089000273448356,2022-11-10 23:51:28
273,15950204,1668211115,2305190.6704380327625038908143808,5815420.4594671196956220949949514,2022-11-11 23:57:52
274,15957286,1668296483,1760336.666700206445415022281020557,1073582.9557780518055306351416061,2022-11-12 23:40:48
275,15964261,1668380507,1698614.469455040991993693993990341,746360.2492560449492296395855583,2022-11-13 23:02:24
276,15971557,1668468443,1816883.405405696403393211291162477,1057479.2132504374344665022528821,2022-11-14 23:28:00
277,15978696,1668554723,1820148.130272041842348168168717127,1609655.1964588026779174334761502,2022-11-15 23:25:52
278,15985962,1668642503,1827123.347736461694650620055147463,1530725.8866449834719067276653561,2022-11-16 23:49:20
279,15993078,1668728387,1862787.320038702637610174876124712,1426233.6056292671425386651754412,2022-11-17 23:40:48
280,16000298,1668815519,1880144.692009951904115483740042016,988775.5685365118220378699902817,2022-11-18 23:51:28
281,16007407,1668901259,1906906.630797241549997630721830273,1426125.0746803302133528509422811,2022-11-19 23:40:48
282,16014560,1668987539,1818402.319562225337614485255160666,1479594.2346596973252526068058903,2022-11-20 23:38:40
283,16021756,1669074335,1724615.69760347294960011310432116,2101065.4226690967242976786388519,2022-11-21 23:45:04
284,16028853,1669160087,1762972.866891688770640220742209719,1917588.297567547483554320493731,2022-11-22 23:34:24
285,16036076,1669247519,1836031.612195423326500093266112333,1481090.6512228564451327421639551,2022-11-23 23:51:28
286,16043260,1669334147,1871068.062967688277437323839258359,1992191.5402473796184440712519221,2022-11-24 23:55:44
287,16050188,1669417811,1865445.596767303787290611957925626,562599.6359576910648795145343494,2022-11-25 23:10:56
288,16057522,1669506311,1873712.751802423878160891811526583,821463.9430288415701839517969979,2022-11-26 23:45:04
289,16064740,1669593407,1900038.09070968890664937168831071,503786.631555932605290440464631,2022-11-27 23:55:44
290,16071803,1669678463,1833222.903737281264585710339375551,633958.715264856168595429947978,2022-11-28 23:34:24
291,16079026,1669765715,1947460.222471718179183731629534961,558331.2299304951411776310434437,2022-11-29 23:49:20
292,16086196,1669852355,2051456.548846004750329870254719254,1094112.5183890956218883257775762,2022-11-30 23:53:36
293,16093276,1669937747,2015062.831689736496753226502481213,1350384.6766941100431142003158186,2022-12-01 23:36:32
294,16100556,1670025515,2042290.134631592212452044557792814,925552.9627892033169658955805454,2022-12-02 23:57:52
295,16107579,1670110235,1960833.795635049678805226307533894,735999.2452060762719133067509104,2022-12-03 23:30:08
296,16114815,1670197607,2036536.073006017725581660394164133,509306.5042445313019932141397982,2022-12-04 23:47:12
297,16121752,1670281535,2073347.671463854563866390524613004,2393560.0591790422577128815244579,2022-12-05 23:04:32
298,16129112,1670370179,2167438.059320824848735807698345366,830093.745988532217007586141903,2022-12-06 23:42:56
299,16136208,1670456855,2043385.557787782269173164066517631,743467.8286843524482031384425189,2022-12-07 23:47:12
300,16143200,1670541203,2328784.499964243113836768405483797,1624424.312268506802682129371768,2022-12-08 23:13:04
301,16150522,1670629679,2044690.291309977052794681274261011,456990.8245178589509388057655355,2022-12-09 23:47:12
302,16157658,1670715719,2319770.822403645534141025572656044,890219.0801633473188547737489323,2022-12-10 23:42:56
303,16164721,1670800955,2210028.693846162221625062432105211,699730.1749912916231178415294178,2022-12-11 23:21:36
304,16171943,1670888147,2229639.015255856374179062809750781,466513.2144969882951542925061218,2022-12-12 23:36:32
305,16178994,1670973359,2178326.521466904481312576563113285,698753.6581133126005665594725124,2022-12-13 23:15:12
306,16186350,1671062075,2162642.210405690965581154266375543,661196.1431755922776028649519107,2022-12-14 23:53:36
307,16193499,1671148391,2073164.943532193767585822972485964,327123.9345841895783790093770228,2022-12-15 23:53:36
308,16200615,1671234263,1908545.958291962204266100287801702,2107771.7061959529144916934707917,2022-12-16 23:45:04
309,16207711,1671319847,1950356.651631170727425422785956821,2562889.1076173632929255250995002,2022-12-17 23:30:08
310,16214764,1671404927,2009995.327900528213328282659788377,227925.0309595429181575265980488,2022-12-18 23:08:48
311,16222080,1671493163,2082742.746305831203914310347759215,461466.3763023193058902859561099,2022-12-19 23:38:40
312,16229317,1671580403,2217204.376961610058348164201880207,3362441.8858420433311386528591947,2022-12-20 23:53:36
313,16236434,1671666251,2261649.352542138466690879320171152,287177.8729174925152316273895077,2022-12-21 23:45:04
314,16243487,1671751151,2269066.119439536050691819493297297,744623.5627851128158262095451847,2022-12-22 23:19:28
315,16250835,1671839567,1902529.099769104498741737756003908,816146.6929202951577834512761836,2022-12-23 23:53:36
316,16257958,1671925451,1988669.542480059350039105938750216,430446.3377883033111839708617699,2022-12-24 23:45:04
317,16265130,1672011899,1974366.856403957785419928815497591,267341.8524088969247321517939888,2022-12-25 23:45:04
318,16272302,1672098419,1983885.046902617557494321808275708,904437.4923465890436080069545847,2022-12-26 23:47:12
319,16279376,1672183823,1941511.399892081543176232952771106,276785.9269380257571162903430413,2022-12-27 23:30:08
320,16286242,1672266551,1923981.141487502326924045129701508,424442.4063550116633524833572804,2022-12-28 22:28:16
321,16293830,1672358075,1915833.562597489864844331213931979,680779.2010848262040714401304027,2022-12-29 23:53:36
322,16300964,1672444091,1910085.586739914124338639381458483,2259386.2237946100969807176284845,2022-12-30 23:47:12
323,16308138,1672530587,1936064.093462722336058354796301751,565252.3192258283244614323775696,2022-12-31 23:49:20
324,16315250,1672616255,1920185.396366106040847164492767018,1397600.4224978382585898817468875,2023-01-01 23:36:32
325,16322513,1672703771,1943273.142429842925183604575907823,792344.8960910913908328233967353,2023-01-02 23:55:44
326,16329362,1672786343,1929320.613416893088967498444010398,1286460.4269874148431018263902823,2023-01-03 22:51:44
327,16336840,1672876439,2002853.563028783680829422100266415,857510.702218953262333889329389,2023-01-04 23:53:36
328,16343946,1672962275,1741075.28362577783644370534563684,817577.3155165286399590555681695,2023-01-05 23:45:04
329,16351135,1673049023,2051418.047384120143048082825123358,978075.2120400343812638373167062,2023-01-06 23:49:20
330,16358217,1673134451,2043795.382827947202453290043337983,253194.5190052778957587410818825,2023-01-07 23:34:24
331,16365511,1673222399,2173523.811485290563665681602853287,3646038.5456397025117227669211449,2023-01-09 00:00:00
332,16372500,1673306663,2846450.994047038515503748914620232,1292062.8676684694185994900835154,2023-01-09 23:23:44
333,16379762,1673394203,3752452.309363448482480508495625852,6544334.7313302735918515039954908,2023-01-10 23:42:56
334,16386931,1673480783,3903558.263428356903806548685360588,1243338.1970803781450409372312101,2023-01-11 23:47:12
335,16394099,1673567315,3929097.688935732085402666549368548,2383531.9009072320756049912507714,2023-01-12 23:49:20
336,16401203,1673653031,4019614.541880217543420697327999185,813505.7299295401464357941171371,2023-01-13 23:36:32
337,16408274,1673738243,4303794.278384308992804745633074905,1206626.0765462659297851246753431,2023-01-14 23:17:20
338,16415544,1673826119,4433285.997901243832723234819070474,6869708.1457951505913676479513417,2023-01-15 23:42:56
339,16422750,1673913083,4514185.140103583204835727370767182,1591864.7630119151552141261021633,2023-01-16 23:51:28
340,16429889,1673999099,4519914.245161700565289693337306179,2982725.7085377653594182695164717,2023-01-17 23:45:04
341,16437102,1674086063,5380085.97492014597585012093872803,18147836.7093056825339247993394326,2023-01-18 23:53:36
342,16444235,1674172151,5756021.749872565960294264082884447,4111920.9516430856416883248785962,2023-01-19 23:49:20
343,16451423,1674258791,6799610.407587126454264184253824271,7443284.4103781536662442115290572,2023-01-20 23:53:36
344,16458618,1674345575,7716742.322698960432200479560497496,3498908.4213972006499760564450607,2023-01-22 00:00:00
345,16465704,1674431087,7923270.263869174000914096345904503,2664021.5071657638854919612701472,2023-01-22 23:45:04
346,16472932,1674518243,7316553.453266785958871392246287325,2097771.6498286142903826266909346,2023-01-23 23:57:52
347,16480084,1674604475,6959735.979519494131647476537417551,3866471.8699450031140354985150351,2023-01-24 23:53:36
348,16487192,1674690251,7267163.094463771232313694448270163,1279435.4794051402196612317883016,2023-01-25 23:45:04
349,16494377,1674776903,7243086.388205319497548598097995988,2104376.625426089192614286935918,2023-01-26 23:49:20
350,16501535,1674863363,7193740.538415207678919401814478905,1402954.6102582259655453657528773,2023-01-27 23:49:20
351,16508696,1674949667,7067512.876562116774205931933612643,1538440.1892868759722169125547723,2023-01-28 23:47:12
352,16515906,1675036679,7389529.462105851525645118408555516,1593837.4485234705196829084097293,2023-01-29 23:57:52
353,16522887,1675120835,7011037.977044778770622999893256486,1110853.9862298817536670060996515,2023-01-30 23:21:36
354,16530071,1675207487,7215920.043236607974438713880408373,1090110.8129677189774723598602974,2023-01-31 23:23:44
355,16537352,1675295351,7382757.594353562004198638744023121,1313419.8787040715678808989564769,2023-02-01 23:49:20
356,16544516,1675382027,7346798.547002689822250651256934323,2525754.6892189617743091026242275,2023-02-02 23:53:36
357,16551665,1675468379,7608283.493670229975644037545959125,5946185.2561861855265305990152781,2023-02-03 23:53:36
358,16558850,1675555127,7469410.904468687985546064864257433,1722790.9530443999166727764163475,2023-02-04 23:57:52
359,16566006,1675641407,7327584.18957433917760099423500989,1239877.9215607981354869718526258,2023-02-05 23:55:44
360,16573153,1675727567,6991211.986856449457923608263663922,1691726.5763434708152920147477927,2023-02-06 23:53:36
361,16580281,1675813727,7183725.280162422320690322196535716,1265202.1383083743297518856471792,2023-02-07 23:49:20
362,16587467,1675900691,7038598.271772125607717040567293575,1101097.754229861745230916048201,2023-02-08 23:57:52
363,16594594,1675986755,6603663.764165429154523091908747236,3019053.6895654128715978510208734,2023-02-09 23:53:36
364,16601764,1676073179,6206821.069178477580192986148660649,6573545.0613238696477244029355053,2023-02-10 23:53:36
365,16608841,1676158571,6325039.890829114190841316229201344,1779587.4139969095420216961362743,2023-02-11 23:36:32
366,16616101,1676246231,6556068.271508084373484282062153467,4165490.3106908583809321869264346,2023-02-12 23:57:52
367,16622837,1676327531,6430726.783569697502772407315770221,3687409.5957054449253081734147668,2023-02-13 22:32:32
368,16630118,1676415539,6722861.987450256999151737767305806,1743242.2850995736614036935281751,2023-02-14 22:58:08
369,16637468,1676504327,7158383.701124170870394674217553402,974649.2039056581268083489101708,2023-02-15 23:38:40
370,16644729,1676591963,5889171.116093346662558131170263448,1499036.2868417627141152546100951,2023-02-17 00:00:00
371,16651792,1676677955,4149911.880587127781403265999764957,2188752.1201760506385382982173922,2023-02-17 23:53:36
372,16658935,1676764763,4099306.072205119745863689651801041,1216362.2474812708970023922213849,2023-02-19 00:00:00
373,16666027,1676850863,4085452.5169451740202438184932848,1241014.1809717801368755360353365,2023-02-19 23:53:36
374,16673163,1676937347,4122206.092048086684259326446200456,4748856.6648811688451078303469872,2023-02-20 23:55:44
375,16679916,1677019343,3621109.146298428558046996704379059,1267255.0691823014679708734746989,2023-02-21 22:43:12
376,16687292,1677109139,3607677.244075939579975126294135788,1988468.189667909599155439077071,2023-02-22 23:38:40
377,16694452,1677196055,3616188.247983790295383775029029036,1942122.5340299786986502385491301,2023-02-23 23:47:12
378,16701587,1677283067,3842264.975598921946052010910026986,1486173.1860284824025617536402792,2023-02-24 23:57:52
379,16708598,1677368243,3744334.254905543122659355711136672,643442.8862211047882938205643694,2023-02-25 23:36:32
380,16715702,1677454439,3849806.30543760271960833923691913,510160.7102293137063361156981206,2023-02-26 23:34:24
381,16722955,1677542315,3787371.036874532363081083164642872,1438698.0815536433799854289440329,2023-02-27 23:57:52
382,16730058,1677628643,3733142.100481425883573618985061576,961754.7668363078333793760368268,2023-02-28 23:57:52
383,16736895,1677711635,3859700.552625773947922524675368632,1353834.8935498899112398650582261,2023-03-01 23:00:16
384,16744278,1677801479,3852888.231709908105687285303110727,1299433.7166218310773178588317899,2023-03-02 23:57:52
385,16751167,1677885323,3604097.790813441527578401386015183,1581941.1497613418505217393967264,2023-03-03 23:15:12
386,16758490,1677974339,3709661.933325434770767023623437334,671878.7993821897034555033532516,2023-03-05 00:00:00
387,16765171,1678055399,3946737.099309992728893052775648658,868209.5489707125033455480533057,2023-03-05 22:30:24
388,16772727,1678147199,4116523.894471269284346165013840892,606077.4373404430687920912837664,2023-03-07 00:00:00
389,16779836,1678233515,4094780.317060633638011782444826729,837041.1171725939835076123766278,2023-03-07 23:57:52
390,16786876,1678319135,3794323.727730961625261932566774835,1475725.0621143894070764141844518,2023-03-08 23:45:04
391,16794011,1678405787,3549668.982694067181800535101368165,1316433.6337722550106614218795137,2023-03-09 23:49:20
392,16801067,1678491851,3558888.479682798553996279615343021,1216253.300422930456834548479814,2023-03-10 23:45:04
393,16808231,1678578887,3788322.683457216199023072277188378,1489180.9371645424161920868706484,2023-03-11 23:55:44
394,16815303,1678664831,3956311.649111086276423077317170439,1124978.4453959624230499253954659,2023-03-12 23:47:12
395,16822445,1678751435,4198547.299573422580549419246159941,2505682.9958932131063755168638124,2023-03-13 23:51:28
396,16829516,1678837271,4258788.138263442251666712586663933,8808096.907356051860198350966981,2023-03-14 23:40:48
397,16836710,1678924799,4207942.589065519874763976623135421,5397780.4861655490014247969642631,2023-03-16 00:00:00
398,16843791,1679010743,4622259.107075972011822764511149853,1755006.7329810354386421822411532,2023-03-16 23:51:28
399,16850923,1679097335,4987585.571820683037990322088034518,1238320.2822258986981754568380116,2023-03-17 23:55:44
400,16857786,1679180591,4974670.723748836091075267000252719,7916465.9205918389207101794122509,2023-03-18 23:02:24
401,16865167,1679270243,5010155.4793524586052612319281026,1164222.6693004775363789717717034,2023-03-19 23:57:52
402,16872252,1679356079,4866413.134505481352918210334497184,1325019.4924396996597017268257683,2023-03-20 23:47:12
403,16879392,1679442767,5054500.61007970344952354998407787,1120591.230442495855582299957359,2023-03-21 23:53:36
404,16886535,1679529395,4868958.776818255088630865858810497,689341.5939425470492521559381864,2023-03-22 23:55:44
405,16893588,1679615159,5123855.65725816597803058930631794,1294243.7669357785431039828532445,2023-03-23 23:45:04
406,16900622,1679700515,5300003.489481936740487688595695532,1035843.9374236645820359193483899,2023-03-24 23:28:00
407,16907717,1679786567,5266496.366836526221192632376628531,670449.4756830802599908791325975,2023-03-25 23:23:44
408,16914994,1679874863,5386466.990116050067050747814007731,388045.9568202384859959801775424,2023-03-26 23:53:36
409,16922067,1679960747,5178841.133569729603904450070407316,869935.4627474014131087377374466,2023-03-27 23:45:04
410,16929185,1680047231,5364394.062177447666579544906547176,366764.1762613242949422147427749,2023-03-28 23:47:12
411,16936266,1680133247,5424313.598839667392207932244397331,731996.689803230174859535221954,2023-03-29 23:40:48
412,16943351,1680219239,5355492.721620992469720354172228032,8857016.4783776881702434038561706,2023-03-30 23:34:24
413,16950553,1680306599,5464947.207221935292953631056435705,535845.7228402774865023875582545,2023-03-31 23:49:20
414,16957690,1680393275,5065306.527312810792523410074867049,1730395.1409217554379643488383021,2023-04-01 23:53:36
415,16964788,1680479675,4987181.335095092300584961715702409,6010242.9790725062910891689431631,2023-04-02 23:53:36
416,16971816,1680565451,5064202.829100932102835575731303579,1233955.0785032867976276074967627,2023-04-03 23:45:04
417,16978828,1680651767,4637693.555934376329519022579069199,1114893.242644274882355474047526,2023-04-04 23:42:56
418,16985946,1680739079,4739221.765551523803717572215295721,5501312.3254376436338856611493058,2023-04-05 23:57:52
419,16992946,1680825539,5033876.901213486855978392031603654,1436693.3546425501237878678046313,2023-04-07 00:00:00
420,16999931,1680911051,5083508.545008257613741631031135172,785471.3183071093093746324117021,2023-04-07 23:45:04
421,17006974,1680997211,5052710.249957753561953227223721205,1368777.9330927880922292387953427,2023-04-08 23:40:48
422,17014027,1681083707,5120106.762559275163495118060706624,1316379.4419677094508913097866581,2023-04-09 23:40:48
423,17021104,1681170227,5171820.035662299845263497682807634,587799.4638151224871811423636977,2023-04-10 23:42:56
424,17028212,1681257251,5185651.457275539262628994472744608,1488557.6521655925905415049718767,2023-04-11 23:53:36
425,17035238,1681343723,5875251.355084432449786300880157454,977103.2258128348361827245930186,2023-04-12 23:55:44
426,17041663,1681429151,6168606.571128146325516478682250334,4772781.3024370476608732194697005,2023-04-13 23:38:40
427,17048760,1681516667,7332962.001950391296771784393758544,1222855.8656801299652572133798605,2023-04-14 23:57:52
428,17055759,1681602791,7310648.522764936882544035061629001,2195851.2243148959700280377910409,2023-04-15 23:53:36
429,17062703,1681687991,7450233.785719471485616460025229051,2017964.6731740235968081924965735,2023-04-16 23:32:16
430,17069886,1681775855,7290860.056646561776880311977371362,2181454.5428963449649044795604315,2023-04-17 23:57:52
431,17076921,1681861859,7013100.558448914378568268685040745,2145504.1754751090232010750742338,2023-04-18 23:51:28
432,17083989,1681948091,6500446.213705740251294625319661375,1027247.9126991970333192566037412,2023-04-19 23:47:12
433,17090966,1682033867,6878872.216458093151105074626371477,821544.103373549892614361040765,2023-04-20 23:38:40
434,17098135,1682121143,6525893.450524556016295639995696492,1190854.8940133220450844429092126,2023-04-21 23:51:28
435,17105231,1682207051,6669002.79147423746387198398508491,509895.3140210266164199196987881,2023-04-22 23:45:04
436,17111998,1682289059,6230091.949759387856376999230911258,690002.2044442021324403646845379,2023-04-23 22:30:24
437,17119209,1682376443,6155370.912243865048539340836516587,569260.0164712631903757227374592,2023-04-24 22:47:28
438,17126653,1682466683,6382966.4994517365314080631332738,218795.7928972876432552905600388,2023-04-25 23:51:28
439,17133792,1682553275,6574845.274875496298058108414795931,678180.44010930561248047778492,2023-04-26 23:53:36
440,17140339,1682632811,6763691.057418969958996638339069625,861989.8508455233352568023195368,2023-04-27 22:00:32
441,17147916,1682724779,6678015.481377527691056369508186603,169463.903578728428007062224651,2023-04-28 23:32:16
442,17154996,1682810795,6691064.123689428878782287505325199,255295.8419324754168147893222235,2023-04-29 23:25:52
443,17162191,1682898011,6641630.493651547576543210514511137,434139.1075724973461773184357642,2023-04-30 23:40:48
444,17169208,1682983343,6417997.138573492279722228274466744,1038296.2760209955295768557202858,2023-05-01 23:21:36
445,17176497,1683071891,6584002.21889979015146411678164121,810763.6455124094621926891158069,2023-05-02 23:57:52
446,17183594,1683158243,6829231.370685933473105004171049216,1538579.1416500665194304129694006,2023-05-03 23:57:52
447,17190297,1683239579,6717247.676522907340932830016458983,693594.6080755711553999512852254,2023-05-04 22:32:32
448,17197698,1683329267,7136404.033571307237150590409070112,779630.1643042134582358162777633,2023-05-05 23:28:00
449,17204914,1683416963,6786310.94510981116429540153796102,920249.2698207427043372806764163,2023-05-06 23:49:20
450,17212079,1683503999,6592766.872735390780650519618518059,651966.8921597423249368548095807,2023-05-08 00:00:00
451,17219194,1683590399,6230470.886118261042084675927032715,1731255.9803643776323353807598,2023-05-09 00:00:00
452,17226050,1683673715,6233128.610206173656202786096477331,624764.0910462496354680857589042,2023-05-09 23:08:48
453,17233279,1683761543,5825821.438524019828494124226961041,699735.075537195327597584248525,2023-05-10 23:32:16
454,17240336,1683848135,5664037.524550815465922034465547242,604287.0907358774646422003552811,2023-05-11 23:36:32
455,17247147,1683933263,7192176.416264053936761855676852167,2205639.3329415063701606616137584,2023-05-12 23:15:12
456,17254276,1684020251,7169943.630168529762666413026163563,1919968.0523236122668348271932812,2023-05-13 23:23:44
457,17261500,1684108751,7161973.707970279244291783746226591,1928312.2990567928049633022978114,2023-05-15 00:00:00
458,17268415,1684193123,7143410.411074033026912205852228396,283397.7506321003118063566373977,2023-05-15 23:25:52
459,17275464,1684279091,7524414.210863366744330990496647806,292237.7292199831782029069435751,2023-05-16 23:17:20
460,17281929,1684358075,7992321.997706168702575146026799155,449913.5721306618103122030371832,2023-05-17 21:13:36
461,17289711,1684452647,8454457.158832422051730981588566363,738159.9138297279350882992470727,2023-05-18 23:30:08
462,17296926,1684540619,7942708.333928230377026484084334966,2497208.6123561818176385850285462,2023-05-19 23:57:52
463,17303926,1684625711,8255837.530139126047875094057887197,956030.6418866737702601097529365,2023-05-20 23:34:24
464,17311139,1684713527,7648659.890817723039123254094272692,525895.8686424371932914436488913,2023-05-21 23:57:52
465,17318126,1684798451,7717453.889825217922085059947848495,355363.9778158231099614462132359,2023-05-22 23:34:24
466,17325148,1684883939,7846878.771403090418431784688828392,373886.0049511904686619761851885,2023-05-23 23:19:28
467,17332438,1684972523,7619571.436755873370903477676602448,725405.214991463751864689061719,2023-05-24 23:55:44
468,17339526,1685058659,7649746.234531485972676857535484503,952361.3016995328824699783898191,2023-05-25 23:51:28
469,17346652,1685145131,7779415.064888187596929020099437198,846929.3715705033050046449562295,2023-05-26 23:51:28
470,17353661,1685230103,7786696.417907569566555323984973283,386091.8223256387948084435396904,2023-05-27 23:28:00
471,17360768,1685316251,9906069.48788854950091027439198855,346487.5200142580967403008346356,2023-05-28 23:23:44
472,17368013,1685404223,9706060.245059415532211274880435308,713204.7582968819366302014778479,2023-05-29 23:49:20
473,17375120,1685490671,9724693.82592909697589463524448286,407335.2248740680579921310618498,2023-05-30 23:51:28
474,17382124,1685575907,9214357.607713459693453811809214946,761195.051310508917343352795772,2023-05-31 23:32:16
475,17389357,1685663915,9182375.152885335355886205382353641,995248.1485946438795985721002028,2023-06-01 23:57:52
476,17396266,1685748107,9019136.996105747244952234887247278,1266535.7615737079032066663455776,2023-06-02 23:21:36
477,17403322,1685833943,8587260.138173440070440996481388538,303408.2411898067782934198989048,2023-06-03 23:13:04
478,17410256,1685918447,8667777.538484338767238239112722334,2695713.5013334830105449632565299,2023-06-04 22:41:04
479,17417258,1686004019,8563749.410570018618889546055306577,420634.7252853612419311050064337,2023-06-05 22:26:08
480,17424788,1686095687,8959607.465062391640459164967829218,1225820.2073268113271563040935519,2023-06-06 23:55:44
481,17431631,1686179099,8695478.939987989929047944054069691,724356.439031988310610625690054,2023-06-07 23:04:32
482,17438364,1686261227,8793343.385277121905001411955439363,743878.8901873888608225396882887,2023-06-08 21:54:08
483,17445970,1686353879,7547745.641111685857680110256904161,1736336.0104839378874695078591621,2023-06-09 23:38:40
484,17452918,1686438347,7222243.265134594761394887590476649,1042026.7413914359973442062220748,2023-06-10 23:06:40
485,17460199,1686526991,6786982.981806311819573298448221844,1512619.6633652292021271330142386,2023-06-11 23:42:56
486,17467318,1686613607,6747673.647185192049190312440062428,872067.9829587548457405443868776,2023-06-12 23:47:12
487,17474136,1686696443,7499840.261022473974314261397793856,236303.7340775893955621344382745,2023-06-13 22:47:28
488,17481587,1686787139,7137081.641399207500709424478682333,1181669.5418455074694752965726884,2023-06-15 00:00:00
489,17488602,1686872435,6670351.0786696315429231543235581,986880.5003387714696308261999492,2023-06-15 23:40:48
490,17495532,1686956531,7066299.770593400132102315208861658,9435800.9077805095250156120724212,2023-06-16 23:02:24
491,17502638,1687042499,7075834.391011890030669174193167111,990993.8473001615590959546818378,2023-06-17 22:56:00
492,17510046,1687132295,7116407.608178690226017739710630372,444716.0367480098358329194733426,2023-06-18 23:51:28
493,17517089,1687217759,7126091.440470856485520766850661853,284962.1294563347227937584949631,2023-06-19 23:36:32
494,17524142,1687303355,7343540.53779155709135476425042513,463385.9725426436892855043357916,2023-06-20 23:21:36
495,17531379,1687390991,7160201.847269401031164770082015761,4254443.3401867013558595328219313,2023-06-21 23:42:56
496,17538488,1687477319,7134418.580577789335811310130474808,587282.6769265070292144197168846,2023-06-22 23:42:56
497,17545450,1687561943,6939624.200553448186680667800776651,821054.0900908733357032214740902,2023-06-23 23:13:04
498,17552792,1687651127,6883324.404329508680003475122436367,428567.7479211751781580952853826,2023-06-24 23:57:52
499,17559778,1687736027,7382625.560174596598169141204386981,665869.3659333997376796648038191,2023-06-25 23:34:24
500,17566958,1687823351,7206701.343006602414715036128455149,262171.0008816767877797919881678,2023-06-26 23:49:20
501,17574001,1687909091,7349043.8707617594170937426816953,295935.213651562064270217496269,2023-06-27 23:38:40
502,17580931,1687992923,6514074.408944194652505053823332032,215438.1659242613462213010263569,2023-06-28 22:56:00
503,17588300,1688082167,6580222.511579941720775947355527905,418330.0148616282877569190011424,2023-06-29 23:42:56
504,17595455,1688168939,6918625.746103459271856596552765816,396340.8748521886997353395972362,2023-06-30 23:49:20
505,17602189,1688250767,6867063.746154573827002412122532905,165471.5894162280076188335055636,2023-07-01 22:32:32
506,17609674,1688341499,6920936.390093378859957690285930399,484376.3198280922018295757604905,2023-07-02 23:45:04
507,17616799,1688428055,5900889.129349257084553802250701079,477958.0738944903333699565516213,2023-07-03 23:47:12
508,17623777,1688512787,5832356.451596806496739969082650887,436970.9012492142538642734178286,2023-07-04 23:19:28
509,17631002,1688600315,5750915.460182930424753295386164003,162479.7129713979447309849223706,2023-07-05 23:38:40
510,17638025,1688685575,4912344.796921163224656944855371587,587919.9971621228521848568572641,2023-07-06 23:19:28
511,17644788,1688767643,5030083.853592713051703456572305431,58175.1020961776845649166922284,2023-07-07 22:06:56
512,17651963,1688854739,4996399.947144386120757054385873579,125118.2487377670125811031968877,2023-07-08 22:19:44
513,17659265,1688943515,4978221.103046218547933035288138239,58252.8580467232042064217666204,2023-07-09 22:58:08
514,17666404,1689030311,5043730.515395867610407572929846585,137312.0883547598758825636566909,2023-07-10 23:04:32
515,17673788,1689119999,5048075.106055365892490652280880331,1233770.4381252715376151648042797,2023-07-12 00:00:00
516,17680495,1689201491,5741679.400084025944259355386708492,8169299.5767946400657442563977001,2023-07-12 22:38:56
517,17687617,1689288155,6324460.635415236132454865839311094,32076.8638803503484756945754284,2023-07-13 22:43:12
518,17695080,1689378827,3844337.222055020665368695419466352,44289.3553781283777520432687173,2023-07-14 23:53:36
519,17701414,1689456299,4071087.625672257617441218795093703,516887.6241123911017792059301697,2023-07-15 21:24:16
520,17709153,1689550523,4093279.929211487573769004744534938,154690.9172536588573571641077826,2023-07-16 23:34:24
521,17716295,1689637031,4070594.231778298331432436992256665,302092.0855519143846893386229353,2023-07-17 23:36:32
522,17723534,1689724763,4033767.032421373767564152110086815,396686.6989260294063443749622022,2023-07-19 00:00:00
523,17730392,1689807863,4052887.690879365518863766546641789,1191560.0199513009363039547349864,2023-07-19 23:04:32
524,17737631,1689895451,3979483.783198062221611355637316496,2125750.191599903972403325436758,2023-07-20 23:23:44
525,17744829,1689982535,3976912.565279047708200236495038651,490662.5652624828094760300400724,2023-07-21 23:36:32
526,17752086,1690070219,3907318.382607542941409247571537386,260302.7464926979306481020238648,2023-07-22 23:57:52
527,17759194,1690156127,4105651.870671001553569694535910118,193436.3304609313536469017398795,2023-07-23 23:49:20
528,17766324,1690242299,4056713.893818715215741283829627055,482048.3143057894083508842476262,2023-07-24 23:45:04
529,17773047,1690323683,4086486.10839110913390931153137767,429205.5131409507212137629530242,2023-07-25 22:21:52
530,17780205,1690410131,4121901.862560285112683233066902074,221368.5518349007847656845591551,2023-07-26 22:21:52
531,17787715,1690500935,4078569.442021675015399649341763677,447221.3968257475807713212270239,2023-07-27 23:36:32
532,17794972,1690588691,4091600.495117646451904689319862355,435911.7743115930989366550879793,2023-07-28 23:57:52
533,17801743,1690670519,4108677.480299614568743318546063608,179312.9075773478786600985222451,2023-07-29 22:41:04
534,17809234,1690761119,4094250.017483750243108703676455594,768223.600571883762694324440698,2023-07-30 23:51:28
535,17816280,1690846151,4124697.721836324619105341084393641,3625108.4698796760559742488311682,2023-07-31 23:30:08
536,17823378,1690931783,3930574.266288239713898470468749697,1022433.1130862766443007789961909,2023-08-01 23:17:20
537,17830218,1691014331,4052988.414249346502957447952093659,497910.4215761440517204871576768,2023-08-02 22:11:12
538,17837784,1691105795,3932324.298156027429597031007899789,352332.1570046301556012370189501,2023-08-03 23:36:32
539,17844891,1691191655,4032622.534432306251086296872745682,357116.5567022029270013722084797,2023-08-04 23:28:00
540,17852177,1691279627,4828929.585705480291048060390925806,266648.3409287797690871250136972,2023-08-05 23:53:36
541,17859193,1691364539,4738667.781279631983678453769982407,1322901.9267726677303411645904724,2023-08-06 23:28:00
542,17866444,1691452283,4531056.115789314042688731473344108,5715503.8391551709969637980288101,2023-08-07 23:51:28
543,17873629,1691539187,4893157.149371942995638456858399177,12318088.4963040545808286623835714,2023-08-09 00:00:00
544,17880753,1691625323,4971288.027960953989638146123861271,1973000.3467651751038079246924943,2023-08-09 23:55:44
545,17887901,1691711747,4968145.6849168472648686945146783,851385.6013392378876522533062272,2023-08-10 23:55:44
546,17895063,1691798315,4957475.689923482335511670148506796,548906.1464260607008374457843407,2023-08-11 23:57:52
547,17902204,1691884655,4966510.954598319266561859808427071,2192096.4602345369906255132636104,2023-08-12 23:57:52
548,17909363,1691971079,4732087.845376079678747368833020724,1021242.4819195331806326368337622,2023-08-13 23:57:52
549,17916495,1692057239,5553899.787395328968958251962404302,993863.9848138984610728453889231,2023-08-14 23:53:36
550,17923543,1692142415,5459394.10558683532929281987012339,730747.7851186403456868785101806,2023-08-15 23:34:24
551,17930773,1692229751,5409191.477753385574971751238903097,5007911.0713668068996233605668158,2023-08-16 23:49:20
552,17937894,1692315923,4992801.151408468895148955493831688,2827338.8342733717719108430679457,2023-08-17 23:45:04
553,17945102,1692403127,5229276.720733324414286815107193509,7166938.6887711363433585175049548,2023-08-18 23:57:52
554,17952212,1692489131,5207223.057142597369962469975058512,5333294.8671901877533657868131767,2023-08-19 23:51:28
555,17959391,1692575975,5256761.215421796830468447143653145,3122381.6285496968291922244178467,2023-08-21 00:00:00
556,17966529,1692662303,4952320.688008953213634381619014897,2397395.1202555964615318911783843,2023-08-21 23:57:52
557,17973684,1692748715,4827478.099735312790089999363763076,3453206.3292715683285635646335198,2023-08-22 23:57:52
558,17980838,1692835067,5028120.616747003209711041299171656,16164192.1276594731969124224937582,2023-08-23 23:57:52
559,17987869,1692920099,7360699.729046426825687553562200669,7667938.6585985810317310200361781,2023-08-24 23:34:24
560,17994986,1693006139,7503032.513423199013263636181890307,4816451.7289849813849675878221025,2023-08-25 23:28:00
561,18002254,1693094039,7594723.613485592025932183971943769,5017886.2208965588911781474002658,2023-08-26 23:53:36
562,18009398,1693180463,8073505.220133520395020124830031505,1927491.3827397307985305718941123,2023-08-27 23:53:36
563,18016314,1693264091,8070673.563129197668392812813834269,1034420.5850873246309354866744023,2023-08-28 23:08:48
564,18023612,1693352507,8979426.624611639490170131875289719,1840603.8870373468565277529381378,2023-08-29 23:40:48
565,18030824,1693439795,10530459.45927339626589107195015426,3855130.5966176204265937171079304,2023-08-30 23:55:44
566,18037946,1693525907,10130203.50377002241495860489812108,2380756.2314054069608213859159416,2023-08-31 23:51:28
567,18045012,1693611371,9873597.381089915523919474250836513,4701062.4568912040014763287243693,2023-09-01 23:36:32
568,18052156,1693698035,10125943.89116960495876346691924344,1094599.0540538101299117642397851,2023-09-02 23:40:48
569,18059337,1693784867,10152292.88112543146229567884484724,1274484.5847400179600103545904289,2023-09-03 23:47:12
570,18066451,1693870691,10622925.42955927012781893762761986,480590.8093378554735780667695403,2023-09-04 23:38:40
571,18073600,1693957187,10958880.02880414414964457289391806,645989.2352291558865843151348372,2023-09-05 23:40:48
572,18080725,1694043479,11058905.30572158766531306320932839,16605342.1235544211332161123136494,2023-09-06 23:38:40
573,18087714,1694127911,11212224.12679107977973077072623335,522467.444110163441044268244185,2023-09-07 23:04:32
574,18095031,1694216459,11210462.92567041936562272631228518,758386.5632025050555679075268351,2023-09-08 23:40:48
575,18102223,1694303507,11229823.13261244208041839536995086,114069.7862479797167512341819787,2023-09-09 23:51:28
576,18108551,1694380115,11127267.80411205311659447676972142,2659567.9871106738215619423994782,2023-09-10 21:09:20
577,18115347,1694462303,10571549.83583317111379707218212426,884990.9975294459540911091338387,2023-09-11 19:58:56
578,18123004,1694555027,11341262.62355605497431029429463962,685282.5341199772398005386686081,2023-09-12 21:43:28
579,18130722,1694648555,11375593.38417795274966809223219205,49439.7529860425323746251684923,2023-09-13 23:42:56
580,18137729,1694733599,11416804.45356098802175827600639978,437234.9270332546988285345729308,2023-09-14 23:19:28
581,18144997,1694822135,11524463.06922572919917764975945549,1207799.5084199435372017839874033,2023-09-15 23:55:44
582,18152089,1694908679,10952812.04565478709412119332785878,805027.6821187779074348055989887,2023-09-16 23:57:52
583,18158961,1694992967,10220474.02576534258230606241839369,531745.3800555595537025267344606,2023-09-17 23:23:44
584,18165960,1695078059,10129282.95910438445155201430205246,863170.2675027998423338143268482,2023-09-18 23:00:16
585,18173249,1695166271,8465946.425782826807574639256853439,534716.6885102929662945268383642,2023-09-19 23:30:08
586,18180357,1695252191,8351276.572074962589266569781318724,475756.7432689984478645815478116,2023-09-20 23:23:44
587,18186789,1695330023,7249518.987936647033081961319865324,826260.5474526451471963795261796,2023-09-21 21:00:48
588,18192946,1695404675,7266034.660752083697227005883984942,141384.9636135249116052595238166,2023-09-22 17:44:32
589,18201534,1695508571,7450142.852554081750896963556432982,101538.993289093936139711467117,2023-09-23 22:36:48
590,18208055,1695587483,5336535.412990280946761034887540583,209336.7071196831028293228195241,2023-09-24 20:30:56
591,18215344,1695675623,5353879.94287071106265704884377703,253739.3839593109606399043295403,2023-09-25 21:00:48
592,18223340,1695772247,5310924.20461404461270241927481522,82793.2001000915276123452717478,2023-09-26 23:51:28
593,18230521,1695859091,5285748.800827395773012762535244684,341251.7437617826374784040819484,2023-09-27 23:57:52
594,18237531,1695943979,4957444.784646566297758035280869425,669542.2132125150232198509486282,2023-09-28 23:32:16
595,18244644,1696030079,4962092.208395879705537059499180979,71389.7376896527189119905145907,2023-09-29 23:28:00
596,18251375,1696111319,4974542.245129153705966021231454126,33175.0665375711456928636098073,2023-09-30 22:02:40
597,18259016,1696203515,5145002.398942031200940501592967462,797662.8281741394055841663219798,2023-10-01 23:38:40
598,18265554,1696282307,4947018.570211684554748203752371306,69635.5788648290374305539389301,2023-10-02 21:32:48
599,18271761,1696357391,4921129.228230566915164663322327072,361901.6719849548722676668816648,2023-10-03 18:22:56
600,18279091,1696445855,4845530.320217234627429821980997068,201031.9588559039769304840538261,2023-10-04 18:57:04
601,18287612,1696548827,4777208.187411582100782200237124806,40172.6182628112562699590101351,2023-10-05 23:34:24
602,18294815,1696635839,4655536.317485243185240969069337379,4279.5754813059376954692591164,2023-10-06 23:42:56
603,18301320,1696714415,4622050.957315012726544196194024996,151463.8405846018461180533228712,2023-10-07 21:32:48
604,18309071,1696808087,4616390.790045927209784615826103858,69799.967374438479269356857251,2023-10-08 23:34:24
605,18315709,1696888343,4512895.937528754833781361524852173,48700.5492453826367612164436217,2023-10-09 21:52:00
606,18323480,1696982291,4516683.493413253029945759455778262,163946.5360647449925369988706212,2023-10-10 23:57:52
607,18329651,1697057039,4040855.424926342920887078406035188,2041.2185582821543542824605434,2023-10-11 20:43:44
608,18337682,1697154143,3973515.986716873033811291916525288,3111596.399464494426882586546037,2023-10-12 23:42:56
609,18344766,1697239919,4046537.044878267573212701553239684,841724.467359231627676826445304,2023-10-13 23:32:16
610,18351760,1697324399,4063110.965519279529850268261836685,142898.1479300910212696388181139,2023-10-14 23:00:16
611,18359034,1697412239,4065002.083669221222898503932892773,314333.9588446250996932636042712,2023-10-15 23:23:44
612,18365416,1697489207,4158908.388581536478450529268822704,547648.9258360750476197569985031,2023-10-16 20:45:52
613,18372270,1697572043,4068492.914899209198313980102987727,45584.1367043486407942685443083,2023-10-17 19:48:16
614,18380466,1697671091,4051388.081505311231169792636064008,2546.3232230274732226302467582,2023-10-18 23:17:20
615,18387515,1697756339,4070390.560216276225750563570174575,21840.5121318476770265454074726,2023-10-19 22:58:08
616,18394833,1697844707,4044518.647284899409267095188427837,3183495.4985855678665354486528469,2023-10-20 23:32:16
617,18401973,1697931023,4184638.814825040614406048043727338,3285457.9320598629150236615890789,2023-10-21 23:30:08
618,18409254,1698019067,4265939.85608561653132076212196342,3961124.7886401763069218514837728,2023-10-22 23:57:52
619,18415676,1698096791,4412716.506749632031035118051556604,580727.738291216459275257605931,2023-10-23 21:32:48
620,18422181,1698175475,4581733.917435683440941112614133909,282665.4357813778013974080231482,2023-10-24 19:24:48
621,18429869,1698268607,4616487.973147813113157366639429307,159731.9576428748440081405791483,2023-10-25 21:15:44
622,18435950,1698342179,4592163.350243756699821204185146669,147035.2197672273133983885453797,2023-10-26 17:42:24
623,18444284,1698442787,4591503.610233561016780365486282966,4118421.6060433572403508813597174,2023-10-27 21:39:12
624,18451924,1698535151,4587151.84755387367512155035378007,288202.666131354802778919863255,2023-10-28 23:19:28
625,18459041,1698621275,4670025.104314180030037517632541086,41295.3181377112016433791892802,2023-10-29 23:15:12
626,18464752,1698690419,4644227.67090191260566748542752308,3066016.3077768971441591054903837,2023-10-30 18:27:12
627,18473503,1698796331,4450412.223514848356610259307109112,2959776.1329449835611009900788701,2023-10-31 23:51:28
628,18479386,1698867431,4525580.27389181011767751334838534,196977.5236058262793336014538162,2023-11-01 19:37:36
629,18487451,1698965123,4432284.249536117742599383530823589,10453447.9708103160072649365669455,2023-11-02 22:45:20
630,18494927,1699055567,4652016.123497042182726876886311062,1747662.9649257247938178235755556,2023-11-03 23:53:36
631,18501924,1699140299,4723360.216381569700408803470033103,1227914.4017717655473803743048788,2023-11-04 23:25:52
632,18508785,1699223435,4747275.85746859563334040468318711,985387.8954596278556562742513544,2023-11-05 22:30:24
633,18516295,1699314275,4896268.715060628595390934263169069,1207334.36116535846067555062166,2023-11-06 23:45:04
634,18523477,1699401059,4854262.199957925130453249644185287,6593568.3738528735850010519131144,2023-11-07 23:51:28
635,18530018,1699480055,5122521.775403175664652209361138266,2940971.1342415362062473317004685,2023-11-08 21:47:44
636,18537808,1699574183,6394734.045047018086512601673980461,9213753.9626421260030496487353553,2023-11-09 23:55:44
637,18544907,1699659923,6389261.144093759996359915007885123,2709210.8524928559377631791055504,2023-11-10 23:45:04
638,18551566,1699740467,6289818.056187817013119273339880103,579273.271161209076670854580966,2023-11-11 22:06:56
639,18558952,1699829795,6503529.442922822195143974394104042,783770.0517322288778674703775581,2023-11-12 22:56:00
640,18565892,1699913663,6635308.41666071647349025909632925,1509402.2205857128985260665563302,2023-11-13 22:13:20
641,18573568,1700006279,6475196.68772668110578282605822594,2360224.9177700129622940789915565,2023-11-14 23:57:52
642,18580634,1700091695,6711226.182265637724308758903075606,1803036.8216835605887495337111164,2023-11-15 23:40:48
643,18587748,1700177591,6397073.361420933917284043881442427,3746468.9310282901737729407976705,2023-11-16 23:32:16
644,18594039,1700253611,6396291.285928886535186233461632898,2530180.8983465191816051069472448,2023-11-17 20:39:28
645,18600793,1700335619,7283657.954343270091152424358786808,673348.9948513274733346358542925,2023-11-18 19:26:56
646,18609271,1700438255,8026342.185256631115396981350334982,6609463.9251606230179556862486002,2023-11-19 23:57:52
647,18616196,1700521967,7926394.197980690459199125879207612,381435.9014366525101011074262082,2023-11-20 23:13:04
648,18623494,1700610239,7633801.539035587347370482686806636,1514218.6037298343465360114087602,2023-11-21 23:42:56
649,18630587,1700696063,7634962.985820086209620104222373491,6183168.9688010532579706883156455,2023-11-22 23:34:24
650,18637671,1700781719,7657630.792248373501670089210065157,421103.8827604544429765728994036,2023-11-23 23:21:36
651,18644723,1700867123,7633225.782976458934605277492209574,2052782.5087962733559955502065694,2023-11-24 23:04:32
652,18652027,1700955431,7658224.364744991608912302519617095,1795357.0757930547299292737363871,2023-11-25 23:36:32
653,18659121,1701041327,7611044.909024077013316965863029174,867676.8322830265966383690054916,2023-11-26 23:28:00
654,18665490,1701118499,7333204.589033618654828786925335963,10043.7245030344830798672671783,2023-11-27 20:54:24
655,18673510,1701215459,7550337.000825401252103105225327248,1639573.8764654366885827387643329,2023-11-28 23:51:28
656,18680426,1701299051,7787612.971785845014314337968046107,1982709.9389485077711726162276004,2023-11-29 23:04:32
657,18686388,1701371123,7534715.972693605141660736624257843,330919.6735949225956004668874548,2023-11-30 19:05:36
658,18693488,1701456959,7828562.152361072356679870428122331,239934.0812514149146023126386403,2023-12-01 18:54:56
659,18701163,1701549575,8055871.385848393029067136403043185,8297662.67858318255751005921031,2023-12-02 20:39:28
660,18709126,1701646031,8229242.339247162321830848489726931,1031672.5608792691145709476763057,2023-12-03 23:28:00
661,18716162,1701731087,8355822.385074584276811924172454367,7222301.6471700470962214583539923,2023-12-04 23:04:32
662,18723571,1701820715,8540866.1007182773717021689819295,7310777.5096257250413777891166439,2023-12-05 23:57:52
663,18730597,1701905939,8615565.829129779294940503733415288,7593797.74951799824013571119856,2023-12-06 23:38:40
664,18737565,1701990383,9154730.26751749040963356705173004,2563373.5141504204378582943741467,2023-12-07 23:06:40
665,18744743,1702077347,9101766.801924982700748759522668626,1011938.6561241709924024901318235,2023-12-08 23:15:12
666,18752065,1702166015,8987713.407636992795752872723143997,2627259.9383170944204915267103387,2023-12-09 23:53:36
667,18759092,1702250951,9144507.1654142853396396894074679,5816674.3825860605712112069696235,2023-12-10 23:30:08
668,18766220,1702337099,8629390.26626164062445436867949618,6046004.9201676293577516514661287,2023-12-11 23:25:52
669,18773153,1702420979,8478109.660531824991104879850350733,2149214.4380127628778713852169129,2023-12-12 22:43:12
670,18780431,1702509011,8575079.29093387086437500149547672,7469679.7072616408073823080641898,2023-12-13 23:10:56
671,18787424,1702593767,8718394.170752473276665470857446308,1694780.4769146176921785023470767,2023-12-14 22:43:12
672,18794756,1702682579,8448176.840953490090507741960697817,344264.680940915252967343221343,2023-12-15 23:23:44
673,18802002,1702770683,8389335.75084206457391341397987667,1559073.64648086329119266300077,2023-12-16 23:51:28
674,18808757,1702852643,8394505.15538106782803082798159416,1207839.307045597772097700177933,2023-12-17 22:36:48
675,18816269,1702943591,6291377.678444535423571498193989728,1278783.739907432883854710068305,2023-12-18 23:53:36
676,18823294,1703028923,5913308.864857224584680644025527477,4842273.098729266890815792478252,2023-12-19 23:34:24
677,18830478,1703116115,5915349.473518160619180322111992275,5616669.541265909834634938420852,2023-12-20 23:49:20
678,18837644,1703202803,6042528.273292142229245659588431625,2222534.508400460755859923418021,2023-12-21 23:53:36
679,18844735,1703288711,6268574.672910162354029603103520314,6732287.628169522687806042461234,2023-12-22 23:45:04
680,18851883,1703375351,5974185.388983982272179323971303464,9054933.633844567260370831133508,2023-12-23 23:49:20
681,18859042,1703462303,6875457.229769358574454670859366053,22391007.535669190506503947562347,2023-12-24 23:57:52
682,18866118,1703548343,6923430.122444741926771605023899254,16891955.904342344024367640185809,2023-12-25 23:51:28
683,18872734,1703628419,6741707.992321251300078166911352538,15168746.733086978057219975237842,2023-12-26 22:06:56
684,18880355,1703720987,7259138.914274551449268213028142596,15654096.38248816460758785881345,2023-12-27 23:49:20
685,18887451,1703807003,7536244.099082230970880645459303941,21309098.459379756657609363363122,2023-12-28 23:42:56
686,18894555,1703893271,7370940.506444826863229198611029219,14260049.855115603870542579322865,2023-12-29 23:40:48
687,18901750,1703980715,7376212.289935728257373927305354013,8843864.305390261311061560096803,2023-12-30 23:57:52
688,18908438,1704061715,7391989.02370808145812031940918206,383975.12335569228254274095682,2023-12-31 22:28:16
689,18915697,1704149903,7698127.167562369329351048982499585,3175460.791607474082255463147498,2024-01-01 22:58:08
690,18922793,1704236027,7303807.786133271936334752214984805,2110137.454753449849658303706159,2024-01-02 22:53:52
691,18929455,1704316763,6742665.893125207807880407818943995,5026616.338504251937029833611784,2024-01-03 21:20:00
692,18937024,1704408491,3944421.191921316800802151939727032,1610924.731861537896013783696324,2024-01-04 22:47:28
693,18944324,1704497291,3510907.52103840802376193375707153,3792541.791080435984508215069165,2024-01-05 23:28:00
694,18951348,1704583295,3715726.442450514549164029629493282,1158467.913635657796743663054381,2024-01-06 23:21:36
695,18957306,1704656027,3670029.600534991064645115880181582,829806.69833380281396899918859,2024-01-07 19:33:20
696,18963932,1704736799,3357174.657196692320988611730188711,235513.396625293748931740815011,2024-01-08 17:59:28
697,18972738,1704843611,3477621.927028251807214782950254187,577450.884233436772384459864477,2024-01-09 23:40:48
698,18979500,1704925391,4031315.053633977286065752399636835,300923.764977534700132062129303,2024-01-10 22:24:00
699,18987039,1705016831,4015845.848133567976391248067246797,1469396.089974519692788348933528,2024-01-11 23:47:12
700,18994116,1705102343,3856191.775953184934419695161254441,371221.161953163352493392545417,2024-01-12 23:32:16
701,19000937,1705184711,4300957.143274650454088938598990917,557696.531552200373617020010367,2024-01-13 22:26:08
702,19007072,1705258799,4301569.754721311687345700369591179,6770433.561879296864766362515058,2024-01-14 18:59:12
703,19014171,1705344503,4378158.103516477900322427790536822,137488.773339821372151739923121,2024-01-15 18:48:32
704,19022190,1705441151,4492563.98175139560403060617697198,1123053.050062081962940979560041,2024-01-16 21:39:12
705,19029929,1705534763,4353176.856495400670099703074627446,133402.436769764029526772827941,2024-01-17 23:38:40
706,19037146,1705621931,4264715.562452870524068444954942737,364258.755710642707689207313967,2024-01-18 23:51:28
707,19044204,1705707059,4238541.169520475040312476159370582,270229.899944255877371062723781,2024-01-19 23:30:08
708,19051514,1705795199,4182117.119084926416092738850799653,387630.817282769380202265123522,2024-01-21 00:00:00
709,19058358,1705878767,4259078.469856348842022246739157819,309703.163831590890309892782904,2024-01-21 23:13:04
710,19065221,1705962479,4018432.04163812720351243134438634,168534.220967767467344847548708,2024-01-22 22:28:16
711,19072118,1706046239,3786117.043698386823872352197880157,1148306.359739582873256139619883,2024-01-23 21:43:28
712,19079566,1706136419,3801550.766399528746607931209134195,739521.704477402738278774950691,2024-01-24 22:47:28
713,19085938,1706213567,3847005.578096412662803380300291654,133640.190818776468668400588784,2024-01-25 20:11:44
714,19094154,1706312963,3929769.725356227740394994472297706,558613.628405462077875929182738,2024-01-26 23:49:20
715,19101272,1706399267,3938119.126599538207553129554907078,443240.944573576212604182628067,2024-01-27 23:47:12
716,19108421,1706485799,3669031.575893948141592489245727212,4317194.732131636023732545773035,2024-01-28 23:49:20
717,19115526,1706571791,3934680.399656636289441220954266395,7578462.610058200293509024407398,2024-01-29 23:42:56
718,19122623,1706657567,4142263.238976135147224111221127805,92530.879597518041257700191508,2024-01-30 23:32:16
719,19129852,1706745155,3867393.659056155254381564269029576,4107674.216446679376717499471642,2024-01-31 23:53:36
720,19136464,1706825351,3894316.527005273969669589840687847,148252.245554715533989058882063,2024-02-01 22:09:04
721,19143410,1706909543,3881423.99804138844507412736038637,254821.397821708301197818552897,2024-02-02 21:32:48
722,19150142,1706991335,3881704.762642685597127047855229618,136546.271329638453979466285507,2024-02-03 20:16:00
723,19158366,1707091199,4057353.33303301753881227876016678,6383140.223015855200933201912673,2024-02-05 00:00:00
724,19165451,1707177143,4071526.665631062709489885727459971,1946799.305137844717429331257236,2024-02-05 23:51:28
725,19172412,1707261563,4290798.947905202611410402355712142,282916.866178038057358751914252,2024-02-06 23:19:28
726,19179334,1707345431,4380214.84335581511454460971589154,311054.858697871195950970117928,2024-02-07 22:36:48
727,19186221,1707428999,4601199.406300606668952774706265247,881001.898075633706637896623565,2024-02-08 21:49:52
728,19193834,1707521195,4730931.464869331991359834736929285,199022.480490302509819483151634,2024-02-09 23:25:52
729,19200905,1707606959,4737280.667822335339773792598519196,510572.626765663073811341740932,2024-02-10 23:15:12
730,19205381,1707661259,5031100.339095415702821067628065352,12396.023426091095974319204219,2024-02-11 14:21:52
731,19214190,1707768059,5236695.096844106412225739136951919,179820.305579122652383837838157,2024-02-12 20:01:04
732,19221536,1707857063,5244926.005340362665345414759709975,146086.87815900831585340386169,2024-02-13 20:43:44
733,19227471,1707929075,5396851.781454923052050720072746411,106325.890405407815015034506896,2024-02-14 16:44:48
734,19236374,1708036907,5543819.411951916638798269639075007,3286250.39163820464889672473729,2024-02-15 22:41:04
735,19243271,1708120631,5486028.265740255947823335604941023,115094.161761917863932475588426,2024-02-16 21:56:16
736,19250354,1708206587,5565679.006206646454489926216467623,94948.142236737296423929837921,2024-02-17 21:49:52
737,19257989,1708299539,5189034.629879447338432207636109673,5735781.093956863552301884734225,2024-02-18 23:38:40
738,19264992,1708384667,5344379.434264861275328466457057095,271468.693477005759954695819017,2024-02-19 23:17:20
739,19272123,1708470971,5432908.609919075525900011047595857,512230.214742762250189892822267,2024-02-20 23:15:12
740,19279390,1708559183,5319606.750390769268691591262645488,678469.671791042501789946267422,2024-02-21 23:47:12
741,19286069,1708640219,5347726.5748314244298768070056605,35298.389321965065740159497932,2024-02-22 22:17:36
742,19293673,1708732211,5234663.432901604201785190240387426,122288.514575213897745745567969,2024-02-23 23:49:20
743,19299940,1708807847,5357425.622088300267567404585276346,132794.570071332637535864922969,2024-02-24 20:50:08
744,19307912,1708904183,5669709.627838359753064441003912953,912793.307940173448855078906819,2024-02-25 23:36:32
