day,blockNumber,timestamp,totalValueLockedUSD,dailyVolumeUSD,dailyTotalRevenueUSD,dailySupplySideRevenueUSD,dailyLPFeeROIAverage,token0BalancePostion,token1BalancePostion,token0PriceUSD,token1PriceUSD,positionValueETH,dailyLPFeeROIPosition
19228,15405825,1661384259,0.000000000000008176233897172242046182147512941331,0,0,0,0.0,0.7644404148523678,0.26155559940812867,1601.8614883510331,1657.5036401567254,1.0,0.0
19233,15436943,1661814932,37574.64377269250371086989839737925,25859.39205764381801832691892384141,12.9296960288219090091634594619207,12.9296960288219090091634594619207,0.00034410694901167914,1.0386531065270534,0.0,1435.644170459789,1535.1288373577231,0.9678562678914744,0.0
19234,15443193,1661901813,189464.0557372850786701839778751565,567560.955652876696491597453581363,283.7804778264383482457987267906812,283.7804778264383482457987267906812,0.0014978064135813414,1.0386531065270534,0.0,1416.955925866504,1528.6865850446802,0.9644748609352377,0.0
19235,15449575,1661989683,192254.213391271586808577584381599,675007.6680608205710791665272518636,337.5038340304102855395832636259314,337.5038340304102855395832636259314,0.0017555081268545716,0.7669875706722539,0.25380723506792147,1435.5857420369728,1548.0730480372358,0.9703758422387363,0.0017966537494419935
19236,15455854,1662076410,198000.9632847611932085507268316818,419531.066227513581341285980229443,209.7655331137567906706429901147202,209.7655331137567906706429901147202,0.0010594167302715393,0.7629576901995225,0.25931689849604894,1478.987306070453,1586.487967631427,0.9724770079335825,0.001085375762294213
19237,15462157,1662163085,196983.4139825428045697176792555348,494494.002682186951384848132364624,247.2470013410934756924240661823135,247.2470013410934756924240661823135,0.0012551665967318708,0.8234116594284803,0.2040172606129649,1469.566992583068,1576.4704436641955,0.9694642163606472,0.001287493356291683
19238,15468319,1662248991,271878.218176317553434304076639074,434520.468111582562138022099257956,217.260234055791281069011049628976,217.260234055791281069011049628976,0.0007991086432488474,0.811431759728623,0.21640927976347168,1442.6310719913804,1554.912245235724,0.9716253406401812,0.0007197347886111175
19239,15474505,1662334052,274123.4004546258557188227696841651,897477.988844988553826392585058509,448.738994422494276913196292529254,448.738994422494276913196292529254,0.0016369963077879285,0.8849753272465295,0.14888718617349952,1450.575620842696,1572.1622203096042,0.9670519102776939,0.001477150669177419
19240,15480751,1662421507,482242.4308540710719754204698361542,2106238.758437312020223582178693293,1053.119379218656010111791089346647,1053.119379218656010111791089346647,0.002183796596565629,0.888467447755485,0.14708738424797518,1496.39660528684,1623.5647737103604,0.9683163396237986,0.0019275568758950542
19241,15487060,1662508643,931760.0543837371975594563063863362,4130327.333936640088198810256971892,2065.163666968320044099405128485944,2065.163666968320044099405128485944,0.0022164114647887667,1.012018365600057,0.03537645001292867,1432.816280800998,1563.7290554317276,0.9604807493625495,0.0020930562569561224
19242,15493287,1662595184,1186379.850357140987220637287942521,2796734.178146003230462540580965005,1398.367089073001615231270290482478,1398.367089073001615231270290482478,0.0011786841192996031,0.9744644638836303,0.07178082381899129,1498.3856643583244,1628.188911106207,0.9657688325187676,0.000811523197661149
19243,15499562,1662681280,829633.8154023879605428417250169802,3624627.40650431256900270256610357,1812.313703252156284501351283051791,1812.313703252156284501351283051791,0.0021844742458733434,0.9158326371970195,0.12650164893509014,1503.9200093883192,1632.6584048188754,0.9712490738311859,0.0015899321074675306
19244,15505477,1662765632,1082576.111388258039738562238601489,4255441.16472000994574452898742075,2127.720582360004972872264493710373,2127.720582360004972872264493710373,0.001965423548494424,0.7506192859853169,0.2816084318451065,1618.0357070752677,1723.4920606611668,0.9845697457182339,0.001378658212802124
19245,15511671,1662854064,1015900.301341105093602067424082404,4171445.43584206255736054450079509,2085.72271792103127868027225039754,2085.72271792103127868027225039754,0.0020530781565549668,0.6795787302884875,0.34971900284983254,1676.9679594879376,1779.1227737185932,0.9903643618430185,0.0009615325457418741
19246,15517708,1662940149,1234748.943846350865521606793071485,3658154.27930076477616240349534599,1829.07713965038238808120174767297,1829.07713965038238808120174767297,0.0014813352534262126,0.6802321673550539,0.3500552690529371,1666.20890164536,1762.6208998002508,0.9913166294090736,0.0005354103825810797
19247,15523678,1663025435,1375981.500930605055614495726202095,3158690.01916603981701319701086901,1579.34500958301990850659850543449,1579.34500958301990850659850543449,0.0011477952345397638,0.6293381016955288,0.3986780357446502,1622.2476979396768,1708.3990507857472,0.9947559276690698,0.0006134078212990446
19248,15529733,1663111866,1201521.548029869462738635970674208,3982568.55575563416127079653377396,1991.28427787781708063539826688694,1991.28427787781708063539826688694,0.0016573021775122705,0.5742055278314336,0.45164132602932583,1493.3512511266244,1568.0036025409393,0.9982810002418826,0.0009930599500361987
19249,15535749,1663199447,748781.0020831826774140747731876705,3153820.23071923828401926805482059,1576.91011535961914200963402741026,1576.91011535961914200963402741026,0.0021059697174106973,0.5388917018504341,0.4863076059167129,1562.5914014026073,1631.283402150898,1.001024444447532,0.0011930568046951153
19250,15542482,1663286135,1214088.621592892607691968304016923,3173394.70377215878945620764479251,1586.69735188607939472810382239626,1586.69735188607939472810382239626,0.0013069040625752028,0.5830899606236312,0.4453694904975664,1406.970596660178,1471.0861312242503,1.0000786700852689,0.0017851720410214647
19251,15549530,1663372007,2064669.646185754025938805133425875,7635117.91760216460827643752502599,3817.55895880108230413821876251302,3817.55895880108230413821876251302,0.0018489926298154258,0.6409844989425845,0.39221860475689746,1355.1066203809057,1427.694756227144,0.9988419190104625,0.000676818069741422
19252,15556478,1663456199,2394721.288027015852363330324575886,3642957.55436434258441884440879096,1821.47877718217129220942220439549,1821.47877718217129220942220439549,0.000760622451676983,0.5463166638784825,0.48287997459450155,1395.9281495224682,1462.5554030289281,1.0044278627509355,0.00031156961931974396
19253,15563851,1663545551,3181798.759449896091748864566292413,4042691.53116805058862759539916875,2021.34576558402529431379769958431,2021.34576558402529431379769958431,0.0006352839756382008,0.3617881776054367,0.6608603748926567,1299.0252037478408,1334.1797747571602,1.0121673329694314,0.0005853720093033297
19254,15570966,1663631831,3240123.287806708422020821859714238,2617481.92042673360102232590142473,1308.74096021336680051116295071234,1308.74096021336680051116295071234,0.00040391702536086976,0.37391057420327595,0.6496880247782044,1338.79408843619,1380.6122598737888,1.0123670399351208,7.073778399446697e-05
19255,15578114,1663718351,2345528.332148986098067658739315912,2254963.43174164089638275644928975,1127.48171587082044819137822464493,1127.48171587082044819137822464493,0.0004806941363346549,0.40537137916638694,0.6192880313108512,1278.1680681792066,1322.9487101457353,1.0113442726945419,0.00023119026078793344
19256,15585153,1663804571,2246216.272559580217010017451805001,2454973.1845999256785063222460821,1227.48659229996283925316112304101,1227.48659229996283925316112304101,0.0005464685690756005,0.4271755514874172,0.5984548542177759,1205.2294374857793,1249.193242990128,1.0107736499655724,0.0002886929885308105
19257,15592278,1663890647,2533147.644968617542343725115349346,1595858.17112961671296646562711122,797.92908556480835648323281355559,797.92908556480835648323281355559,0.00031499509598252953,0.4283852803170662,0.5975790542888072,1284.3946859842347,1330.0982399482955,1.0110241611477937,0.00015405559027920507
19258,15599347,1663975871,2936745.881265082930417062566225895,1594417.92182550926067957241850231,797.20896091275463033978620925112,797.20896091275463033978620925112,0.0002714599741157499,0.39804774018999867,0.6270554170438275,1291.1413297058252,1334.5422843718002,1.012298139357862,0.00014949753992363592
19259,15606604,1664063339,3056407.620473824650349838428795538,691680.82641699577446019419367955,345.84041320849788723009709683977,345.84041320849788723009709683977,0.0001131525817733969,0.40787663118877315,0.6176983067848993,1271.8098653692018,1314.5610042574633,1.012098626762528,4.6378630017235886e-05
19260,15613615,1664147843,3077267.992967558784181493764145721,466704.00580713261117397850042386,233.35200290356630558698925021191,233.35200290356630558698925021191,7.583090047303084e-05,0.4133251350286229,0.6124780744773978,1251.3420855205234,1293.4052120549957,1.0119471043629364,2.9485527749249856e-05
19261,15619759,1664222135,3448255.387154224699173814036982544,243675.58850622034593918948855508,121.83779425311017296959474427754,121.83779425311017296959474427754,3.533317013205928e-05,0.4426814237527291,0.5841740078671203,1289.1781560494908,1333.3759628682656,1.010861645389489,1.9575213926818942e-05
19262,15628037,1664322239,4690697.454397910430034604622487937,1471361.79699339363045527921141682,735.68089849669681522763960570843,735.68089849669681522763960570843,0.00015683827525625986,0.413345413304866,0.6125081234595054,1285.8817428443808,1330.4664217811721,1.0119967518224946,6.7803783614632e-05
19263,15635171,1664408315,4912387.993752671447453367344229461,5210572.00561044232046455021558174,2605.2860028052211602322751077908,2605.2860028052211602322751077908,0.0005303502097388262,0.39274581735040937,0.6325047134266588,1294.439196732216,1339.6369339264854,1.012806167083831,0.00018294203076254937
19264,15642132,1664492399,4857680.581566932540852456308524089,2251258.30852983239811181533867335,1125.62915426491619905590766933668,1125.62915426491619905590766933668,0.00023172152539964333,0.39607395308013754,0.6294677892021923,1287.0250165987165,1328.3137844213268,1.0128768905749488,7.904912692346515e-05
19265,15649207,1664577755,6175418.661898223989210691331167669,3928394.02506453686831848867854135,1964.19701253226843415924433927065,1964.19701253226843415924433927065,0.0003180670202412651,0.7683137619473435,0.26570866249909814,1291.9569864487698,1322.7502239194062,1.0158783184163096,9.968915837627657e-05
19266,15656691,1664668319,6007136.089200082626315795402613433,254769.7771500281031160707280839,127.38488857501405155803536404194,127.38488857501405155803536404194,2.1205593927534406e-05,0.7770460725209607,0.25728722145249633,1281.9094960579368,1312.463255929215,1.0153762865900176,1.324861470498539e-05
19267,15663827,1664754239,5726718.341738800406533589083332583,477192.7791747912123123776138096,238.5963895873956061561888069048,238.5963895873956061561888069048,4.166372001367728e-05,0.8193031664674348,0.21615478345085135,1242.9963832838741,1275.7528866676196,1.012358924755528,2.8910467395656103e-05
19268,15670622,1664836295,6127247.731350622967308809201581934,789969.86624193438223854260151157,394.98493312096719111927130075578,394.98493312096719111927130075578,6.446367936128821e-05,0.8486237777494291,0.18772849856072543,1281.7325919263876,1319.7701528260604,1.0102030299178488,4.258060870784142e-05
19269,15678191,1664927951,6236956.031195700209566050872212553,5070411.06893315935541602122411398,2535.20553446657967770801061205702,2535.20553446657967770801061205702,0.0004064812260638223,0.8291234036064424,0.20668805678666324,1323.2553081364597,1362.079265260322,1.0117107580515774,0.00028799944311881263
19270,15684966,1665009863,6384859.595375084967461517589778936,5462739.82609474876135462964596237,2731.36991304737438067731482298117,2731.36991304737438067731482298117,0.00042778856327958407,0.8152593597224741,0.22044937990042918,1315.330817137599,1349.7871563603974,1.0130406808093004,0.00018805989325934464
19271,15692462,1665100343,6819175.287388951708210573007454363,1780493.9633742201818672990192255,890.24698168711009093364950961279,890.24698168711009093364950961279,0.00013055053495009713,0.8143280198426335,0.22154538918094036,1315.6927686334564,1350.78254521755,1.013310414440895,5.526158746391459e-05
19272,15699537,1665185891,6649090.149975431333750743290663319,177682.74460692565047785054512493,88.84137230346282523892527256249,88.84137230346282523892527256249,1.3361432962943222e-05,0.812203748778613,0.22366701006071127,1298.1082911803649,1332.7290864035454,1.0135245703191738,4.964116406846209e-06
19273,15706498,1665269795,6505258.800563614054409647989372308,67248.563269912523004361760677,33.62428163495626150218088033852,33.62428163495626150218088033852,5.168784619613145e-06,0.820886213875596,0.2152318321876533,1274.7954517789074,1308.7944891376076,1.0128946229717237,2.2014889397335587e-06
19274,15712926,1665347303,6425151.903029438500052873979317721,229078.46510411994878927715522489,114.53923255205997439463857761245,114.53923255205997439463857761245,1.7826696439356568e-05,0.8339122097899396,0.2025841711133098,1281.4313573304498,1317.4536523448337,1.0119326910544029,9.020475857526333e-06
19275,15721028,1665445031,5805870.437302726954017838890839158,580040.09994498537145111101375487,290.02004997249268572555550687745,290.02004997249268572555550687745,4.995289734836544e-05,0.8415208534602132,0.19521135695527422,1255.0995905395898,1292.782440334424,1.0113729161021132,2.6854825795512067e-05
19276,15727973,1665528779,5497465.958606555981544285170928121,3604066.31393966997278696549496877,1802.03315696983498639348274748442,1802.03315696983498639348274748442,0.00032779341801083146,0.8306852302090622,0.20575287468455822,1237.9757470499214,1277.9013097214788,1.012211358011725,0.00020293107559659243
19277,15735179,1665615695,5660712.693574434850867481401614421,388392.4587090016246827906703093,194.1962293545008123413953351547,194.1962293545008123413953351547,3.430596814689713e-05,0.8286823684497022,0.2079029433836825,1257.016257860116,1298.0425391886426,1.0125778888138153,2.229215940938198e-05
19278,15742567,1665704879,7912384.828333444627055189544997807,2514839.9659484022047713881054815,1257.41998297420110238569405274072,1257.41998297420110238569405274072,0.00015891795081446341,0.8449922506212025,0.1921000003220744,1249.7225215385142,1289.4098633394497,1.0113825364748041,3.991525650872324e-05
19279,15749707,1665791003,7962947.209657357725271044930528134,571449.0358917205015527107934997,285.72451794586025077635539675004,285.72451794586025077635539675004,3.588175463468316e-05,0.8406802347885918,0.19632203120133127,1255.2873323683489,1295.15139543793,1.0117498384108028,8.682111508385678e-06
19280,15756062,1665867623,7874695.444706913718434715836516414,617013.4462350544407396292974728,308.50672311752722036981464873639,308.50672311752722036981464873639,3.917697202180616e-05,0.8330845067781055,0.20370096363287638,1239.4029534732415,1278.7625775464526,1.0123270158738313,9.470222145041322e-06
19281,15763508,1665957479,8025341.96185882946605465641194401,1043472.5400579305782689371234418,521.73627002896528913446856172085,521.73627002896528913446856172085,6.501109516685575e-05,0.8396091752590137,0.1973793365365636,1254.8268153517722,1294.6762538179496,1.0118496956897862,1.648667254532688e-05
19282,15771110,1666049315,8330756.315195356252584302410068552,1609263.8402740669290077252968307,804.63192013703346450386264841536,804.63192013703346450386264841536,9.658569878816157e-05,0.8450552498861211,0.19211432253485478,1289.5572309023462,1330.5096004985053,1.011457941138341,1.6631581880602167e-05
19283,15778425,1666137467,8249469.859054915222940770062743186,1955980.8957635429662707071386723,977.99044788177148313535356933624,977.99044788177148313535356933624,0.00011855191480071825,0.8526768379714436,0.18474403189869307,1271.3485888809946,1311.3805535648003,1.0108988624237474,2.3154445443001768e-05
19284,15785570,1666223771,8080635.007893630694215856037745303,2083770.0979078898974791070520301,1041.88504895394494873955352601507,1041.88504895394494873955352601507,0.0001289360363308294,0.8592195947177267,0.17843008618056494,1244.9852882227153,1284.1871306803032,1.0104248432127934,3.603281702384851e-05
19285,15792409,1666306259,8703230.742382871184512646996043334,4332749.120565872543126343394614,2166.37456028293627156317169730686,2166.37456028293627156317169730686,0.00024891613521553046,0.845119322535489,0.1921288887701725,1239.7351107215,1282.9802993804185,1.0115346305500945,2.9357037266474622e-05
19286,15799450,1666391147,8800590.036403320517463990727757527,55113.1966418820014504177469238,27.55659832094100072520887346188,27.55659832094100072520887346188,3.1312216802457713e-06,0.8451441327349353,0.19213452910512005,1258.0822362987262,1301.2040865068245,1.0115643262099399,3.585710207712776e-07
19287,15806652,1666477979,8060965.336920375487936440279249856,131524.4328948696217647561590896,65.76221644743481088237807954482,65.76221644743481088237807954482,8.158106839417164e-06,0.8440577660106556,0.19318825745751322,1271.2065967108563,1314.2562265235426,1.0116465792550309,1.1395458819757986e-06
19288,15813758,1666563659,7999750.660574475126015517821763479,165451.8257315602813532155837385,82.72591286578014067660779186934,82.72591286578014067660779186934,1.0341061412511506e-05,0.842972111175896,0.19424219094532605,1305.3012589196285,1349.4009722683904,1.0117295253138212,1.4275662676045662e-06
19289,15821300,1666655183,7983136.920918749287964883380923998,144517.9391481943387122068465386,72.25896957409716935610342326934,72.25896957409716935610342326934,9.051450612697389e-06,0.8429733145744464,0.19424246823892558,1301.640266340342,1345.6162927454077,1.0117309696247634,1.2501379119705722e-06
19290,15828372,1666740611,7710966.119512245594674129692685389,474067.7892876732444135774957575,237.03389464383662220678874787879,237.03389464383662220678874787879,3.0739843875598575e-05,0.8440609879942969,0.19318899490633518,1411.7868899568607,1459.4842293497368,1.0116504409678904,4.616329444780155e-06
19291,15835333,1666824515,8313816.051366213976318206245107126,2204273.69417790632223582141533,1102.136847088953161117910707665,1102.136847088953161117910707665,0.00013256690312601256,0.8180008827813409,0.21849373769233574,1522.7728542145553,1571.0307320327154,1.0135913069122475,4.2474146428244875e-05
19292,15842685,1666913243,7988120.732596593077517012849173938,1762573.5961610153953878518048601,881.28679808050769769392590243009,881.28679808050769769392590243009,0.00011032467179474381,0.812609331292101,0.22377870054263924,1468.4880891869038,1511.7816276410822,1.0140306845095233,2.1309067036027322e-05
19293,15849961,1667001131,8206953.336430646580370301669343117,975596.7949861639528175585758444,487.79839749308197640877928792207,487.79839749308197640877928792207,5.943720860794298e-05,0.8104564626369927,0.22589415634691537,1512.6521485642602,1557.24771896342,1.0142101431560187,1.1463962773355355e-05
19294,15857042,1667086703,8480858.454127197109423557801578379,2228546.4640427202089034716077533,1114.2732320213601044517358038767,1114.2732320213601044517358038767,0.0001313868446276333,0.7985334798154671,0.23750943262369884,1568.2374227802854,1614.4717420562508,1.0150829728437538,2.52582855149517e-05
19295,15863991,1667170451,8275455.624435933308470142414750571,2040373.8122008422111719007481909,1020.18690610042110558595037409551,1020.18690610042110558595037409551,0.00012327863895348463,0.7974691952159864,0.2385714738909741,1536.2414815089185,1580.243218753411,1.0151863186165548,2.326395211786333e-05
19296,15871006,1667255111,6785878.214735866650002530348769806,950829.9808180991084608396130002,475.41499040904955423041980650029,475.41499040904955423041980650029,7.005946398752967e-05,0.7996567605533714,0.23646494329784148,1520.8443635878632,1564.4050894775396,1.0150544213890198,1.078110112786386e-05
19297,15878184,1667341991,6641844.239598185054597274504671932,1952902.2355233805572877336067085,976.45111776169027864386680335417,976.45111776169027864386680335417,0.00014701505824845469,0.7697790227170319,0.2655772798047432,1531.385398138931,1574.0365216821215,1.015376005735353,3.334338685054543e-05
19298,15885406,1667429183,4073024.821126490469612357027230289,5493416.1494941811439084222156741,2746.70807474709057195421110783722,2746.70807474709057195421110783722,0.0006743656607492571,0.7178475640469084,0.31631626777336,1483.85261954103,1511.4895586976884,1.018895594257515,0.0002866664178381732
19299,15892905,1667519735,4553008.947894526493284400916577144,2788266.9596443262413963691509617,1394.1334798221631206981845754809,1394.1334798221631206981845754809,0.0003062004700137609,0.7396931984646422,0.2952485295211773,1496.5386387831995,1529.3040962630225,1.0177624439177557,0.00010164046254606366
19300,15899858,1667603543,4906633.230582210688830481349994796,338637.1749566721933474030207702,169.31858747833609667370151038506,169.31858747833609667370151038506,3.450809944851841e-05,0.7516807370274922,0.28364924347258585,1611.9658959540468,1648.736257784248,1.017065126344065,1.1457206090442238e-05
19301,15907201,1667692175,4755574.594149962388375956882622747,911634.4857714148195570003674978,455.81724288570740977850018374883,455.81724288570740977850018374883,9.584903650684565e-05,0.767944218731951,0.2678044855965486,1588.2104714426807,1626.7762237910476,1.0159656412949862,3.3073655074827594e-05
19302,15914362,1667778503,4593319.975931369397210487655601662,1055837.7024609312145827033170938,527.91885123046560729135165854685,527.91885123046560729135165854685,0.0001149318693225637,0.7354709895271727,0.2995222968432473,1533.902551062155,1571.1540690954862,1.0181994616011,4.897902450069205e-05
19303,15921488,1667864399,7490405.279860044860599387274791463,655923.8895672037077856958524886,327.96194478360185389284792624433,327.96194478360185389284792624433,4.378427234977727e-05,0.7430860371236871,0.29213359399477856,1527.9539402913701,1565.0609936184867,1.0177438439434803,9.757439269079761e-06
19304,15928705,1667951423,6223463.245302781428278773746990256,5486680.4906722976276965674109394,2743.34024533614881384828370546986,2743.34024533614881384828370546986,0.000440806049173137,0.8222907341170191,0.21508329566388162,1292.364753708801,1335.6496442033583,1.012195600690882,0.0004658298125031766
19305,15935896,1668038363,4787743.400611479775218423737475671,5364111.082782348454051531999659,2682.05554139117422702576599982971,2682.05554139117422702576599982971,0.0005601919979772994,1.012703966025375,0.032567610780757934,1045.274367999365,1100.0246533983989,0.9973298159485164,0.003681334819670477
19306,15942680,1668120227,5823103.710081381248149559660830853,8352523.5134782449920266384678921,4176.26175673912249601331923394593,4176.26175673912249601331923394593,0.0007171882838886888,0.8726824386261636,0.1705318601566184,1274.206936565117,1320.2277373743937,1.0128632410413434,0.0002552670027411183
19307,15950040,1668209135,5771590.202662347204378344295914956,7110854.1712670375658315799169593,3555.42708563351878291578995847966,3555.42708563351878291578995847966,0.0006160220945682274,1.0510656894381099,0.0,1220.6856694152293,1272.7165918655662,0.9937271535648816,0.0
19308,15957329,1668296999,5789558.79681558648723893688324422,7062128.1408231257739014562132429,3531.06407041156288695072810662163,3531.06407041156288695072810662163,0.000609902100373131,0.8707172851000787,0.17268742927533867,1207.705431248562,1250.4043130574375,1.013290098106795,0.0002178275487604261
19309,15964509,1668383495,7404285.189226462453469594540896593,2708977.9823467535609712213192925,1354.48899117337678048561065964628,1354.48899117337678048561065964628,0.00018293312001869047,0.9256825822348659,0.11997591485855154,1169.6384824278682,1219.8557505647611,1.0091858916449101,0.0003233429643764964
19310,15971688,1668470039,5447222.253014518990804643793002503,3579006.8950937368751483414371395,1789.50344754686843757417071856962,1789.50344754686843757417071856962,0.0003285166942759769,0.9139156045673913,0.13161195412948776,1196.3677100707932,1243.6882503662155,1.010484761498801,0.00036541311069450134
19311,15978768,1668555587,6522925.913927649951888271284836326,2680237.7917910725597561623714093,1340.11889589553627987808118570472,1340.11889589553627987808118570472,0.00020544751137432593,0.924125094613743,0.12216744929030855,1197.74568815191,1246.782882334435,1.0100588563135002,0.00027114687219389295
19312,15985878,1668641495,6652278.087032607214952271331170926,6000482.0251834934832619896336738,3000.24101259174674163099481683656,3000.24101259174674163099481683656,0.0004510095599340871,0.9364550752122675,0.1106011658648455,1164.6832226400163,1213.4645229882403,1.0093499935528918,0.0006293445940485427
19313,15993176,1668729575,5309701.364828756530725258900340739,2447188.3339439777561981568075766,1223.59416697198887809907840378841,1223.59416697198887809907840378841,0.00023044500677138388,0.9348462956643782,0.11278060802810153,1151.984103166359,1199.9672389853238,1.0101648834144745,0.000254582662818137
19314,15999800,1668809507,7178089.781452684217323335290527421,395175.0184344895692085465258977,197.58750921724478460427326294884,197.58750921724478460427326294884,2.75264750418401e-05,0.9262917212021995,0.12125292277998555,1161.6885887406288,1209.1130237215991,1.011137017501551,2.150708813325798e-06
19315,16007370,1668900815,7255064.347221683395523238799793029,162627.0962431343792513367747122,81.31354812156718962566838735613,81.31354812156718962566838735613,1.1207832795129667e-05,0.9262937133859678,0.12125318355971519,1175.4852886578346,1223.3612368826643,1.0111391921628459,1.6158797073746087e-05
19316,16014600,1668988019,7679808.803663878389973215978982694,949313.6743051960219225126898868,474.65683715259801096125634494352,474.65683715259801096125634494352,6.180581434867871e-05,0.8802044980581233,0.16564032091027078,1098.445600369686,1138.367327784764,1.0148074827123839,2.7214086447450764e-05
19317,16021762,1669074407,5285803.1697081834305009827205845,1568010.2536237928329939204591717,784.00512681189641649696022958577,784.00512681189641649696022958577,0.0001483228000817101,0.9186429252468932,0.12864970252397598,1067.098672733511,1109.5495913511709,1.011803595505041,0.0001762985159386455
19318,16028854,1669160099,5405961.824540735142094130521446501,3081227.159260329820760482897989,1540.61357963016491038024144899431,1540.61357963016491038024144899431,0.0002849841766614858,0.9199036187368745,0.12761614445359865,1090.833611058526,1134.7200974733894,1.011893600042412,0.00033887975879464067
19319,16036087,1669247651,6818213.859340239350655291045206595,1187508.6727554294199440353990398,593.75433637771470997201769952009,593.75433637771470997201769952009,8.708356009753689e-05,0.8938518657842701,0.15303229923932146,1141.396650608513,1184.309758418311,1.014331474370449,4.339210016291492e-05
19320,16043218,1669333643,6944068.135021206547855271388542826,3018586.1187079267210078131007246,1509.29305935396336050390655036273,1509.29305935396336050390655036273,0.00021734997842865405,0.8927928118883861,0.15409685090884234,1158.331712753611,1201.3286039295347,1.014461569104013,0.00010834208313337846
19321,16050050,1669416155,6516910.720342387760032635226169151,1468654.2039278579351769310340235,734.3271019639289675884655170117,734.3271019639289675884655170117,0.0001126802458213435,0.8983798826538729,0.14882394556462192,1155.0658069249698,1199.1574288802794,1.0141400558875524,5.268041559369856e-05
19322,16057593,1669507163,6454726.997459220380220637227753788,678928.5861445374157551602593228,339.4642930722687078775801296616,339.4642930722687078775801296616,5.2591580279985865e-05,0.8786673530620683,0.16788154115518666,1160.6873064112958,1202.8221259099603,1.0157353053294749,1.36136849949562e-05
19323,16064659,1669592435,6449354.576063392048213626204811241,838575.4982422322300471525270325,419.2877491211161150235762635163,419.2877491211161150235762635163,6.501235808576744e-05,0.8468809384835618,0.1986116009670209,1161.1397432816575,1199.7041123370207,1.0181668026922124,2.9968543908336432e-05
19324,16071895,1669679567,6582577.065311190511377290433817751,2479803.098215923140449098014989,1239.9015491079615702245490074946,1239.9015491079615702245490074946,0.00018836111401444644,0.8721226927257308,0.17424286399524824,1130.0064426896172,1170.2294776765848,1.0162865289900922,6.53953962141266e-05
19325,16079037,1669765847,6630005.558283364022703048132823277,6598273.7801861193649898043754603,3299.13689009305968249490218773,3299.13689009305968249490218773,0.000497606956900843,0.7769422349780741,0.26660790688706054,1187.8471833857543,1219.2810840362044,1.02330824752169,0.00022641750978079836
19326,16086180,1669852163,7090951.816653110193156653497519295,3978434.2677506374639352900299967,1989.2171338753187319676450149985,1989.2171338753187319676450149985,0.0002805289311377973,0.77670524074386,0.2670039583854038,1262.3863010251878,1300.5237849517505,1.0208305958259116,0.00012284139118818633
19327,16093368,1669938863,7165552.509297147867333011862092705,1650683.0364454040560638740840332,825.3415182227020280319370420164,825.3415182227020280319370420164,0.00011518183938389111,0.8129188604570129,0.23204023511575528,1235.4520183860714,1276.8297745249201,1.0184145933793225,3.580430123130278e-05
19328,16100161,1670020763,6763866.85155956919404423588422254,1962482.5334421771087949307619215,981.2412667210885543974653809609,981.2412667210885543974653809609,0.00014507105007468329,0.8831679991809234,0.16433843635797463,1242.8580470793684,1292.3758112799333,1.013218086923073,0.00018649417257128104
19329,16107671,1670111339,7406291.354626143064807304588907892,957251.2775902194483008351237295,478.6256387951097241504175618646,478.6256387951097241504175618646,6.462419797948523e-05,0.8899285899942972,0.1580311813450907,1191.898681339567,1240.6147975283402,1.0128959006745155,7.4534026608441035e-06
19330,16114707,1670196311,7500669.835097271156763544327887891,1004544.0765311405142864635960536,502.2720382655702571432317980269,502.2720382655702571432317980269,6.696362449061946e-05,0.8954333465929231,0.1527521860520655,1226.0621728692824,1276.8751263798442,1.0124748230384593,7.627398227171605e-06
19331,16121836,1670282543,7559068.05200642859506400080120058,1184369.5483890444031669642017775,592.1847741945222015834821008889,592.1847741945222015834821008889,7.834097670774861e-05,0.8811478044214678,0.1664846521443352,1208.0476927393354,1256.6820573585462,1.0135919365741288,6.825640420013191e-05
19332,16128874,1670367323,7849248.603041472539813752146986113,209397.4716754128230485907454896,104.6987358377064115242953727447,104.6987358377064115242953727447,1.3338695349404162e-05,0.8790097963150884,0.16860946014206266,1204.6499446666533,1252.6484061859003,1.0138303508632427,1.5227605955540444e-06
19333,16136224,1670457047,7875334.806946611991130459259291938,1277821.4701140116985509938325446,638.9107350570058492754969162722,638.9107350570058492754969162722,8.112807273837305e-05,0.8779121395433636,0.16966651993301035,1183.8404112861922,1230.9847167767862,1.0139163640630995,9.427353607266103e-06
19334,16143385,1670543435,7932256.293083445256013389388238566,4708570.9122533164531282853082683,2354.2854561266582265641426541341,2354.2854561266582265641426541341,0.0002967989647761992,0.8263290819851374,0.21939797901482722,1239.685510594479,1282.5293434049784,1.0177860776800742,0.00015217572591708003
19335,16150484,1670629223,7603941.5681680213013168734763648,5473209.1313025625466015634232152,2736.6045656512812733007817116076,2736.6045656512812733007817116076,0.0003598928977975559,0.7432739803332985,0.3001055537940247,1227.7995938222584,1261.524110360822,1.0237253169564806,0.00018592611256905078
19336,16157709,1670716331,5631253.354031993343449074023568851,1654054.484591623428805890308325,827.027242295811714402945154163,827.027242295811714402945154163,0.00014686379573095534,0.7313967702858835,0.3118654700418752,1234.8600929298814,1266.6145184776096,1.0247057434286952,4.943593351959951e-05
19337,16164867,1670802719,5612859.317047131286144443665159812,2420766.8539095858915012625532771,1210.3834269547929457506312766378,1210.3834269547929457506312766378,0.00021564471129334548,0.748912927959831,0.2948580006608784,1229.4427470187509,1263.2087030429943,1.023603156638477,7.263263532692386e-05
19338,16172003,1670888867,7600202.969918739109159785345680936,2938799.6867864694065545946971769,1469.3998433932347032772973485893,1469.3998433932347032772973485893,0.00019333692129131988,0.71947578976509,0.32361552716908376,1243.2555336612575,1274.5999521893411,1.0256090006773972,2.8729878321666312e-05
19339,16179081,1670974403,8049651.547836445350534390614778733,2666090.0136575941009192775372811,1333.0450068287970504596387686409,1333.0450068287970504596387686409,0.00016560282130312682,0.7293228305804184,0.314041535362663,1285.464426015992,1318.517542800603,1.0250026585175236,2.2426273862079954e-05
19340,16186350,1671062075,7564399.207259216719379179465661609,2027390.0201261888466135356492609,1013.6950100630944233067678246302,1013.6950100630944233067678246302,0.00013400866113600886,0.7730664605117625,0.2715073619027331,1272.00725051969,1309.6615397395656,1.0221025659356993,2.5102400578831784e-05
19341,16193489,1671148271,6506255.839486128523043733410487231,8278175.3895160568288545567244816,4139.0876947580284144272783622409,4139.0876947580284144272783622409,0.000636170448391857,0.8300636477184912,0.21633625059293796,1220.5293284354282,1263.9970983476662,1.0180920858788245,0.00018234893677584858
19342,16200657,1671234767,4638014.033091007891390666660318983,9912199.7474395117114164394687914,4956.0998737197558557082197343964,4956.0998737197558557082197343964,0.0010685823368276357,0.7142034240892972,0.32902635924742285,1135.5093278603897,1162.5884362934771,1.0262240729392451,0.00039913825344616905
19343,16207735,1671320135,4473397.697178318598514491547979273,6409134.2156414627510230547051836,3204.5671078207313755115273525914,3204.5671078207313755115273525914,0.0007163608793025655,0.5610597661256491,0.47999275381187223,1173.3067108833611,1185.0053074784075,1.035470159708038,0.00019566361949395117
19344,16214905,1671406631,7304811.136809841093579261199127497,1361966.3950182767799202929075047,680.9831975091383899601464537525,680.9831975091383899601464537525,9.322392937410529e-05,0.6209006802306131,0.42111223573705603,1172.3049146543794,1190.4368526615622,1.0324636310131026,1.8829616289160355e-05
19345,16222105,1671493463,6088523.755738711377666370774474158,3484677.1798345593100701086670508,1742.3385899172796550350543335253,1742.3385899172796550350543335253,0.00028616765899534287,0.6938993957290973,0.34949599297374306,1140.79143790801,1165.954643466919,1.0281613077350384,6.871673868150551e-05
19346,16229199,1671578987,6353354.617006144368207281213446912,3106241.1267571166766074587840894,1553.1205633785583383037293920454,1553.1205633785583383037293920454,0.0002444567723673555,0.6950383646685853,0.3484527345633136,1188.7143595223172,1215.4972146633572,1.0281640418586104,0.00010106314267604283
19347,16236436,1671666275,6498977.451820034967847591560405396,3088586.8283823699218221671983899,1544.2934141911849609110835991956,1544.2934141911849609110835991956,0.0002376209835531444,0.6711104799692058,0.3719826973039184,1187.4483120615614,1211.225659755971,1.0297391815416508,9.338661231845708e-05
19348,16243571,1671752159,6407509.461075811896494683826545687,5072929.9668116519107380208213477,2536.4649834058259553690104106735,2536.4649834058259553690104106735,0.00039585817216724906,0.6788067702641365,0.36453833240577527,1192.2067886245213,1216.805537014838,1.029372439895024,0.000152740098482122
19349,16250817,1671839351,6482506.537929551581697195117076967,3266231.0710825816223855213769292,1633.1155355412908111927606884642,1633.1155355412908111927606884642,0.0002519265543329312,0.6843655042522385,0.3592525821569685,1194.084348466084,1219.7376763114087,1.0291959631089735,8.613889333066368e-05
19350,16257346,1671918083,6578002.449447423878961572934222393,862782.088731404548738534210623,431.3910443657022743692671053111,431.3910443657022743692671053111,6.55808579703312e-05,0.6767871045639307,0.36676254768270733,1197.6319593860646,1222.6503249347006,1.029751140412138,1.0460592241978074e-05
19351,16265106,1672011611,7462369.879522085989261508016053115,4068520.2713110864004816876347477,2034.2601356555432002408438173741,2034.2601356555432002408438173741,0.00027260242637367415,0.6604372606187479,0.38280184003830753,1194.636359325248,1218.702734723676,1.0307450714567505,7.497360141153867e-05
19352,16272186,1672097015,7464118.230833764472583057667096659,2106104.9355078879057777397601881,1053.0524677539439528888698800938,1053.0524677539439528888698800938,0.00014108196510123004,0.6517674443307178,0.39138834329093103,1195.6775395722564,1217.6665489932425,1.0313375014141508,3.8801897777041995e-05
19353,16279473,1672184999,7442677.759944814265432572332717662,3539079.3590995279255736134199655,1769.5396795497639627868067099827,1769.5396795497639627868067099827,0.00023775578315013397,0.6496133615484593,0.39354359863137883,1187.9914565199153,1210.1453251618052,1.0315053064571948,6.185659212653861e-05
19354,16286687,1672271891,7299301.544169883097978309681841538,2938900.0816731425114975769862488,1469.4500408365712557487884931243,1469.4500408365712557487884931243,0.00020131378761989278,0.6474742549415813,0.3957083570246736,1167.216630477644,1186.8912859117709,1.0316965044327044,5.458287186370033e-05
19355,16293749,1672357103,7592274.824816960439180750763543302,7315231.7312279200408869456005684,3657.6158656139600204434728002843,3657.6158656139600204434728002843,0.00048175493511618765,0.6540484750726964,0.38930900212489283,1180.4268848154297,1202.313462555909,1.0313694113021685,7.510222128425478e-05
19356,16301018,1672444739,4577252.450330116454636731020594967,3268439.2895871427813861450071374,1634.2196447935713906930725035688,1634.2196447935713906930725035688,0.0003570306996450916,0.6802747023707075,0.3636717506705784,1172.9502868944323,1197.6008639129059,1.0298769536062542,0.0001468429562339388
19357,16308003,1672528967,7585674.525413163767087995171788362,2840798.9474562378656763083803455,1420.3994737281189328381541901731,1420.3994737281189328381541901731,0.00018724761640768589,0.7767910238500365,0.26933972270867784,1170.8223133676481,1196.1395762831223,1.0297608742392137,5.100187889614273e-05
19358,16315332,1672617251,8205618.454015080890838576008863557,6023233.4682438829879534632587261,3011.6167341219414939767316293633,3011.6167341219414939767316293633,0.0003670188604307249,0.7615251689288332,0.28434688029758953,1176.7779723876115,1200.12446402252,1.0308682316385773,9.378474232145987e-05
19359,16322486,1672703447,8236919.509279173001150445301007366,4113387.3223111281983283757672835,2056.6936611555640991641878836412,2056.6936611555640991641878836412,0.00024969209166589865,0.7747161393178624,0.2715201963657897,1190.1717428046086,1215.162167595282,1.0300618744709589,6.75987694464515e-05
19360,16329609,1672789307,8242088.675106216275938985214453114,7289348.1439800457553340042200512,3644.6740719900228776670021100259,3644.6740719900228776670021100259,0.00044220272502019085,0.7857082221899337,0.26083259028147837,1185.3088204332796,1211.791249182111,1.0293679781160858,0.00015002309144421838
19361,16336589,1672873415,9586020.392779880644350438340223243,4478001.1047913285068368149470387,2239.0005523956642534184074735189,2239.0005523956642534184074735189,0.00023356935001745487,0.7344492635963626,0.3112438658978503,1231.5836108578246,1252.7681592612607,1.0330248790904792,4.741148370141616e-05
19362,16343956,1672962395,9606830.316641556809814297650028003,4126847.456674780876630962167917,2063.4237283373904383154810839584,2063.4237283373904383154810839584,0.00021478715250783582,0.6777794442815795,0.3671302555039301,1236.004909647168,1250.936338246895,1.036691434816517,6.130888155552102e-05
19363,16351179,1673049551,9524903.776668974943580798239073824,2456191.8429854829143525360467548,1228.0959214927414571762680233776,1228.0959214927414571762680233776,0.00012893525754044182,0.685446198322231,0.3596226572554053,1252.11565222345,1268.093822020367,1.0362838241363233,3.5954037990956127e-05
19364,16358332,1673135831,10170973.75223540415209264091283089,3039094.8367398588693041289086766,1519.5474183699294346520644543385,1519.5474183699294346520644543385,0.00014940038735582808,0.6713113715533484,0.3736226715903189,1247.44371118841,1262.1874714758985,1.0371922077713718,3.861716289141683e-05
19365,16365341,1673220359,9717992.381012819315330042753040711,530518.205152509233250237133207,265.2591025762546166251185666034,265.2591025762546166251185666034,2.729566891763801e-05,0.6756932441290493,0.3693322469828008,1269.5039148955261,1284.8657691211401,1.0369660286320714,7.3144912228306316e-06
19366,16372412,1673305607,15265499.05426522363614612236107453,6080859.4958480064833610438044495,3040.4297479240032416805219022246,3040.4297479240032416805219022246,0.0001991700197364002,0.6321775605625063,0.4124225584582602,1309.6020750190737,1319.7611205358346,1.0395631252195598,5.658322587685537e-05
19367,16379717,1673393663,15611510.2564516296475718777989871,3448086.7997423117397525913590174,1724.0433998711558698762956795085,1724.0433998711558698762956795085,0.00011043412018120897,0.6648474860198659,0.38012028099845063,1324.7366868724878,1338.9720713753622,1.0376948825061851,3.551778605970252e-05
19368,16386986,1673481443,16280801.50682527814088265263456753,2914496.3434251100039306346391282,1457.2481717125550019653173195641,1457.2481717125550019653173195641,8.950715178866617e-05,0.6964651343673656,0.348930635451501,1368.504775277585,1387.9860650086596,1.0357823531357153,2.815134088162561e-05
19369,16393776,1673563439,16840300.51267090361051941521300477,3195999.2202131181906813072014814,1597.9996101065590953406536007411,1597.9996101065590953406536007411,9.489139513301437e-05,0.6605354904087678,0.38445203847172715,1405.2815913688848,1420.19433768265,1.038023177164206,3.129121342387574e-05
19370,16401296,1673654147,17166936.37179756249172205345244705,2405766.1573671916276469577673803,1202.8830786835958138234788836901,1202.8830786835958138234788836901,7.006975808797974e-05,0.6485858760440445,0.3963146588656076,1433.971432187003,1447.623739316928,1.0387684492095046,2.3254025024655912e-05
19371,16408264,1673738123,18350212.96709210325530967712329356,3416674.51843227526318824346084,1708.33725921613763159412173042,1708.33725921613763159412173042,9.309631786180039e-05,0.6714595631673144,0.37370514858842063,1531.4235520899624,1549.1918960960284,1.037421167377563,3.103590715315715e-05
19372,16415534,1673825999,17043249.31088944938412808831186811,3641500.599683502100943187633671,1820.750299841751050471593816836,1820.750299841751050471593816836,0.000106831172074589,0.6725695400826659,0.3726402235094994,1535.6726003389265,1553.752993905137,1.0373869438373846,3.7949610012945564e-05
19373,16422764,1673913251,17481425.56525974525838626152317122,3435418.8367576407556470844135247,1717.7094183788203778235422067622,1717.7094183788203778235422067622,9.82591157664148e-05,0.6497337390232168,0.3952735207104911,1564.5185897260792,1579.508163976087,1.0387999688641678,3.419866802159703e-05
19374,16429823,1673998307,14199801.72490904081718910514272333,8881883.9785234470360312556525233,4440.9419892617235180156278262616,4440.9419892617235180156278262616,0.0003127467605038105,0.6030179041653364,0.4416782060198342,1567.2975684470418,1575.7344035296092,1.0415087286812517,7.779335020791443e-05
19375,16436907,1674083711,10667404.66850202928921455197422357,13183668.9763801283216810956644707,6591.834488190064160840547832235,6591.834488190064160840547832235,0.0006179417293180951,0.549923384531552,0.4947027661536401,1527.7918461340776,1528.2946714455068,1.0444062363127213,6.139637742642505e-05
19376,16444218,1674171947,10990431.27369672991023679566065111,3540737.5068755557552440539699019,1770.3687534377778776220269849509,1770.3687534377778776220269849509,0.00016108273727845246,0.5857341539249847,0.45902939709963286,1543.5554832752098,1548.9798429532925,1.0426004470185217,3.7184053072008216e-05
19377,16451446,1674259067,14889217.05647361697120717743321926,7055378.6926501473248498706347291,3527.6893463250736624249353173648,3527.6893463250736624249353173648,0.00023692913690121035,0.517503022919428,0.5272618497446395,1662.3134373642904,1657.7597524087814,1.046112063754764,6.579510727849711e-05
19378,16458223,1674340811,14936251.90375661677237338747207921,4196423.4975815177366059733597554,2098.2117487907588683029866798779,2098.2117487907588683029866798779,0.0001404777960569236,0.5240285179044148,0.5207901484162885,1657.6953857113947,1653.9145947776956,1.0458677196083426,3.9233781340875655e-05
19379,16465763,1674431795,14540216.67292114406726045497809353,5224535.9094843496641110287849578,2612.2679547421748320555143924785,2612.2679547421748320555143924785,0.00017965811744794088,0.5034987048615456,0.5414216637134793,1634.383189837329,1627.6883486811594,1.0468877490550066,4.9588723654994875e-05
19380,16472870,1674517487,16178669.46757532888075872110882844,11929418.6309049969102473548390177,5964.7093154524984551236774195087,5964.7093154524984551236774195087,0.00036867737037379623,0.48731267452169413,0.5577350632091058,1634.9632166910424,1628.7806439697802,1.0476862117203196,9.546791419075408e-05
19381,16480106,1674604739,14717490.72589253341866107391893439,8747513.8804254448823453960224472,4373.7569402127224411726980112233,4373.7569402127224411726980112233,0.00029718088644811963,0.514386863820033,0.5306482501891345,1556.4300711621102,1551.6696590486101,1.0465289262057045,8.562973233588358e-05
19382,16487003,1674687971,15058275.95477016090673876814903708,4301974.3726012823093560278109515,2150.9871863006411546780139054757,2150.9871863006411546780139054757,0.00014284418699467725,0.522005361675151,0.5230998998817099,1590.5078714767214,1586.6042448560597,1.0462548799892017,3.9528462882026306e-05
19383,16494247,1674775343,15500002.16647628750145242474784787,6864018.3587580460581251870680086,3432.0091793790230290625935340047,3432.0091793790230290625935340047,0.0002214199161082597,0.5068791454068494,0.5383114149721244,1608.2437341237924,1603.291987374013,1.0470185222631592,6.029411610452851e-05
19384,16501519,1674863171,15386730.44049458755980735810787243,2954152.0459253753931072895566124,1477.0760229626876965536447783065,1477.0760229626876965536447783065,9.599674399152006e-05,0.5328837953999223,0.5123073742673784,1596.6695492926233,1594.5822299804859,1.0458309820423461,2.6495967202412866e-05
19385,16508700,1674949715,16622496.03109898436716903117045844,1345751.0709698240389677543347319,672.8755354849120194838771673657,672.8755354849120194838771673657,4.047981327389286e-05,0.5415631020317598,0.5036488264098657,1566.7672255912203,1566.065989494242,1.0454285861783905,7.9623155586597e-06
19386,16515859,1675036103,17478683.56392233087505257255167178,4265203.8706817614482270069400261,2132.6019353408807241135034700133,2132.6019353408807241135034700133,0.0001220115878602422,0.5437342698224774,0.5014853308046311,1647.1505441544507,1646.707896282025,1.0453283529184156,2.4002043977606213e-05
19387,16523029,1675122539,16450818.89583536835564127086709624,4192984.9904739285778101798627206,2096.4924952369642889050899313603,2096.4924952369642889050899313603,0.00012744000821550015,0.5350809896708089,0.5101688994617745,1564.9321983139027,1563.4451934955505,1.0457852109729204,2.4661615303542506e-05
19388,16529952,1675206059,17293224.36661289581604811677016882,3958482.3882751186570407413387443,1979.2411941375593285203706693719,1979.2411941375593285203706693719,0.00011445183108586589,0.7712361213155894,0.27363512571303217,1595.4886110444024,1594.2827532905535,1.046183397840607,3.1283369080044296e-05
19389,16537393,1675295843,17895725.04070108594042398497527473,5209451.870020947042964060788792,2604.7259350104735214820303943961,2604.7259350104735214820303943961,0.00014555017631788728,0.7701744866699052,0.27473134910259744,1645.705393153919,1642.407213601998,1.046293328844171,2.9230952177500125e-05
19390,16544382,1675380419,17832824.9238528486543021228422397,3306867.6449445877985575144585682,1653.4338224722938992787572292842,1653.4338224722938992787572292842,9.271855858690633e-05,0.8060568558195856,0.2388741444325296,1653.823527307833,1655.3959122177853,1.0437228816887407,2.531927489858153e-05
19391,16551669,1675468427,17921197.88389577237497420166604602,21275063.0052468854332452460896167,10637.5315026234427166226230448089,10637.5315026234427166226230448089,0.0005935725709598056,0.7344148547902037,0.3106717043967891,1672.6638574886006,1664.8961354880437,1.0488414540483806,0.00010908944353716347
19392,16558839,1675554983,18825523.35066300185795041808644234,2718500.6057782506942489017506891,1359.2503028891253471244508753446,1359.2503028891253471244508753446,7.220252407172812e-05,0.7431696812846295,0.3019900207640711,1672.1044072872785,1664.8223190266551,1.0483620516810817,1.3972569692844156e-05
19393,16565900,1675640111,18514902.50195333498764124429912225,3230758.4220911788088535786015144,1615.3792110455894044267893007578,1615.3792110455894044267893007578,8.724751377303586e-05,0.7496884657794866,0.2954597554040852,1640.0941789923468,1634.144178205382,1.0479270672621714,1.6494674749995747e-05
19394,16573109,1675727027,18191893.5214256207834269162750144,10375397.1179589804038615024295418,5187.6985589794902019307512147704,5187.6985589794902019307512147704,0.000285165398141191,0.7280133961801936,0.3172542301232738,1619.7617501543086,1610.4655171484471,1.0494289430859567,6.059363667319928e-05
19395,16580314,1675814123,17383059.11342516952284912600957467,10261783.5573805081998551488427006,5130.8917786902540999275744213509,5130.8917786902540999275744213509,0.00029516621586631996,0.677174234661878,0.36856797103797384,1689.5971440541696,1671.951551798049,1.0528212108204769,0.00022513107581837802
19396,16587465,1675900667,8176372.545018779942942333748929085,9006760.2928407698046886600125251,4503.380146420384902344330006262,4503.380146420384902344330006262,0.0005507797157755415,0.7824961991808868,0.26289615140001255,1651.5147154588522,1648.4277007480246,1.0459402622719178,0.0005631104211936226
19397,16594402,1675984439,8092593.009309588859537938189101179,29399636.7438471635441066352041076,14699.8183719235817720533176020543,14699.8183719235817720533176020543,0.0018164534352602619,0.7677176477584239,0.27828469486078317,1544.5567955212293,1541.134166003346,1.047616162908084,0.00019765321914059613
19398,16601700,1676072411,6990395.473734270497354334496704547,5483585.5264455681180032885031299,2741.7927632227840590016442515647,2741.7927632227840590016442515647,0.00039222283968407836,0.8070337051295964,0.23916363275023772,1510.9970414141787,1513.1685993601552,1.0449877552140499,0.0005765363507077137
19399,16608836,1676158511,7487152.381409338565771695428188361,1397857.8523764499955725457139637,698.9289261882249977862728569821,698.9289261882249977862728569821,9.335043426171896e-05,0.7933400291512159,0.2534484501223893,1539.4790664028053,1539.4457067603742,1.046629835064803,0.0001035150753656437
19400,16616096,1676246171,7314626.619961393470881276481955237,2140164.0297529066545115800972057,1070.0820148764533272557900486029,1070.0820148764533272557900486029,0.0001462934569970027,0.8490274032566201,0.1980221311578322,1505.54804602255,1513.8238604825472,1.0425618165162478,0.0004228240389496434
19401,16623249,1676332499,7438964.028341830731136830414544756,3039687.3500316092299949469432154,1519.8436750158046149974734716081,1519.8436750158046149974734716081,0.0002043085124790666,0.8166464135490585,0.23072166893878948,1503.042353858188,1506.4637784817708,1.0454920478037202,0.00020228716424728374
19402,16630261,1676417255,8050758.499858457419528581641966055,3264349.4947149260872380502164714,1632.1747473574630436190251082354,1632.1747473574630436190251082354,0.0002027355245330187,0.7677837111518545,0.2797937892441864,1560.880683815637,1557.4028681347013,1.0492683993238963,0.00019132058822352632
19403,16637472,1676504375,8611212.640981375700090824045403193,9776235.1449215327369315918163795,4888.11757246076636846579590819,4888.11757246076636846579590819,0.0005676456703900059,0.8060611737495316,0.24169958803066485,1667.373087059189,1669.0036486193458,1.0467136154033791,0.00032554318094440814
19404,16644375,1676587703,8532950.221735258060925939842633096,3137550.2334680710376119491111927,1568.7751167340355188059745555963,1568.7751167340355188059745555963,0.0001838490880607774,0.8085051971751989,0.23959970794877344,1651.8710033524883,1653.7495642421816,1.04689311698491,0.00010545439527282568
19405,16651786,1676677883,8772484.815404188041607540723607375,1628802.3123420167868006683881783,814.4011561710083934003341940892,814.4011561710083934003341940892,9.283585817566164e-05,0.7933221178797442,0.2548811053361714,1697.0964302583538,1698.083483149318,1.0481238989365556,6.56730654198229e-05
19406,16658799,1676763131,8714346.793006054243255293401383933,1314953.436923351647022172866209,657.4767184616758235110864331046,657.4767184616758235110864331046,7.544761920530317e-05,0.7421909532358172,0.3061963949283243,1685.5818128604897,1687.2199621601594,1.051809119503972,4.2213449991605946e-05
19407,16665744,1676847431,8718791.878774909412000015083280724,4465561.4387403535283862530579383,2232.7807193701767641931265289692,2232.7807193701767641931265289692,0.00025608831480490715,0.7770588650345647,0.2712680777517347,1686.20364605851,1683.5985554575934,1.0494155326038421,0.0001193985064025809
19408,16672848,1676933555,8694869.070023673364065584390651013,5722248.6546070661500108250022034,2861.1243273035330750054125011026,2861.1243273035330750054125011026,0.00032905893168276806,0.7270855994211977,0.32155209023303793,1711.3510283203932,1700.8672340016344,1.0530130975822363,5.377151068933807e-05
19409,16680113,1677021719,8431900.412271977724601118555501813,2341617.048975769601631055678702,1170.8085244878848008155278393509,1170.8085244878848008155278393509,0.0001388546433475262,0.7390871811382984,0.3095415251005207,1658.6936944927797,1650.5445371011228,1.0522589387242625,2.7810749420019107e-05
19410,16687266,1677108815,8602941.309225205812746474575142974,3858053.0934387558598086390424592,1929.0265467193779299043195212297,1929.0265467193779299043195212297,0.00022422872333800788,0.7173620501384108,0.3314244915720471,1652.615400154042,1640.9129822198724,1.0537532068176727,5.4121515568983785e-05
19411,16694126,1677192107,10357044.5713379738317595093966705,4187150.2231208368223991921833799,2093.5751115604184111995960916904,2093.5751115604184111995960916904,0.00020214020487602867,0.7195745826781415,0.32925389011012,1656.0002211377239,1644.602777718799,1.0536655668126715,3.289404551550225e-05
19412,16701260,1677279083,8379169.0194722329058701612007587,1981991.2842570854991216631328768,990.9956421285427495608315664389,990.9956421285427495608315664389,0.00011826896435978101,0.7195982523972158,0.3292647206025674,1609.9906408671736,1599.146327159516,1.0537002261357842,1.6014650260003012e-05
19413,16708709,1677369587,8340307.921462457053832344488421132,843947.3349609859813511308487863,421.973667480492990675565424393,421.973667480492990675565424393,5.059449500594706e-05,0.7250452629346036,0.3237993368072094,1602.0917225686603,1592.3110434907348,1.0533536184396342,6.851436144337253e-06
19414,16715488,1677451859,8533270.299616858500780402426587849,1661443.7182867686116276278724249,830.7218591433843058138139362123,830.7218591433843058138139362123,9.735093697672785e-05,0.7457176172747881,0.3030253849103095,1638.627352525173,1629.8268526286186,1.051956330981574,2.9760136094455163e-05
19415,16722925,1677541955,8294270.87021137620150577912842467,6873386.8670552947994563552726244,3436.6934335276473997281776363121,3436.6934335276473997281776363121,0.0004143454545076926,0.6913924528056242,0.3577525629033087,1646.3457242890515,1630.9467792670573,1.0556046332106166,0.00014500643135331075
19416,16730041,1677628439,9334126.678565262539523274782638989,5579087.8661054808004236799179422,2789.5439330527404002118399589714,2789.5439330527404002118399589714,0.00029885430411594953,0.7714093828720056,0.2767790764778706,1629.3572054835581,1608.4128663536458,1.0582035984096398,2.6600704917088307e-05
19417,16737139,1677714575,9648722.557543529080005224264577558,5026296.0593398208624156320140644,2513.1480296699104312078160070326,2513.1480296699104312078160070326,0.00026046432723937017,0.75189020174717,0.29659764352034595,1685.8324878673957,1660.8609109696552,1.0596217079578287,2.3785717807674526e-05
19418,16744287,1677801587,9488203.998279734391362088170146683,2231588.4004466176582759898116777,1115.7942002233088291379949058387,1115.7942002233088291379949058387,0.00011759804072779303,0.775792899654111,0.27239284873138314,1670.4194450595783,1649.4623501341912,1.0579435308427598,1.1055299739904926e-05
19419,16751071,1677884147,8501858.935678228014697033428475202,2913613.3143673918567084045563117,1456.8066571836959283542022781559,1456.8066571836959283542022781559,0.00017135154419819603,0.7997128407159302,0.24821036022579632,1578.408794778127,1562.1936222506154,1.0562023939009144,2.7850756394203663e-05
19420,16758455,1677973907,8616653.006374936132684985281705516,2617180.9905751243386015155478927,1308.5904952875621693007577739465,1308.5904952875621693007577739465,0.00015186760965300747,0.7910367861966084,0.25700916731228324,1581.0969996386214,1563.5331668696724,1.056874930570063,4.8776600505132675e-05
19421,16765531,1678059779,8606015.759056360680092376736870304,1307500.8169659142217689408756173,653.7504084829571108844704378085,653.7504084829571108844704378085,7.59643517727697e-05,0.7932497319563373,0.25482329286940925,1578.8632414557865,1561.7140470286367,1.0567663045556148,1.2318894529120359e-05
19422,16772716,1678147067,8659875.225112007339902741521442092,5658924.3524386373846378155180535,2829.4621762193186923189077590267,2829.4621762193186923189077590267,0.0003267324415962035,0.7324587395230663,0.3164658566496401,1592.5127525220746,1566.4591581507266,1.0611098076824592,0.00010989826448266367
19423,16779781,1678232843,8610794.382637390270687709956998847,1828985.8144484655458881014696214,914.4929072242327729440507348117,914.4929072242327729440507348117,0.00010620308261781229,0.7488102538475782,0.2999713330425939,1582.127031239768,1558.497352944884,1.0600978345843959,3.5300122456639065e-05
19424,16786812,1678318355,6111153.03860528033571486944693055,6412705.9317955815409676878978421,3206.3529658977907704838439489213,3206.3529658977907704838439489213,0.000524672340169305,0.7618627502173352,0.28676693594602065,1554.543685693152,1533.14395709798,1.059215738592596,0.00019203573071716095
19425,16794015,1678405835,5143738.472977116491069674820439168,6268141.3287390868403916717906751,3134.0706643695434201958358953373,3134.0706643695434201958358953373,0.0006092982139030859,0.8076706378599168,0.24062307164615016,1448.6126799903154,1434.6411528648289,1.056084293079388,0.00023611972226382825
19426,16801119,1678492499,5883266.515110237006251895518008206,3558087.914056007058939866844647,1779.0439570280035294699334223234,1779.0439570280035294699334223234,0.00030239050915997285,0.795890263626604,0.2527730877732667,1454.4303054606364,1438.9056736862592,1.057224670541379,0.00010678572082077087
19427,16808244,1678579043,4617960.281952173367629605823276583,23808185.1114679059451944814589741,11904.0925557339529725972407294879,11904.0925557339529725972407294879,0.0025777814941928593,0.9367934011443031,0.11138221188110588,1523.4919452064978,1526.7069820980755,1.0461170357353111,0.0023228173531325497
19428,16815362,1678665551,4924791.819174889984531795769830081,4061740.7218516752017657389412482,2030.8703609258376008828694706241,2030.8703609258376008828694706241,0.0004123768954087675,0.935676603820529,0.11492698672456027,1601.0776668165227,1604.086196468099,1.048827581539612,0.00023548921323189738
19429,16822479,1678751843,8494992.862588019919077841882617565,31466332.36963510034082557726906,15733.1661848175501704127886345301,15733.1661848175501704127886345301,0.001852051724976306,0.8756022465921229,0.17530001948314974,1682.1167173217902,1676.0466788285842,1.0540599567141185,0.00017367997585985992
19430,16829598,1678838267,15257547.6197637550731737644532402,22762476.9038831239097497828961209,11381.2384519415619548748914480602,11381.2384519415619548748914480602,0.0007459415323861718,0.8538662506650176,0.19731944808892563,1717.443563468838,1707.7408864041374,1.0559805229984938,0.0004055067034676938
19431,16836707,1678924763,13335986.06917775561842446070047915,10371188.1351472557054322067879588,5185.5940675736278527161033939795,5185.5940675736278527161033939795,0.00038884219289630307,0.7494114096120177,0.3032961155999297,1681.5015453784624,1656.094556114945,1.0641850127102312,0.000239679134336936
19432,16843779,1679010599,14250802.05909702782898846822050452,5261686.3243158581914140978526687,2630.8431621579290957070489263344,2630.8431621579290957070489263344,0.00018461018202680916,0.7234629972843772,0.32992885086484575,1707.2029949665407,1677.311645155439,1.0662368592046019,5.27536681323706e-05
19433,16850936,1679097491,17097229.56391335270550839239797044,5452489.4059879973248827550414109,2726.2447029939986624413775207033,2726.2447029939986624413775207033,0.00015945534876294856,0.7147983247982416,0.3388071550983908,1823.598006478176,1790.3076987627585,1.0668788459180105,6.843263433468036e-05
19434,16857997,1679183171,16607131.65590557595240263141476436,5114876.1773924516064682374588311,2557.438088696225803234118729415,2557.438088696225803234118729415,0.00015399637587546844,0.7300805336478889,0.3233250313164141,1795.2798610231916,1764.9481044132654,1.0659223998711242,8.329437257530281e-05
19435,16865175,1679270339,16653359.91315701821939837108424629,9279882.7120731502134020084236917,4639.9413560365751067010042118459,4639.9413560365751067010042118459,0.00027861893216940445,0.7693649345678663,0.28352765070468267,1811.2257196848573,1786.950450796101,1.063270936151254,0.00014718830308564371
19436,16872309,1679356763,16124777.94255185999844180875454071,9659463.5814754931158489402787765,4829.7317907377465579244701393884,4829.7317907377465579244701393884,0.0002995223753123764,0.7978544386135789,0.2548476990427372,1755.436461149732,1735.8174523570776,1.0613652289380444,0.00017758389765701248
19437,16879425,1679443175,17079516.85937997884481077027192571,5562871.1510966776578567905028969,2781.4355755483388289283952514487,2781.4355755483388289283952514487,0.00016285212271802582,0.7848924778754796,0.2681468314690911,1827.034361366773,1804.7238539819955,1.0625142814774533,7.742327975000946e-05
19438,16886548,1679529551,16371886.91915747389116300051179473,7896389.1122025632297566669444812,3948.1945561012816148783334722398,3948.1945561012816148783334722398,0.00024115696471622484,0.8286660447270794,0.22401549552647845,1749.9629636232148,1735.92308251254,1.059337122672849,0.00023268650931244887
19439,16893608,1679615411,17443717.66024613393999447932810243,16595452.7002362367133129009586952,8297.7263501181183566564504793494,8297.7263501181183566564504793494,0.0004756856601175369,0.8606127398435653,0.19210508513419908,1826.992218264923,1817.4197964153125,1.0571179407071862,0.0004243593609059386
19440,16900775,1679702375,18696141.72927650342834939409013891,3693953.5490046888179084172939337,1846.976774502344408954208646967,1846.976774502344408954208646967,9.878919411539024e-05,0.8084224667989357,0.24513771692796282,1767.7857725411852,1750.2374640774065,1.0616029098272266,9.45221116368162e-06
19441,16907874,1679788499,18632147.53125565661411088259356936,18741214.4185972985763659742911611,9370.6072092986492881829871455803,9370.6072092986492881829871455803,0.0005029268469230045,0.7658211495175526,0.2882568867780444,1763.2418450525718,1738.7081582207354,1.064719090524723,0.0002983180871345559
19442,16914900,1679873723,19442491.44857988551119525822650996,3290894.7344897770466070303723553,1645.4473672448885233035151861774,1645.4473672448885233035151861774,8.463150782895548e-05,0.7693252480216586,0.28502222203885486,1802.7369367803594,1778.3937441449157,1.0648032558937746,5.0404050963273905e-05
19443,16922110,1679961275,17459994.00368814222588579098641727,13108767.6338069936724332003123392,6554.3838169034968362166001561693,6554.3838169034968362166001561693,0.0003753943910587248,0.7759171099720946,0.2783964337092953,1734.1284968724276,1711.8225265963242,1.064387206159138,0.00018956359144856714
19444,16929196,1680047375,18205906.99234590480024352239232085,7289765.5752445506525724285583975,3644.8827876222753262862142791986,3644.8827876222753262862142791986,0.00020020330704505142,0.7684176718393565,0.28619771680657075,1797.7793328657065,1773.163015611121,1.0651367258576176,6.502542577362765e-05
19445,16936347,1680134231,18402079.52078947562159067355875226,4707660.4884002111417548024945568,2353.8302442001055708774012472786,2353.8302442001055708774012472786,0.00012791110056561275,0.7706522285768714,0.2840020464429605,1816.788645764309,1792.51249796931,1.0650499908554114,4.154968155755208e-05
19446,16943463,1680220619,18396875.9057401045281086690091294,7150971.7163152077411033710201044,3575.4858581576038705516855100519,3575.4858581576038705516855100519,0.00019435288233052647,0.7706842489315605,0.28401384663755197,1812.2406135394444,1787.695466878277,1.0650942433433745,6.27054719410783e-05
19447,16950544,1680306479,18177053.12574485912443755882887006,6264870.9508375195363391166112731,3132.4354754187597681695583056365,3132.4354754187597681695583056365,0.00017232911483227009,0.7760306529097001,0.27866000024716536,1849.1649827215485,1824.4700410026387,1.0653948945376752,5.69210264830304e-05
19448,16957665,1680392975,18156502.04785280368641815274575205,5478782.2864931606133580659173103,2739.3911432465803066790329586552,2739.3911432465803066790329586552,0.00015087659153876183,0.776074825371046,0.27867586186041926,1846.4108586046186,1821.2477933654175,1.065455537908682,4.84539403533451e-05
19449,16964448,1680475535,17966307.19129773458994720265241722,15743199.5868195734457133841715697,7871.5997934097867228566920857845,7871.5997934097867228566920857845,0.0004381312035687846,0.7739272992938916,0.2809048570578275,1810.4161434812186,1785.276058702605,1.0656643133064445,0.0001363701291193412
19450,16971796,1680565211,18700030.48409111549100300502519814,32198427.7004883263062216916956461,16099.2138502441631531108458478219,16099.2138502441631531108458478219,0.0008609191233105437,0.7281892976793449,0.32752606507560883,1845.9235230241713,1812.7462745560347,1.0690149220184872,0.00029458487833992144
19451,16978729,1680650543,19765654.00758317554336189550153286,4850272.1798747447440194327698935,2425.1360899373723720097163849472,2425.1360899373723720097163849472,0.00012269445215457877,0.7294945269859145,0.3265119683808323,1900.771654717001,1866.7127827148774,1.0692556188118494,2.4868713585123973e-05
19452,16985890,1680738407,20215021.70517260841807332709481582,4827724.2109439510637980763332725,2413.8621054719755318990381666362,2413.8621054719755318990381666362,0.00011940932543516972,0.7295126685763681,0.3265200883134561,1945.6434633547287,1910.8034242732774,1.069282209823583,2.4195376393712894e-05
19453,16992949,1680825575,19398582.36713435600793674859016571,3539462.3018626028726789511388864,1769.7311509313014363394755694428,1769.7311509313014363394755694428,9.122992172508604e-05,0.7153545718463947,0.3409705810984886,1905.320188687502,1868.719690680719,1.070264884943744,3.599479821294224e-05
19454,16999997,1680911855,19797879.11839227529762036735013185,10938471.8308971035920186391602602,5469.2359154485517960093195801297,5469.2359154485517960093195801297,0.0002762536271053206,0.7142902211210387,0.342094251791536,1903.1280146975348,1866.460054329701,1.0703762853992906,0.00010514986578678118
19455,17007043,1680998063,19856465.15166168326718526151682704,1584872.1007172212412801913538761,792.4360503586106206400956769382,792.4360503586106206400956769382,3.990821348644201e-05,0.7078251868298016,0.3488004764489139,1891.389345202528,1853.8386331166803,1.0709239584816594,1.3720155109008439e-05
19456,17014114,1681084775,18133426.35763833853112302667268097,1873617.5269338993059238851120062,936.808763466949652961942556003,936.808763466949652961942556003,5.1661982958468194e-05,0.688225971378835,0.3688283072981395,1904.0474654457034,1863.1603566572967,1.0722215693287633,1.9379271013468532e-05
19457,17021165,1681171007,17422033.80726766594377445977059164,3452306.6615927129442601937047599,1726.1533307963564721300968523803,1726.1533307963564721300968523803,9.907874992621614e-05,0.6871504201116649,0.3699483963399197,1954.8763740274333,1912.51379407397,1.0723126332447899,2.6236850547333903e-05
19458,17028175,1681256795,14526015.4115718094039257306936101,3681990.0785118631123474531625186,1840.9950392559315561737265812597,1840.9950392559315561737265812597,0.00012673778645376802,0.6741056886090872,0.3833180913110111,1936.0912188280097,1891.803846521422,1.0731760722784023,3.0517540650983082e-05
19459,17035254,1681343951,15340736.06673624202887039244354127,7119222.4735324303270835928515171,3559.6112367662151635417964257583,3559.6112367662151635417964257583,0.0002320365347060903,0.6393294629287134,0.41899672634764507,1975.1544763202733,1923.587848533029,1.0753627511853763,6.1006490067580854e-05
19460,17041718,1681429823,16328349.20813583220280813542291174,19598272.7891405167484087817312401,9799.1363945702583742043908656218,9799.1363945702583742043908656218,0.0006001302562593222,0.6382818967684339,0.4201378674582071,2066.5906454464525,2012.6405413703114,1.0754939401215329,0.00014445841936265875
19461,17048647,1681515263,17836819.61137501399295765135284897,7231956.0108384448183500114537,3615.978005419222409175005726847,3615.978005419222409175005726847,0.00020272549054166678,0.6503310809134056,0.40792847930349746,2159.3716548813177,2105.417327701806,1.0749219945158475,2.3335042558929694e-05
19462,17055785,1681603127,17391629.85796795511550818235908989,2542217.07162195854289002313547,1271.108535810979271445011567734,1271.108535810979271445011567734,7.308737284496786e-05,0.6492589612025939,0.4090532073975152,2148.1185142671957,2094.1558637535463,1.0750137230152317,7.189996904958963e-06
19463,17062808,1681689299,17376621.0339828253298192739712113,3674085.017059171305350266788693,1837.0425085295856526751333943457,1837.0425085295856526751333943457,0.00010571920196319805,0.6470891863892004,0.411286749937861,2175.3809486658224,2119.8053854992263,1.0751544290208566,1.078068313300147e-05
19464,17069760,1681774307,17809750.89706023041119507993980553,5113096.038118752034728741747237,2556.5480190593760173643708736192,2556.5480190593760173643708736192,0.00014354765733873198,0.6438348704796288,0.4146375403839248,2132.6962438892538,2077.9700608511275,1.0753647003217708,1.4420253047251343e-05
19465,17076650,1681858571,18044691.67469365517768203611349838,2869768.936060654744478324166223,1434.884468030327372239162083111,1434.884468030327372239162083111,7.951836993937927e-05,0.6514547067561698,0.4068360225311138,2144.2661425962438,2090.765831937195,1.0749151446129637,7.851616209377629e-06
19466,17083831,1681946147,17281908.20214592758019134549862792,2106731.841247275982859905420532,1053.3659206236379914299527102654,1053.3659206236379914299527102654,6.095194513837538e-05,0.6568976039876087,0.40126406219864025,2009.9386050170233,1960.8667866426576,1.074588248894836,4.6336933606516545e-06
19467,17091074,1682035199,17334657.86276373000288862528088202,3471428.044315144964761664040126,1735.7140221575724823808320200613,1735.7140221575724823808320200613,0.00010012969600548212,0.65581297760502,0.402380846135282,1993.3569563448743,1944.3346869377744,1.0746605051931006,7.699342003578896e-06
19468,17098099,1682120711,16501104.91593854470424307825289166,2497956.679789412577332872663072,1248.9783398947062886664363315363,1248.9783398947062886664363315363,7.569058837316455e-05,0.6460313661295665,0.4124208517503415,1896.1578113112985,1848.0447117282426,1.0752695604036737,9.184167382436742e-06
19469,17105296,1682207843,16490563.23008535857252596627714735,1209643.831482866895197809541005,604.8219157414334475989047705043,604.8219157414334475989047705043,3.667685010527702e-05,0.6460372993897674,0.41242463949247593,1922.0207952319847,1873.2408960268526,1.0752794358592979,4.3695586325593665e-06
19470,17112353,1682293355,16386803.28214841756700166427913417,1375472.768553138787771179712806,687.7363842765693938855898564024,687.7363842765693938855898564024,4.19689168433346e-05,0.6406049174066407,0.4180045287900312,1910.6784963982986,1861.2349091530639,1.0756142348682232,6.310278355142095e-06
19471,17119422,1682378999,16342662.26114554245251581733316033,4529489.834789293621249611963503,2264.7449173946468106248059817526,2264.7449173946468106248059817526,0.00013857870163413015,0.6438699402587887,0.4146601257511352,1886.4643026467957,1838.172232641266,1.0754232755936082,1.7745909605395064e-05
19472,17126606,1682466107,16301778.93166441806004758357644343,5636885.806314936359839026557841,2818.4429031574681799195132789213,2818.4429031574681799195132789213,0.00017289173868521501,0.6210643664552861,0.43810773165846106,1922.4235638405173,1870.0362176425208,1.0768067517493551,2.4857444354966664e-05
19473,17133722,1682552435,16347065.28955294875654381228059963,6577161.118327844575906114474785,3288.5805591639222879530572373927,3288.5805591639222879530572373927,0.0002011725346974409,0.6156505806741298,0.4437034004124356,1920.4523793207663,1866.3580608562836,1.0771515434400598,1.950324353842325e-05
19474,17140635,1682636423,16783216.80040586607121425495792926,3345343.110770086498732317703683,1672.671555385043249366158851843,1672.671555385043249366158851843,9.966334673961866e-05,0.6189200228291686,0.44036095406903786,1956.9814998100674,1902.4059677734658,1.0769820486388628,9.733620843178938e-06
19475,17147965,1682725379,17142212.08227234587614782110006316,1248858.796510637689711802400554,624.4293982553188448559012002774,624.4293982553188448559012002774,3.642641890430662e-05,0.6167543484217435,0.4425992729371937,1949.9619902831485,1895.3514451954684,1.0771196399950362,2.9355649640754917e-06
19476,17155008,1682810939,16454756.81299942212846011280034068,610690.290912792055309289408584,305.3451454563960276546447042916,305.3451454563960276546447042916,1.85566489329803e-05,0.6167561589442002,0.44260057221611243,1956.6391982959753,1901.7400999456625,1.0771228019497137,1.4295316086309459e-06
19477,17162131,1682897291,16247489.73810723015420982972666823,1338368.639739498406517855735367,669.1843198697492032589278676838,669.1843198697492032589278676838,4.1186935991732256e-05,0.7732209843654686,0.28167799241710356,1946.012349534313,1892.0409283186375,1.0769335202706778,3.1686069225008687e-06
19478,17169337,1682984903,15707785.21714139689271158198013733,4409945.29217212801286679517324,2204.9726460860640064333975866184,2204.9726460860640064333975866184,0.00014037450955720025,0.7656049005177091,0.2895172676432548,1881.6116729010223,1828.0410842152498,1.0774910365382144,1.0800125601481742e-05
19479,17176422,1683070979,16112926.53544604981506239054668662,1529048.3922859466898240888637,764.5241961429733449120444318523,764.5241961429733449120444318523,4.744787946876897e-05,0.7677896445486987,0.28728055242646044,1929.8866028704335,1875.3476402879737,1.0773448767954301,3.6508147917399047e-06
19480,17183605,1683158387,16777681.90418118483237330708439937,8281758.469332749544215653800896,4140.8792346663747721078269004479,4140.8792346663747721078269004479,0.0002468087819470711,0.7721460672688706,0.28280257266624975,1961.1156257015293,1906.534585058429,1.0770319664181034,1.4462280019576533e-05
19481,17190710,1683244559,16505137.06790637504383338532808639,2683771.508982772077526802280979,1341.885754491386038763401140491,1341.885754491386038763401140491,8.130109728689456e-05,0.7699802841120607,0.28504609733714775,1929.2110108254021,1875.108934649683,1.0772061749309556,4.764399947723643e-06
19482,17197733,1683329687,16439350.16881405321003644757763822,13401395.831875215200803945083836,6700.6979159376076004019725419165,6700.6979159376076004019725419165,0.0004076011428145764,0.7493136810834615,0.3063333588291398,2053.0247900199292,1991.6073434329903,1.0786975436538646,1.6723594627528696e-05
19483,17204964,1683417563,18870756.6419730050165497761324996,4511897.996669835024630637450576,2255.9489983349175123153187252879,2255.9489983349175123153187252879,0.00011954735261209168,0.7471514999067559,0.3085803172203158,1954.752830814023,1895.9779495207777,1.0788698423148486,5.913718744419334e-06
19484,17212054,1683503699,21868979.69112873750349730399326774,13499755.634295258858055552696934,6749.877817147629429027776348468,6749.877817147629429027776348468,0.0003086507881245942,0.7406330472015207,0.31530903323792236,1957.8428293428688,1897.8864548378333,1.0793364961862382,1.5418460996903866e-05
19485,17219165,1683590051,22717789.36433814292255082136898978,18574344.60382316465174083672945,9287.1723019115823258704183647236,9287.1723019115823258704183647236,0.00040880616300150964,0.7352101514288569,0.3209212656150104,1905.184884633157,1845.7525690581417,1.0797338319791703,2.1804436835154482e-05
19486,17226269,1683676355,22184247.99872670879634116608896294,5362576.645222158221983847961711,2681.2883226110791109919239808562,2681.2883226110791109919239808562,0.00012086451263820053,0.7254476245022926,0.33102528385631996,1908.2437993417973,1847.1051026022585,1.0804360499556633,1.137275228298437e-05
19487,17233323,1683762095,18959458.72247891611704117213414455,8993782.661163388297127438723383,4496.8913305816941485637193616884,4496.8913305816941485637193616884,0.00023718458403298412,0.7113388967133474,0.3456218234482729,1905.9184794266444,1842.4782984663586,1.0814136794117508,1.8882530026065734e-05
19488,17240380,1683848675,18670741.49995207171328540433928565,7832509.08425345014237619889286,3916.254542126725071188099446429,3916.254542126725071188099446429,0.00020975356239262262,0.7070104066806244,0.3501204275992301,1855.504437658003,1793.1063784338144,1.0817275672286333,1.3594270317321677e-05
19489,17247352,1683935759,18184616.15754631077577235578243511,10464382.149252523587712976289308,5232.1910746262617938564881446511,5232.1910746262617938564881446511,0.0002877262312988108,0.7189625553326624,0.33777396638226426,1866.7477221681086,1806.0152729874424,1.0809311854256358,3.386064048998104e-05
19490,17254413,1684021919,17963969.86846219096415760658824897,3662696.686796146474153098175557,1831.3483433980732370765490877783,1831.3483433980732370765490877783,0.00010194563656072567,0.7092149135532413,0.3478907848375348,1862.4239224775426,1800.0537544954088,1.0816323699831247,5.817677141848401e-06
19491,17261500,1684108751,17944371.57107830796090901895418197,3183320.356447946535357161043372,1591.6601782239732676785805216853,1591.6601782239732676785805216853,8.869968903170275e-05,0.7113902246947441,0.3456467624339044,1860.0152154605844,1798.0499004495036,1.0814917108275435,1.9271436305174014e-06
19492,17268443,1684193471,22702456.14455440196074387158518115,15178454.165667823855247325897865,7589.2270828339119276236629489309,7589.2270828339119276236629489309,0.0003342910139110356,0.7027081407732199,0.3546329788584946,1889.6133402009104,1825.2921916120217,1.0820790834294842,9.118702436830719e-06
19493,17275631,1684281119,22919378.80259915163390755045996316,10059324.424118475973069537528887,5029.6622120592379865347687644437,5029.6622120592379865347687644437,0.00021945019781639344,0.7092268734734344,0.3478966515303286,1886.5680475543938,1823.4330060227921,1.0816506102042143,4.920400266400272e-06
19494,17282730,1684367819,23316361.06287795543571486614274544,13631637.09732664441010328150553,6815.8185486633222050516407527613,6815.8185486633222050516407527613,0.0002923191372051107,0.7092303631535316,0.3478983633211054,1888.4827901842648,1825.2729056742107,1.081655932358165,6.657020139736897e-06
19495,17289854,1684454375,23375106.50975770845163554786136861,12348545.087338812574120957386623,6174.2725436694062870604786933112,6174.2725436694062870604786933112,0.000264138798302032,0.7016374740756266,0.35576378820261517,1869.4503983378513,1805.6864133694341,1.0821741683647152,5.7874794919691365e-06
19496,17296860,1684539815,22769890.62442594017867159016647373,5165210.705517149957381596680161,2582.6053527585749786907983400811,2582.6053527585749786907983400811,0.00011342194810493017,0.6994712647367919,0.35801296823714307,1878.383734878201,1813.856175801192,1.0823254968944116,2.644023863246694e-06
19497,17304045,1684627139,23028503.77971808416720114436549736,6925514.02078802080069187705906,3462.7570103940104003459385295308,3462.7570103940104003459385295308,0.0001503683019755616,0.6994731141555075,0.3580139148319744,1884.2322437448997,1819.4681550887844,1.0823283585888532,4.071302113505022e-06
19498,17311098,1684713023,22776382.45729783728738979210413937,11592985.759216772290179830017256,5796.4928796083861450899150086291,5796.4928796083861450899150086291,0.00025449576509684567,0.7081584026811413,0.34902817587550516,1867.3250920905184,1804.6534799317678,1.0817499778477506,5.864340791880741e-06
19499,17318178,1684799075,22268574.2318145707852052798370262,13923235.706641999777877928372251,6961.6178533209998889389641861256,6961.6178533209998889389641861256,0.00031262072644844523,0.696225024741516,0.36138861727701815,1886.295394129773,1820.8927277796124,1.0825559247807923,7.0615936865576e-06
19500,17325343,1684886327,26346250.41177526810070077502559278,20336285.654240760792021677113974,10168.1428271203803960108385569861,10168.1428271203803960108385569861,0.00038594269272472265,0.6918906177646146,0.3658868480871643,1918.8479137564852,1851.6816856827822,1.0828511824034202,5.8496986905759225e-06
19501,17332448,1684972643,26133472.28142165119015065266689315,14962527.310272869132363978308558,7481.2636551364345661819891542838,7481.2636551364345661819891542838,0.0002862713218730939,0.6940642310473961,0.36364102346350613,1864.623824697464,1799.6812659987775,1.0827139197830675,4.41974118965276e-06
19502,17339567,1685059151,26298633.05682583977554979191751536,4261246.204438433897791139890805,2130.6231022192169488955699454007,2130.6231022192169488955699454007,8.101649608994454e-05,0.6918977231116058,0.36589060554961345,1876.600979327965,1810.9113200484442,1.0828623027065334,1.2507614647589046e-06
19503,17346680,1685145467,26426522.33821989169052189193888327,2620426.840617988323776559840964,1310.2134203089941618882799204862,1310.2134203089941618882799204862,4.9579486984334356e-05,0.6918985885106155,0.36589106319148323,1898.6643208405856,1832.1410580750448,1.0828636571089731,7.582520910417097e-07
19504,17353792,1685231687,26371444.31737964186814388569155625,3992983.270024109738712304406741,1996.4916350120548693561522033674,1996.4916350120548693561522033674,7.570657150910394e-05,0.6897297502016911,0.3681395448302025,1894.8000027583294,1828.0633770594152,1.083007655169431,1.157849235457447e-06
19505,17360927,1685318159,26316322.88150969034606205437231206,14249882.040177538713317547055369,7124.9410200887693566587735276824,7124.9410200887693566587735276824,0.0002707422709536247,0.6778029155777789,0.38050912777556023,1983.4070036385501,1911.4634426269597,1.0837888536897187,8.39479423688662e-06
19506,17368015,1685404247,13954561.64178760249049709616601507,10768073.88751531074649712624039,5384.0369437576553732485631201966,5384.0369437576553732485631201966,0.0003858263041122625,0.6778086055937884,0.3805123220713931,1968.5767958619485,1897.0786621062462,1.0837979518741416,7.91486454720861e-06
19507,17375124,1685490719,10924662.79275493069469806095756691,10269227.71579774812632980210417,5134.613857898874063164901052085,5134.613857898874063164901052085,0.0004700020453998883,0.6756459791029668,0.38276503900684117,1976.3718580054763,1904.3730695003592,1.0839469702897575,2.2669644112681522e-05
19508,17382227,1685577143,15060189.38520191238476865980476379,35834911.713984593196108156854311,17917.4558569922965980540784271564,17917.4558569922965980540784271564,0.0011897231434949897,0.7714902267369603,0.28338977586836367,1941.0583820089655,1871.656181054301,1.0834781457924936,1.8990672760308074e-05
19509,17389364,1685663999,14070333.04573466918897123625783225,7976777.289316517102061016694936,3988.388644658258551030508347471,3988.388644658258551030508347471,0.00028346085566661924,0.7628175509884043,0.29240811673231165,1930.3917673719138,1859.7310260251188,1.0841354229720697,1.3177137424439832e-05
19510,17396449,1685750339,12661823.3503835537416150399820415,10508910.026522663834442057000207,5254.4550132613319172210285001004,5254.4550132613319172210285001004,0.0004149840720295757,0.7671708890602983,0.28790498026966516,1977.4297389344053,1905.7679401556625,1.0838321915731706,8.086333646420237e-06
19511,17403308,1685833775,12546742.33142237966879452740066928,1256134.823314171823075889813443,628.0674116570859115379449067177,628.0674116570859115379449067177,5.005820595232421e-05,0.767177092660071,0.2879073083653941,1959.2214254682603,1888.4362890122238,1.0838409558018882,9.755163079419627e-07
19512,17410622,1685922911,12440426.06921947367229062872765857,677734.932930494824307337641869,338.8674664652474121536688209329,338.8674664652474121536688209329,2.723921709592285e-05,0.7671778410538359,0.28790758922366855,1962.9846569235274,1892.0355327223333,1.0838420131064157,5.387550917440028e-07
19513,17417691,1686009263,11910904.01537527900820163766856641,7897064.123716384011534247509101,3948.5320618581920057671237545504,3948.5320618581920057671237545504,0.0003315056570652572,0.7639206769290126,0.2912879344571516,1879.2547206896331,1810.7090153828537,1.0840808943252758,1.7837825686376637e-05
19514,17424798,1686095807,12389728.09231872265110741867753889,3315664.746431423061020819103806,1657.8323732157115305104095519012,1657.8323732157115305104095519012,0.00013380700212811938,0.7671919391667759,0.2879128799835054,1954.3953125862092,1883.614053633338,1.0838619304271362,2.6473743261547687e-06
19515,17431799,1686181139,11774275.19451232060523876684353195,5318853.805600616354037508670353,2659.4269028003081770187543351722,2659.4269028003081770187543351722,0.00022586756797053607,0.7650221531347359,0.2901670921052523,1897.0455689493008,1828.0514504175499,1.0840237726614286,1.047995693969267e-05
19516,17438976,1686268751,12013329.6229298694430418833856109,8165120.21006783685709723453435,4082.5601050339184285486172671775,4082.5601050339184285486172671775,0.00033983585177264485,0.767202010370791,0.2879166595192446,1917.9040538899121,1848.5312121924292,1.0838761586718144,6.166588395721959e-06
19517,17446076,1686355151,12059143.19113604232190972792096166,5954177.955875156505419689428644,2977.0889779375782527098447143206,2977.0889779375782527098447143206,0.00024687400512217645,0.7661207876281602,0.2890451505260337,1904.7541314661019,1835.7463936799834,1.0839623825963403,4.486656084086507e-06
19518,17453095,1686440519,11897299.36381784826501719629131019,17912258.085422384195693841102868,8956.1290427111920978469205514364,8956.1290427111920978469205514364,0.0007527867265363294,0.7661242249486531,0.28904644737221685,1818.953612552749,1753.0108936134825,1.083967245962759,6.303765175899561e-05
19519,17460240,1686527519,11884320.16345456683363671495610827,2000860.843246316554237987151128,1000.430421623158277118993575564,1000.430421623158277118993575564,8.418070262862646e-05,0.7661725196207495,0.28906466818150844,1816.809613816825,1750.9677817991437,1.084035576712528,7.049807304908181e-06
19520,17467382,1686614387,11523865.94255810098447496395541698,6336095.860227758732260643864683,3168.0479301138793661303219323423,3168.0479301138793661303219323423,0.000274911904208652,0.7607485616675036,0.29470154900623946,1807.0809153293126,1740.6372425528136,1.0844393779001182,4.484023924892532e-06
19521,17474474,1686700535,11200149.06313683174460220085273378,5263403.3364619163793151037035,2631.7016682309581896575518517473,2631.7016682309581896575518517473,0.000234970235967011,0.7574949941156613,0.2980844676121727,1804.7612995782158,1737.9128373599049,1.0846806794040411,3.6994910304945916e-06
19522,17481592,1686787199,10519504.77494933214947711545253362,8790815.935922485168438109435398,4395.4079679612425842190547176978,4395.4079679612425842190547176978,0.0004178341150077964,0.7347125343009683,0.32177104542177865,1715.2953851594311,1648.2381021850024,1.086313321665784,8.808745872522775e-06
19523,17488590,1686872291,10495559.02124500262010736594759176,7090587.636440635759151833223013,3545.293818220317879575916611513,3545.293818220317879575916611513,0.0003377898986651374,0.7433963617298127,0.3127478297369541,1732.0200109637112,1665.6836738981533,1.0857079171433632,5.440768148697807e-06
19524,17495806,1686959843,11172908.10671670598907451943637427,5301800.255297933325134814985026,2650.9001276489666625674074925154,2650.9001276489666625674074925154,0.000237261427582614,0.745570299427925,0.3104935705737665,1787.0375137609421,1718.897323853619,1.0855590289821564,1.1755435914806654e-05
19525,17502889,1687045535,11220432.40469095123164041731517846,2383225.804933617557590460756278,1191.6129024668087787952303781363,1191.6129024668087787952303781363,0.00010620026568393464,0.7510048097159008,0.30485823922888744,1794.1682601954171,1726.6544720885865,1.0851829596523328,5.262436311627722e-06
19526,17510078,1687132691,11351162.70825522694464592565096271,145877.959073272459454710567589,72.9389795366362297273552837944,72.9389795366362297273552837944,6.425683554301512e-06,0.7520940794728158,0.3037322104765731,1786.442319935306,1719.2502072456157,1.085110588900943,2.665763520034164e-07
19527,17517197,1687219067,11437863.15189147604319370899758113,2654309.282231134984670253568615,1327.1546411155674923351267843043,1327.1546411155674923351267843043,0.0001160316943375998,0.7510089620320577,0.30485992479438045,1799.9036816807768,1732.1080439927364,1.0851889596441813,4.814266064108344e-06
19528,17524324,1687305551,11817546.80688450555425035040324734,778679.028591847933241866675264,389.3395142959239666209333376343,389.3395142959239666209333376343,3.294588298724637e-05,0.7510125775890174,0.30486139247117067,1859.5620692443229,1789.618312761664,1.085194184032563,1.3670011463650919e-06
19529,17531449,1687391831,10819536.51112284429860886481210081,4690614.22336201960519050413557,2345.3071116810098025952520677865,2345.3071116810098025952520677865,0.00021676595011902363,0.7423329603148355,0.31388496171722063,1969.8367266596517,1894.286114601896,1.0858165433156368,3.5361697316852045e-06
19530,17538515,1687477643,10707566.96679335866247556652092855,2409062.381732415533438911982615,1204.5311908662077667194559913084,1204.5311908662077667194559913084,0.00011249345389122828,0.7466754886208838,0.30937402832727123,1949.0419498141475,1874.9107759264366,1.0855107841273888,8.76155704437628e-06
19531,17545682,1687564727,10796113.42824995391474835535167973,1014135.703167059935635663920441,507.0678515835299678178319602204,507.0678515835299678178319602204,4.696762913371182e-05,0.7445119515101543,0.31163266756552477,1963.3136434147762,1888.2737327260875,1.0856753057718103,3.633927873356946e-06
19532,17552789,1687651091,10710936.54202740417430775300473671,1563409.678133316517691592899753,781.7048390666582588457964498718,781.7048390666582588457964498718,7.298193169191294e-05,0.7434296948661077,0.3127618530313516,1947.7597319185888,1873.1889827533382,1.0857565991814275,1.1389317279735166e-06
19533,17559898,1687737491,11929888.30265438408510024659762465,1414501.170602019693453897031459,707.2505853010098467269485157277,707.2505853010098467269485157277,5.928392348347869e-05,0.7423456324433985,0.3138903199470197,1976.4444076934728,1900.5612525434997,1.085835078942597,9.461345713537059e-07
19534,17567008,1687823951,11255750.31778778420709656945429615,499705.29511271576843351167583,249.8526475563578842167558379139,249.8526475563578842167558379139,2.219777806918021e-05,0.7423463348022652,0.31389061692950304,1929.315788947589,1855.1894177792672,1.085836106288704,3.381690472243311e-07
19535,17574094,1687910219,11479163.583912517776914085198975,1625789.413072763297636886152096,812.8947065363816488184430760494,812.8947065363816488184430760494,7.081480288996087e-05,0.7412617295505465,0.31501889163189895,1967.5201593645622,1891.8045312169013,1.0859136116528891,1.07888814174641e-06
19536,17581223,1687996439,11113425.21208867601890886181187296,293720.162874530298152286516516,146.8600814372651490761432582558,146.8600814372651490761432582558,1.321465512518296e-05,0.7412625292890364,0.3150192315020456,1904.8433451231372,1831.4615579203887,1.0859147832322076,2.0133124979374655e-07
19537,17588366,1688082971,11227083.66818002218108560810884238,769398.994741188235848156198596,384.699497370594117924078099297,384.699497370594117924078099297,3.426530956217201e-05,0.7401778750880377,0.31614752133095975,1924.3413151866841,1850.0413335596563,1.0859920350215717,5.220566559280141e-07
19538,17595501,1688169503,11796569.26986030613667507800109861,4859380.815572946922367017180129,2429.6904077864734611835085900673,2429.6904077864734611835085900673,0.00020596584924010243,0.7709510881543985,0.2841277648262993,2015.2999003647562,1936.7674178638085,1.0862996833913974,3.14335362511634e-06
19539,17602598,1688255747,11709750.19061087540806518787681943,577454.127131058465085289785434,288.7270635655292325426448927152,288.7270635655292325426448927152,2.465697891634244e-05,0.7709535115262962,0.28412865794033887,2000.4730648834986,1922.4505489178705,1.0863030980154451,3.763056836811173e-07
19540,17609724,1688342099,11787978.76985356707548293475351459,1202739.716356695673477600005178,601.3698581783478367388000025887,601.3698581783478367388000025887,5.101551927768005e-05,0.7698684715385923,0.2852581035082416,2015.5273603065257,1936.7109321229054,1.0863836678061487,7.77981269005796e-07
19541,17616859,1688428775,11901347.37493109253218188360296561,1409477.283380195749444654280824,704.7386416900978747223271404085,704.7386416900978747223271404085,5.9215029986819303e-05,0.7644432296334632,0.29090587011002256,2035.5984294396414,1955.1148200723699,1.0867837442146393,1.0283673517765908e-05
19542,17623970,1688515163,11801789.55844433551240502873022107,2199179.853949639684786074361147,1099.5899269748198423930371805735,1099.5899269748198423930371805735,9.317145688198184e-05,0.7687916997196028,0.28639066654437006,2017.500806275007,1938.4579094357784,1.0864757419895765,1.4044489870359394e-06
19543,17631103,1688601551,11645123.69894845402339827862653211,11604780.048319326999448960275335,5802.3900241596634997244801376678,5802.3900241596634997244801376678,0.0004982677878023413,0.7687927794483269,0.2863910687654516,1989.1597307644188,1911.337411553035,1.086477267889332,7.51304802410166e-06
19544,17638206,1688687783,11141215.02828283750618859124821341,739656.960185980002475506062874,369.8284800929900012377530314371,369.8284800929900012377530314371,3.3194627260505406e-05,0.7687985554253997,0.28639322043530496,1931.6993744027957,1855.9788486444193,1.086485430645223,4.984429618121689e-07
19545,17645339,1688774315,11198572.17454847584410231341892755,3266776.759990715444114415309653,1633.3883799953577220572076548259,1633.3883799953577220572076548259,0.000145856842688181,0.7666285052805549,0.28865236908057557,1941.6067728949258,1865.2233762873518,1.0866457728183776,1.4472316938827748e-05
19546,17652457,1688860775,12235547.40673231936602073904491617,769735.515329008477127953362295,384.8677576645042385639766811485,384.8677576645042385639766811485,3.145488672233331e-05,0.7677248054209448,0.2875269990187554,1936.1045620168031,1860.0520308976165,1.0865816501112584,2.3045304364736655e-06
19547,17659571,1688947199,11854325.74609666686982383893977374,851770.134603709509284899596125,425.8850673018547546424497980653,425.8850673018547546424497980653,3.5926553430682305e-05,0.7633860691908881,0.29204620103520845,1939.529236997742,1862.5507817632827,1.0869029209622787,2.545841504814198e-06
19548,17666645,1689033239,12321827.27661260146709772886698446,3748510.982330126216567527156514,1874.2554911650631082837635782566,1874.2554911650631082837635782566,0.00015210856710534215,0.7644730604029346,0.2909172220922401,1953.3747527395888,1876.0586613819253,1.0868261536364017,8.331485526193142e-06
19549,17673783,1689119939,12314245.34619337943704241369177859,500531.289645668693477233382669,250.2656448228343467386166913352,250.2656448228343467386166913352,2.032326283804288e-05,0.7623093702636076,0.2931791660671946,1951.610716541474,1874.0955524195163,1.0869941736324342,1.1118970889589297e-06
19550,17680897,1689206399,15079455.60477438955334164353935458,25464263.173548249537324465198793,12732.1315867741247686622325993935,12732.1315867741247686622325993935,0.0008443362890861216,0.7276187250384887,0.3293626003662677,1954.43409296556,1870.8624962092722,1.0894815979604486,0.0006549396213437335
19551,17688001,1689292799,15269635.27576461397249598805638972,12077687.056859333656969407886925,6038.8435284296668284847039434596,6038.8435284296668284847039434596,0.0003954805350206557,0.7432759060594666,0.3137307072337158,2090.1391702103474,2003.4685475908864,1.089119988398058,6.444350897573151e-06
19552,17695089,1689378935,14426864.87473484133773347329502496,1192514.901374353183179353570882,596.2574506871765915896767854444,596.2574506871765915896767854444,4.132966211746927e-05,0.7432806959902188,0.3137327290244805,2018.8363501510187,1935.1670265523037,1.0891270070694326,6.680617076700057e-07
19553,17702169,1689465599,14560990.34467038604582787018435615,729302.285348531721294223795862,364.6511426742658606471118979302,364.6511426742658606471118979302,2.5043017957067427e-05,0.7432811925475898,0.3137329386173033,2019.0319606888706,1935.3798225924104,1.089127734673481,4.0120218583883595e-07
19554,17709241,1689551615,14085256.44688951072207021441472623,364047.818894313413367061852098,182.0239094471567066835309260461,182.0239094471567066835309260461,1.2923009966733945e-05,0.7432814907536289,0.313733064487644,2007.867152827109,1924.670637463714,1.0891281716339085,2.0563355384044204e-07
19555,17716395,1689638231,11834700.2699442080852703978192846,673221.822030132558542298654482,336.6109110150662792711493272392,336.6109110150662792711493272392,2.8442706898960032e-05,0.7432816435972434,0.3137331290016889,1996.7979799935263,1913.9715579744388,1.089128395595205,3.823845771082151e-07
19556,17723522,1689724619,11726620.75188943909769035405750541,273562.486924948667384842097337,136.7812434624743336924210486694,136.7812434624743336924210486694,1.1664165351338372e-05,0.7432819278166802,0.3137332489683988,1978.5377920221617,1896.4720903927703,1.089128812061106,1.568152471496006e-07
19557,17730656,1689811079,11347444.44368812527940467698019672,501923.04225008660441114216626,250.9615211250433022055710831268,250.9615211250433022055710831268,2.2116126883937957e-05,0.7432820443746195,0.3137332981665558,1971.4596959174085,1889.6492235471167,1.0891289828531099,2.887539033924801e-07
19558,17737806,1689897551,11364289.40793019717570382187289115,554379.117940234373762326798029,277.1895589701171868811633990177,277.1895589701171868811633990177,2.4391279473812898e-05,0.7421975662547846,0.3148650024339053,1974.3547266885964,1892.3901527051498,1.089206780354946,3.1846563947709594e-07
19559,17744915,1689983579,11356568.76839058393938302766596768,370560.703213662589839015790456,185.2803516068312949195078952264,185.2803516068312949195078952264,1.6314817916000574e-05,0.7421978026192071,0.31486510270758966,1972.9861620342533,1891.068278641487,1.0892071272298798,2.1301829138507405e-07
19560,17752062,1690069931,11157045.06907394406125030781491137,319193.409910951766679267857093,159.5967049554758833396339285491,159.5967049554758833396339285491,1.4304567559546724e-05,0.7421979607209148,0.3148651697796158,1938.3224107446388,1857.7903683064396,1.0892073592509208,1.867725642146854e-07
19561,17759226,1690156511,11308139.86407430038212920985799643,262925.27157624770566979314949,131.4626357881238528348965747442,131.4626357881238528348965747442,1.1625487247975912e-05,0.7421980993431313,0.314865228587791,1964.5742811986802,1882.9042977889826,1.0892075626849724,1.5179316242243483e-07
