day,blockNumber,timestamp,totalValueLockedUSD,dailyVolumeUSD,dailySupplySideRevenueUSD,token0Balance,token1Balance,token0PriceUSD,token1PriceUSD,outputTokenSupply,outputTokenPriceUSD,dailyLPFeeROI,dailyLDORewardROI,dailyCRVRewardROI
19124,14763966,1652398142,178479102.2,9254407.575,1850.881515,90133.82975,7366.990537,1791.316481,2310.426141,97333.00752,1833.695544,1.04E-05,0,0
19125,14770383,1652485408,319431074.4,25514852.85,5102.970571,162139.7705,12546.35711,1791.316481,2310.426141,174350.7416,1832.11767,1.43E-05,1.14E-17,0
19126,14776225,1652566674,380036379.2,1784157.253,356.8314505,192133.1421,15523.16023,1791.316481,2310.426141,207251.6562,1833.695257,8.40E-07,8.98E-18,0
19127,14782931,1652658492,501226620.9,20472977.34,4094.595469,248233.7387,24480.95299,1791.316481,2310.426141,272229.3483,1841.19245,7.34E-06,7.10E-18,0
19128,14788953,1652741281,503815295.8,5438799.506,1087.759901,250488.251,23853.41933,1791.316481,2310.426141,273814.6715,1839.986488,1.94E-06,6.89E-18,0
19129,14795168,1652826871,528885965.2,2787133.714,557.4267429,262936.1259,25053.45166,1791.316481,2310.426141,287409.055,1840.185464,9.47E-07,6.60E-18,0
19130,14801239,1652910395,547141238.6,3108185.527,621.6371055,272049.7723,25888.72969,1791.316481,2310.426141,297308.5444,1840.314545,1.02E-06,6.11E-18,0
19131,14807775,1653003016,564148589.8,3258029.988,651.6059976,284699.2824,27286.504,1791.316481,1984.94,311298.5134,1812.243122,1.02E-06,2.85E-18,0
19132,14814044,1653090949,645564423.9,664382.0351,132.876407,324898.1078,32025.69791,1791.316481,1984.94,356116.1175,1812.79193,1.82E-07,2.68E-18,0
19133,14819879,1653172801,707134209.7,30376744.84,6075.348968,340229.2511,25298.74184,1930.809073,1984.94,364513.3267,1939.940622,8.14E-06,2.27E-18,0.00E+00
19134,14825837,1653256400,709562089.9,2107906.688,421.5813375,340205.2381,26545.25051,1930.809073,1984.94,365724.4654,1940.154835,5.63E-07,2.25E-18,0.00E+00
19135,14831899,1653341229,707472863.7,3674357.838,734.8715676,337448.1045,28174.65607,1930.809073,1984.94,364601.4988,1940.400317,9.75E-07,2.16E-18,0.00E+00
19136,14838526,1653435056,703840743,1337818.356,267.5636712,335472.8121,28266.24162,1930.809073,1984.94,362691.2505,1940.605796,3.57E-07,1.83E-18,0.00E+00
19137,14843883,1653510053,704730319.9,1963681.581,392.7363163,336862.7086,27362.41181,1930.809073,1984.94,363119.4133,1940.767401,5.23E-07,1.85E-18,0.00E+00
19138,14850509,1653603648,703826043.5,456771.9771,91.35439541,336035.0639,27711.91733,1930.809073,1984.94,362614.2098,1940.977558,1.22E-07,9.54E-19,0.00E+00
19139,14856664,1653689783,672981172.7,4590765.714,918.1531428,322732.4009,25112.35848,1930.809073,1984.94,346694.714,1941.134795,1.28E-06,1.04E-18,0.00E+00
19140,14863221,1653781692,672988730.4,1840781.817,368.1563634,321732.8577,26088.45083,1930.809073,1984.94,346657.6715,1941.364019,5.14E-07,9.92E-19,0.00E+00
19141,14869228,1653865987,667583154.5,159638.1417,31.92762834,321703.7484,26019.77942,1930.809073,1784.59,346523.8071,1926.514545,4.46E-08,9.45E-19,0.00E+00
19142,14875511,1653954910,666466493.6,2961154.794,592.2309588,320110.2691,27118.09524,1930.809073,1784.59,346018.7291,1926.099478,8.28E-07,1.05E-18,0.00E+00
19143,14881003,1654032132,668166196,305863.9829,61.17279658,319837.6113,27249.56616,1937.035767,1784.59,345845.7891,1931.977249,8.55E-08,1.04E-18,0.00E+00
19144,14886068,1654104279,662508301.9,1391312.898,278.2625796,316458.1298,27747.31778,1937.035767,1784.59,342953.363,1931.773744,3.92E-07,9.09E-19,0.00E+00
19145,14893605,1654209553,664331871.4,3026058.001,605.2116001,318173.1604,26907.62564,1937.035767,1784.59,343772.6804,1932.474304,8.51E-07,8.99E-19,0.00E+00
19146,14900052,1654300257,564297026.2,503758.2826,100.7516565,270555.974,22537.62922,1937.035767,1784.59,291946.3576,1932.879146,1.89E-07,0.00E+00,0.00E+00
19147,14905853,1654385306,536375842.3,4896.572823,0.9793145646,257147.1502,21446.16694,1937.035767,1784.59,277475.1604,1933.05895,1.93E-09,0.00E+00,0.00E+00
19148,14911883,1654472918,534658189.2,54396.45872,10.87929174,256498.9262,21187.27269,1937.035767,1784.59,276539.7111,1933.386663,2.15E-08,0.00E+00,0.00E+00
19149,14917571,1654557288,529006084.1,6811867.675,1362.373535,253830.1813,20916.81803,1937.035767,1784.59,273582.9341,1933.62238,2.72E-06,0.00E+00,0.00E+00
19150,14922694,1654632084,481520817.8,909234.4566,181.8468913,231111.8154,18967.36234,1937.035767,1784.59,248992.6741,1933.875442,3.99E-07,0.00E+00,0.00E+00
19151,14929202,1654727634,501873078.9,8821248.979,1764.249796,241596.0428,18767.03174,1937.035767,1805.981,259182.4327,1936.369968,3.72E-06,0.00E+00,0.00E+00
19152,14935234,1654817172,461636929.4,2485476.646,497.0953292,223507.1371,15889.20957,1937.035767,1805.981,238250.9913,1937.607591,1.14E-06,0.00E+00,0.00E+00
19153,14941253,1654905385,295024100.3,19275760.81,3855.152161,173342.063,8854.759201,1609.722238,1805.981,181180.9362,1628.339639,1.18E-05,0.00E+00,0.00E+00
19154,14946976,1654989727,262276688.8,8743341.44,1748.668288,152331.6152,9449.213652,1609.722238,1805.981,160929.5352,1629.761053,6.04E-06,0.00E+00,0.00E+00
19155,14952513,1655071482,230644589.9,2789439.956,557.8879912,134251.7662,8049.108138,1609.722238,1805.981,141527.252,1629.683235,2.55E-06,0.00E+00,0.00E+00
19156,14958649,1655162795,229040148.7,20125342.63,4025.068526,133575.1323,7763.80697,1609.722238,1805.981,140544.3248,1629.664869,2.25E-05,0.00E+00,0.00E+00
19157,14964277,1655246895,78563638.02,14055657.66,2811.131532,46075.66589,2433.366694,1609.722238,1805.981,48220.37131,1629.262403,4.58E-05,0.00E+00,0.00E+00
19158,14970209,1655336288,78080067.22,2229192.296,445.8384591,46129.55145,2117.576226,1609.722238,1805.981,47937.93021,1628.774269,8.56E-06,0.00E+00,0.00E+00
19159,14976114,1655423834,74009966.99,1362487.309,272.4974617,43767.15343,1969.57046,1609.722238,1805.981,45436.29141,1628.873411,5.52E-06,0.00E+00,0.00E+00
19160,14981935,1655509448,39997260.15,1556965.966,311.3931932,23661.67184,1056.788976,1609.722238,1805.981,24552.92,1629.022542,1.16E-05,0.00E+00,0.00E+00
19161,14987719,1655595600,36754940.89,481250.355,96.25007101,22228.97508,978.6997007,1609.722238,993.63,23048.86965,1594.652643,3.81E-06,0.00E+00,0.00E+00
19162,14993471,1655682494,31921436.35,266345.382,53.2690764,19292.59226,871.2715586,1609.722238,993.63,20025.17822,1594.065031,2.77E-06,0.00E+00,0.00E+00
19163,14999233,1655767525,31748342.69,83672.28394,16.73445679,19171.55584,893.1523096,1609.722238,993.63,19926.27673,1593.290263,8.74E-07,0.00E+00,0.00E+00
19164,15004620,1655851832,21126579.42,220761.5729,44.15231458,19089.74274,917.4117256,1058.946256,993.63,19868.62341,1063.313698,1.97E-06,0.00E+00,0.00E+00
19165,15010060,1655940032,21076328.84,171567.6909,34.31353818,19015.35223,946.119572,1058.946256,993.63,19822.90612,1063.231028,1.53E-06,0.00E+00,0.00E+00
19166,15014822,1656018084,21076126.07,96908.18217,19.38163643,18988.00755,975.0576766,1058.946256,993.63,19823.9506,1063.16478,9.12E-07,0.00E+00,0.00E+00
19167,15020205,1656104422,20979876.24,221040.8086,44.20816171,18796.57302,1082.209279,1058.946256,993.63,19743.30143,1062.632626,2.09E-06,0.00E+00,0.00E+00
19168,15025990,1656197746,20926145.13,222029.9461,44.40598922,18696.49483,1134.790537,1058.946256,993.63,19696.24125,1062.443583,1.83E-06,0.00E+00,0.00E+00
19169,15031053,1656280071,20923879.85,91790.06454,18.35801291,18664.22814,1166.898475,1058.946256,993.63,19695.22498,1062.383388,7.57E-07,0.00E+00,0.00E+00
19170,15036880,1656373074,20927546.36,29578.36437,5.915672875,18671.33626,1163.013124,1058.946256,993.63,19696.27171,1062.513082,2.50E-07,0.00E+00,0.00E+00
19171,15041762,1656452702,20815560.72,134047.9647,26.80959294,18650.53244,1072.480915,1058.946256,993.63,19580.4561,1063.07844,1.14E-06,0.00E+00,0.00E+00
19172,15047298,1656542555,20965427.18,32512.00887,6.502401774,18645.54181,1093.595539,1058.946256,1116.318085,19595.27237,1069.922724,2.76E-07,0.00E+00,0.00E+00
19173,15052977,1656629818,20693247.12,129995.9226,25.99918452,18411.14843,1072.123103,1058.946256,1116.318085,19338.94315,1070.029885,1.23E-06,0.00E+00,0.00E+00
19174,15059320,1656715433,20684972.3,20922.55945,4.18451189,18384.02209,1090.442712,1058.946256,1116.318085,19328.9756,1070.153573,1.97E-07,0.00E+00,0.00E+00
19175,15066163,1656806338,19996230.85,73740.22397,14.74804479,18356.77166,1106.087602,1022.047101,1116.318085,19316.08574,1035.211332,7.33E-07,0.00E+00,0.00E+00
19176,15072467,1656889631,19935458.11,63370.70188,12.67414038,18233.66084,1164.361594,1022.047101,1116.318085,19251.99522,1035.500886,6.21E-07,0.00E+00,0.00E+00
19177,15079043,1656977794,19508709.21,96824.41361,19.36488272,17780.32535,1197.131216,1022.047101,1116.318085,18834.53575,1035.794535,9.70E-07,0.00E+00,0.00E+00
19178,15085516,1657064138,19871193.68,398565.9776,79.71319551,18098.28234,1230.739435,1022.047101,1116.318085,19181.77495,1035.941342,3.76E-06,0.00E+00,0.00E+00
19179,15091973,1657150403,19299844.73,6229.728238,1.245945648,17545.75772,1224.788826,1022.047101,1116.318085,18626.53713,1036.14776,6.06E-08,0.00E+00,0.00E+00
19180,15096499,1657211370,19269230.26,23928.18385,4.78563677,17493.90888,1244.834624,1022.047101,1116.318085,18593.70669,1036.330764,2.19E-07,0.00E+00,0.00E+00
19181,15104675,1657319374,19267839.47,15592.60654,3.118521308,17501.49372,1236.644433,1022.047101,1116.318085,18590.99492,1036.407118,1.33E-07,0.00E+00,0.00E+00
19182,15108375,1657370146,19385172.5,27739.57824,5.547915647,17529.56762,1211.115382,1022.047101,1213.0378,18590.89365,1042.724081,2.37E-07,0.00E+00,0.00E+00
19183,15117667,1657493513,19374874.45,292895.109,58.57902181,17500.84013,1226.8303,1022.047101,1213.0378,18576.52804,1042.976083,2.65E-06,0.00E+00,0.00E+00
19184,15122202,1657554587,20852136.67,11118.02318,2.223604637,17459.57091,1222.81124,1109.352602,1213.0378,18529.68849,1125.336602,1.01E-07,0.00E+00,0.00E+00
19185,15130838,1657668549,20842366.68,319865.1624,63.97303248,17648.06778,1042.372107,1109.352602,1213.0378,18529.68849,1124.80934,2.90E-06,0.00E+00,0.00E+00
19186,15137246,1657755189,20827542.38,70236.72063,14.04734413,17616.91231,1058.643734,1109.352602,1213.0378,18513.69173,1124.98051,7.14E-07,0.00E+00,0.00E+00
19187,15143605,1657839061,19759697.78,24588.45885,4.917691769,16694.33999,1022.052461,1109.352602,1213.0378,17561.71612,1125.157567,2.30E-07,0.00E+00,0.00E+00
19188,15149798,1657921676,19702619.6,87703.4958,17.54069916,16570.63024,1088.134133,1109.352602,1213.0378,17505.19294,1125.529988,8.25E-07,0.00E+00,0.00E+00
19189,15156735,1658014952,19672191.91,52164.85824,10.43297165,16495.59748,1131.669537,1109.352602,1213.0378,17473.59167,1125.824174,4.95E-07,0.00E+00,0.00E+00
19190,15162972,1658099030,18798661.18,154554.093,30.91081861,15652.20575,1182.853505,1109.352602,1213.0378,16689.34377,1126.387079,1.36E-06,0.00E+00,0.00E+00
19191,15169302,1658183759,18970824.24,109212.1242,21.84242485,15509.84968,1191.746333,1109.352602,1480.96293,16555.80301,1145.871585,9.66E-07,0.00E+00,0.00E+00
19192,15175868,1658270876,18285956.12,631820.4656,126.3640931,14879.88391,1201.190224,1109.352602,1480.96293,15940.15314,1147.163139,5.16E-06,0.00E+00,0.00E+00
19193,15182474,1658359915,25041162.83,63494.56425,12.69891285,14896.28169,1186.728228,1563.051961,1480.96293,15940.14303,1570.949695,5.18E-07,0.00E+00,0.00E+00
19194,15187963,1658433303,25039134.27,60071.91847,12.01438369,14857.99703,1225.765236,1563.051961,1480.96293,15940.14303,1570.822434,4.90E-07,0.00E+00,0.00E+00
19195,15194531,1658520981,24960747.92,52988.04193,10.59760839,14790.7889,1243.769361,1563.051961,1480.96293,15890.2356,1570.823023,4.24E-07,0.00E+00,0.00E+00
19196,15201888,1658619121,24943032.14,29977.45359,5.995490717,14760.98084,1263.267327,1563.051961,1480.96293,15878.83656,1570.834994,2.47E-07,0.00E+00,0.00E+00
19197,15207720,1658698023,24833148.93,11452.66551,2.290533102,14686.5352,1267.642318,1563.051961,1480.96293,15808.01651,1570.921242,9.47E-08,0.00E+00,0.00E+00
19198,15210739,1658739571,24833739.81,53240.95348,10.6481907,14691.78523,1262.500264,1563.051961,1480.96293,15808.01651,1570.958621,4.40E-07,0.00E+00,0.00E+00
19199,15220526,1658871038,24837816.15,12342.02921,2.468405842,14686.78492,1270.530228,1563.051961,1480.96293,15808.01651,1571.216486,1.02E-07,0.00E+00,0.00E+00
19200,15227082,1658958753,21900416.97,109549.0483,21.90980967,12987.28785,1071.639937,1563.051961,1493.609164,13925.04365,1572.735966,1.08E-06,0.00E+00,0.00E+00
19201,15233812,1659049534,21131140.25,304885.9863,60.97719726,12633.9935,926.3145715,1563.051961,1493.609164,13427.26058,1573.749174,2.74E-06,0.00E+00,0.00E+00
19202,15240035,1659133234,20888470.4,47358.90589,9.471781177,12498.03824,906.1187122,1563.051961,1493.609164,13271.06602,1573.985871,4.30E-07,0.00E+00,0.00E+00
19203,15245785,1659210621,22308552.46,26164.31375,5.232862751,12475.41839,907.8787662,1679.50571,1493.609164,13249.16512,1683.770431,2.32E-07,0.00E+00,0.00E+00
19204,15251131,1659282309,22298992.94,48363.05741,9.672611483,12450.70352,929.2693937,1679.50571,1493.609164,13245.09431,1683.566188,4.29E-07,0.00E+00,0.00E+00
19205,15259744,1659398315,22273599.13,12600.86789,2.520173578,12428.61271,937.1080117,1679.50571,1493.609164,13229.87622,1683.583334,1.16E-07,0.00E+00,0.00E+00
19206,15265238,1659472214,21391031.12,2143.47235,0.42869447,11935.07333,901.1777264,1679.50571,1493.609164,12704.54082,1683.731149,2.05E-08,0.00E+00,0.00E+00
19207,15272478,1659569914,21254549.59,180921.3244,36.18426487,11883.23183,868.0944868,1679.50571,1493.609164,12618.5006,1684.395814,1.74E-06,0.00E+00,0.00E+00
19208,15278737,1659655064,20178025.48,68904.73036,13.78094607,11315.35164,785.9002404,1679.50571,1493.609164,11972.93771,1685.302803,6.91E-07,0.00E+00,0.00E+00
19209,15284603,1659733193,19906278.07,149529.9253,29.90598506,11214.86522,716.9532241,1679.50571,1493.609164,11802.26729,1686.648639,1.49E-06,0.00E+00,0.00E+00
19210,15291114,1659820450,20083242.14,30428.10564,6.085621129,11234.19485,699.4458113,1679.50571,1737.586708,11802.26729,1701.642713,3.04E-07,0.00E+00,0.00E+00
19211,15298005,1659913022,20084294.92,32276.77488,6.455354977,11254.64542,680.2847156,1679.50571,1737.586708,11801.64574,1701.82154,3.18E-07,0.00E+00,0.00E+00
19212,15304126,1659995802,17000274.04,24021.2058,4.80424116,9627.157515,593.2402599,1658.793639,1737.586708,10105.62295,1682.25889,2.76E-07,0.00E+00,0.00E+00
19213,15310157,1660077299,17001708.08,75449.01733,15.08980347,9647.878538,574.2841644,1658.793639,1737.586708,10105.62295,1682.400795,8.68E-07,0.00E+00,0.00E+00
19214,15317393,1660175522,17003543.14,57147.01776,11.42940355,9641.773709,581.1682557,1658.793639,1737.586708,10105.62295,1682.582383,6.58E-07,0.00E+00,0.00E+00
19215,15323181,1660254977,16850970.62,102448.2343,20.48964686,9488.405317,639.7748272,1658.793639,1737.586708,10013.094,1682.893482,1.08E-06,0.00E+00,0.00E+00
19216,15329951,1660347207,16597760,16362.67589,3.272535178,9325.809351,649.2722149,1658.793639,1737.586708,9861.304436,1683.12013,1.75E-07,0.00E+00,0.00E+00
19217,15336319,1660433357,15849796.42,116909.5073,23.38190146,8866.33247,657.4523812,1658.793639,1737.586708,9415.211088,1683.424437,1.23E-06,0.00E+00,0.00E+00
19218,15342227,1660513790,15851329.13,16509.70078,3.301940156,8868.835098,655.9453251,1658.793639,1737.586708,9415.211088,1683.587227,1.74E-07,0.00E+00,0.00E+00
19219,15348206,1660596539,15945018.49,15020.27179,3.004054358,8875.459612,647.3638867,1658.793639,1888.37,9412.115107,1694.095144,1.66E-07,0.00E+00,0.00E+00
19220,15354628,1660683798,15936652.1,51579.39422,10.31587884,8893.918239,626.7188616,1658.793639,1888.37,9408.451869,1693.865507,5.70E-07,0.00E+00,0.00E+00
19222,15367871,1660864671,16725879.7,25450.48867,5.090097733,8698.423428,615.8244889,1789.171951,1888.37,9202.729712,1817.491139,2.97E-07,0.00E+00,0.00E+00
19223,15373841,1660947095,14281145.22,280564.045,56.11280899,7433.512413,519.6615685,1789.171951,1888.37,7856.93759,1817.647787,3.83E-06,0.00E+00,0.00E+00
19224,15379771,1661028104,14280692.57,15001.83813,3.000367625,7433.255219,519.6655445,1789.171951,1888.37,7855.899673,1817.830314,2.30E-07,0.00E+00,0.00E+00
19225,15385282,1661103461,14104632.41,23667.61061,4.733522122,7345.360006,509.7096032,1789.171951,1888.37,7758.365202,1817.990266,3.68E-07,0.00E+00,0.00E+00
19226,15393246,1661212112,13944215.02,57923.32249,11.5846645,7242.059875,522.6330775,1789.171951,1888.37,7668.856433,1818.291311,9.54E-07,0.00E+00,0.00E+00
19227,15397527,1661269831,13944766.43,39134.71916,7.826943833,7260.350252,505.5955175,1789.171951,1888.37,7668.856433,1818.363214,6.44E-07,0.00E+00,0.00E+00
19228,15405211,1661375522,9259300.34,30480.5125,6.0961025,4808.99877,346.952466,1789.171951,1888.37,5091.298934,1818.651873,7.09E-07,0.00E+00,0.00E+00
19229,15410122,1661444581,9169667.637,16412.93059,3.282586118,4797.695234,351.8620671,1789.171951,1664.76,5084.621195,1803.412149,3.82E-07,0.00E+00,0.00E+00
19230,15417520,1661546715,9174873.465,42912.36343,8.582472685,4823.389405,327.3747762,1789.171951,1664.76,5084.621195,1804.435987,9.99E-07,0.00E+00,0.00E+00
19231,15424053,1661637083,7586423.092,185793.4676,37.15869352,4819.687153,324.679016,1461.902034,1664.76,5077.704862,1494.065389,4.86E-06,0.00E+00,0.00E+00
19232,15430234,1661722824,7586996.41,1838.756972,0.3677513944,4821.399509,323.5197029,1461.902034,1664.76,5077.704862,1494.178298,4.81E-08,0.00E+00,0.00E+00
19233,15436164,1661804360,7477001.888,556528.6523,111.3057305,4729.067961,338.527965,1461.902034,1664.76,5001.397544,1494.982517,1.52E-05,0.00E+00,0.00E+00
19234,15441145,1661873399,7476936.636,7864.992985,1.572998597,4734.678109,333.5622411,1461.902034,1664.76,5001.397544,1494.96947,2.15E-07,0.00E+00,0.00E+00
19235,15447362,1661959256,7392448.159,0,0,4681.183622,329.7870564,1461.902034,1664.76,4944.393382,1495.117315,0.00E+00,0.00E+00,0.00E+00
19236,15450982,1662009242,7391510.15,9283.542844,1.856708569,4687.213789,323.9282404,1461.902034,1664.76,4944.393382,1494.927604,2.33E-07,0.00E+00,0.00E+00
19237,15460246,1662136633,7326812.549,64477.11157,12.89542231,4663.801311,305.6247902,1461.902034,1664.76,4901.771053,1494.727614,1.63E-06,0.00E+00,0.00E+00
19238,15466588,1662224754,7251921.038,381.7078234,0.07634156468,4636.245686,305.3755108,1461.902034,1552.79,4873.90642,1487.90732,9.71E-09,0.00E+00,0.00E+00
19239,15474252,1662330837,7314059.604,41542.77405,8.30855481,4681.523503,302.7652622,1461.902034,1552.79,4915.323339,1488.011897,1.07E-06,0.00E+00,0.00E+00
19240,15480812,1662422389,7630561.775,57987.67666,11.59753533,4643.82781,297.0533616,1543.83422,1552.79,4871.912716,1566.235321,1.45E-06,0.00E+00,0.00E+00
19241,15486583,1662501786,7633254.282,81650.85668,16.33017134,4683.101105,259.740558,1543.83422,1552.79,4871.912716,1566.78798,2.05E-06,0.00E+00,0.00E+00
19242,15491976,1662576339,7633484.068,43606.9516,8.72139032,4674.798098,268.143659,1543.83422,1552.79,4871.912716,1566.835145,1.09E-06,0.00E+00,0.00E+00
19243,15498934,1662672571,7633632.02,23481.33995,4.69626799,4663.418025,279.553378,1543.83422,1552.79,4871.912716,1566.865513,5.88E-07,0.00E+00,0.00E+00
19244,15505437,1662765157,7627839.833,41222.1785,8.2444357,4633.553878,305.5151019,1543.83422,1552.79,4868.489554,1566.777488,9.76E-07,0.00E+00,0.00E+00
19245,15511161,1662846800,7627744.054,42107.62764,8.421525529,4610.446129,328.427894,1543.83422,1552.79,4868.489554,1566.757815,9.97E-07,0.00E+00,0.00E+00
19246,15516582,1662924778,7601351.921,22843.37944,4.568675888,4587.810905,333.9359802,1543.83422,1552.79,4851.306637,1566.866927,5.27E-07,0.00E+00,0.00E+00
19247,15523681,1663025460,7571012.792,18699.93624,3.739987248,4578.151327,324.0013841,1543.83422,1552.79,4831.283733,1567.080969,4.34E-07,0.00E+00,0.00E+00
19248,15529714,1663111553,7547179.665,33048.16776,6.609633552,4552.96479,302.2626722,1543.83422,1714.260039,4784.011996,1577.583767,7.94E-07,0.00E+00,0.00E+00
19249,15535622,1663197642,7005486.864,311370.5416,62.27410831,4214.632052,290.9673366,1543.83422,1714.260039,4439.351824,1578.042728,8.07E-06,0.00E+00,0.00E+00
19250,15542401,1663285127,6583451.364,251168.939,50.2337878,3957.20346,420.345519,1481.568966,1714.260039,4315.401151,1525.571119,7.18E-06,0.00E+00,0.00E+00
19251,15549082,1663366547,6590562.143,141733.4278,28.34668556,3928.514359,449.2884222,1481.568966,1714.260039,4315.401151,1527.218887,4.05E-06,0.00E+00,0.00E+00
19252,15555116,1663439639,6608398.928,125488.0284,25.09760569,3850.095465,527.4678005,1481.568966,1714.260039,4315.401151,1531.352173,4.01E-06,0.00E+00,0.00E+00
19253,15563775,1663544615,6614193.762,199503.3583,39.90067167,3827.646386,550.2500459,1481.568966,1714.260039,4315.401151,1532.694999,6.37E-06,0.00E+00,0.00E+00
19254,15570556,1663626875,6608281.911,71908.44233,14.38168847,3859.148441,519.5754003,1481.568966,1714.260039,4315.401151,1531.325056,2.30E-06,0.00E+00,0.00E+00
19255,15576848,1663703027,6073963.269,164359.6592,32.87193184,3496.654542,521.1743813,1481.568966,1714.260039,3959.574333,1533.994,6.03E-06,0.00E+00,0.00E+00
19256,15585110,1663804055,6075341.082,66481.26489,13.29625298,3494.396007,523.9300824,1481.568966,1714.260039,3959.574333,1534.34197,2.44E-06,0.00E+00,0.00E+00
19257,15591118,1663876679,5561052.195,43811.08271,8.762216542,3300.559233,531.4174992,1481.568966,1262.7474,3775.682316,1472.860196,1.84E-06,0.00E+00,0.00E+00
19258,15598994,1663971635,4948053.772,115739.3215,23.1478643,2860.912073,561.8029633,1481.568966,1262.7474,3372.464721,1467.192152,5.09E-06,0.00E+00,0.00E+00
19259,15605965,1664055647,4468144.843,47890.27866,9.578055731,2877.676659,545.5238559,1313.311556,1262.7474,3372.464721,1324.890017,2.11E-06,0.00E+00,0.00E+00
19260,15612839,1664138447,4465601.939,69955.85752,13.9911715,2823.622442,599.7287785,1313.311556,1262.7474,3372.464721,1324.135998,3.08E-06,0.00E+00,0.00E+00
19261,15620895,1664235839,4468782.351,73433.89842,14.68677968,2871.293794,552.6671676,1313.311556,1262.7474,3372.464721,1325.079051,3.23E-06,0.00E+00,0.00E+00
19262,15628101,1664323019,4454023.626,455198.8295,91.0397659,2588.874821,834.7072465,1313.311556,1262.7474,3372.464721,1320.702808,2.00E-05,0.00E+00,0.00E+00
19263,15634807,1664403911,4187654.566,114803.3781,22.96067563,2471.663871,745.6676143,1313.311556,1262.7474,3168.822953,1321.517367,5.59E-06,0.00E+00,0.00E+00
19264,15640432,1664471843,4187861.106,6721.429906,1.344285981,2466.808001,750.8814912,1313.311556,1262.7474,3168.822953,1321.582546,3.28E-07,0.00E+00,0.00E+00
19265,15649481,1664581043,4244072.829,1597221.701,319.4443403,2189.926191,1027.943678,1313.311556,1330.829193,3168.822953,1339.321537,7.78E-05,0.00E+00,0.00E+00
19266,15655592,1664654987,4225417.018,37282.28742,7.456457484,2203.442708,1000.586891,1313.311556,1330.829193,3154.844258,1339.342507,1.75E-06,0.00E+00,0.00E+00
19267,15659847,1664706311,4224876.983,27674.97746,5.534995491,2220.767521,983.0843356,1313.311556,1330.829193,3154.647229,1339.254971,1.30E-06,0.00E+00,0.00E+00
19268,15670593,1664835947,4263394.311,918433.8533,183.6867707,2711.968717,493.9154426,1329.689829,1330.829193,3154.647229,1351.464681,4.31E-05,0.00E+00,0.00E+00
19269,15677557,1664920235,4263866.308,48657.6312,9.731526239,2704.395568,501.836772,1329.689829,1330.829193,3154.647229,1351.614301,2.28E-06,0.00E+00,0.00E+00
19270,15684447,1665003611,4264261.802,56147.22023,11.22944405,2678.090729,528.4162696,1329.689829,1330.829193,3154.647229,1351.739669,2.63E-06,0.00E+00,0.00E+00
19271,15691407,1665087635,4246976.698,58619.85245,11.72397049,2645.162877,548.327709,1329.689829,1330.829193,3141.513273,1351.888828,2.70E-06,0.00E+00,0.00E+00
19272,15699621,1665186899,4247985.965,193477.9939,38.69559878,2735.405193,458.9210275,1329.689829,1330.829193,3141.513273,1352.210096,8.91E-06,0.00E+00,0.00E+00
19273,15703885,1665238271,4248548.962,24324.10115,4.864820231,2732.718168,462.0287945,1329.689829,1330.829193,3141.513273,1352.389308,1.12E-06,0.00E+00,0.00E+00
19274,15712566,1665342971,4241501.339,8194.822012,1.638964402,2731.789612,463.3075591,1329.689829,1314.609409,3141.513273,1350.145924,3.77E-07,0.00E+00,0.00E+00
19275,15720689,1665440951,4241603.207,61027.37094,12.20547419,2714.078275,481.2995583,1329.689829,1314.609409,3141.513273,1350.17835,2.81E-06,0.00E+00,0.00E+00
19276,15728121,1665530555,4180631.457,46038.37217,9.207674433,2715.719052,480.0645626,1307.03287,1314.609409,3141.513273,1330.769949,2.12E-06,0.00E+00,0.00E+00
19277,15735470,1665619199,4181242.427,370830.5168,74.16610335,2665.779898,530.1806533,1307.03287,1314.609409,3141.513273,1330.964431,1.71E-05,0.00E+00,0.00E+00
19278,15741560,1665692723,4181697.869,55460.32547,11.09206509,2705.599029,490.937461,1307.03287,1314.609409,3141.513273,1331.109407,2.55E-06,0.00E+00,0.00E+00
19279,15749053,1665783119,4186066.765,73791.19894,14.75823979,2747.975825,452.1282384,1307.03287,1314.609409,3144.340493,1331.301993,3.54E-06,0.00E+00,0.00E+00
19280,15756365,1665871271,4186597.057,75255.83013,15.05116603,2692.790306,507.3990885,1307.03287,1314.609409,3144.340493,1331.470643,3.61E-06,0.00E+00,0.00E+00
19281,15763718,1665960047,4187348.801,19727.84975,3.94556995,2679.887312,520.7995558,1307.03287,1314.609409,3144.52701,1331.630731,9.43E-07,0.00E+00,0.00E+00
19282,15770823,1666045871,4184087.811,161354.6831,32.27093661,2628.83189,572.5565011,1307.03287,1306.62759,3145.03056,1330.380653,7.71E-06,0.00E+00,0.00E+00
19283,15777626,1666127843,4184579.481,36369.57875,7.273915751,2614.33384,587.4353379,1307.03287,1306.62759,3145.03056,1330.536986,1.74E-06,0.00E+00,0.00E+00
19284,15780847,1666166735,4026392.956,5011.172317,1.002234463,2425.860892,663.7996599,1302.240379,1306.62759,3035.170813,1326.578701,2.49E-07,0.00E+00,0.00E+00
19285,15792038,1666301807,3564578.118,156439.7555,31.2879511,1958.841264,775.8109011,1302.240379,1306.62759,2686.050004,1327.070647,8.90E-06,0.00E+00,0.00E+00
19286,15798608,1666380959,3564770.086,221919.4063,44.38388127,2067.110246,668.0523684,1302.240379,1306.62759,2686.050004,1327.142116,1.26E-05,0.00E+00,0.00E+00
19287,15806756,1666479227,3564227.89,42470.156,8.494031199,2097.141699,637.7067927,1302.240379,1306.62759,2685.359937,1327.281249,2.38E-06,0.00E+00,0.00E+00
19288,15812634,1666550111,3564695.245,80096.61334,16.01932267,2057.545134,677.5280864,1302.240379,1306.62759,2685.359937,1327.455287,4.49E-06,0.00E+00,0.00E+00
19289,15821334,1666655591,3565098.385,19466.38507,3.893277014,2045.099816,690.2401516,1302.240379,1306.62759,2685.359937,1327.605412,1.09E-06,0.00E+00,0.00E+00
19290,15828020,1666736327,3654209.162,422667.3339,84.53346679,1913.077299,822.3968734,1302.240379,1414.065025,2685.359937,1360.789335,2.37E-05,0.00E+00,0.00E+00
19291,15835476,1666826243,3671232.744,242819.6626,48.56393252,1763.609015,972.08392,1302.240379,1414.065025,2685.359937,1367.128739,1.36E-05,0.00E+00,0.00E+00
19292,15839872,1666879259,3674236.409,83835.98082,16.76719616,1740.248616,995.7211068,1302.240379,1414.065025,2685.359937,1368.247272,4.70E-06,0.00E+00,0.00E+00
19293,15845871,1666951835,3866855.402,213639.8645,42.7279729,1636.031127,1099.914119,1412.873678,1414.065025,2685.359937,1439.976574,1.20E-05,0.00E+00,0.00E+00
19294,15856145,1667075879,3710118.036,101196.6538,20.23933076,1589.051929,1036.012041,1412.873678,1414.065025,2576.025476,1440.248969,4.86E-06,0.00E+00,0.00E+00
19295,15862258,1667149535,3710474.211,69320.64859,13.86412972,1568.991369,1056.30758,1412.873678,1414.065025,2576.025476,1440.387234,3.33E-06,0.00E+00,0.00E+00
19296,15865161,1667184575,3710499.017,38355.71809,7.671143618,1541.850124,1083.4435,1412.873678,1414.065025,2576.025476,1440.396864,1.84E-06,0.00E+00,0.00E+00
19297,15877134,1667329295,3697567.267,38777.62031,7.755524061,1564.15313,1052.014196,1412.873678,1414.065025,2566.618589,1440.637609,1.86E-06,0.00E+00,0.00E+00
19298,15884412,1667417159,3697892.184,25469.88924,5.093977848,1565.327456,1051.070635,1412.873678,1414.065025,2566.618589,1440.764202,1.22E-06,0.00E+00,0.00E+00
19299,15892325,1667512739,3828539.747,75397.0486,15.07940972,1601.206994,1015.473934,1412.873678,1542.37,2566.618589,1491.666804,3.62E-06,0.00E+00,0.00E+00
19300,15895701,1667553479,3815065.532,4007.687541,0.8015375082,1594.630415,1012.762302,1412.873678,1542.37,2557.507277,1491.712483,1.94E-07,0.00E+00,0.00E+00
19301,15907175,1667691863,3262551.174,302308.4522,60.46169044,1426.796875,689.552585,1541.218649,1542.37,2075.245147,1572.128083,1.81E-05,0.00E+00,0.00E+00
19302,15913424,1667767187,2939752.868,253731.0913,50.74621826,1179.090089,727.7872582,1541.218649,1542.37,1869.740618,1572.278443,1.65E-05,0.00E+00,0.00E+00
19303,15919988,1667846303,2940219.221,388535.7494,77.70714987,1426.741517,480.6230589,1541.218649,1542.37,1869.740618,1572.527864,2.52E-05,0.00E+00,0.00E+00
19304,15928391,1667947643,2941922.077,664862.1417,132.9724283,1672.077071,236.5746942,1541.218649,1542.37,1869.740618,1573.438609,4.31E-05,0.00E+00,0.00E+00
19305,15935438,1668032831,2898860.789,389361.1161,77.87222321,1703.570383,177.1859834,1541.218649,1542.37,1841.784759,1573.941132,3.58E-05,0.00E+00,0.00E+00
19306,15942943,1668123395,2896863.111,287765.8476,57.55316953,1612.341083,267.051981,1541.218649,1542.37,1840.589243,1573.878106,2.65E-05,0.00E+00,0.00E+00
19307,15950007,1668208739,2838230.94,432569.6906,86.51393811,1660.270987,219.3481597,1541.218649,1273.73,1840.409795,1542.173351,3.60E-05,0.00E+00,0.00E+00
19308,15957334,1668297059,2847172.269,348767.5991,69.75351983,1689.013589,191.58929,1541.218649,1273.73,1840.409795,1547.031686,2.90E-05,0.00E+00,0.00E+00
19309,15963314,1668369131,2372127.395,50121.80476,10.02436095,1690.519857,190.2091815,1259.880057,1273.73,1840.050769,1289.164101,4.35E-06,0.00E+00,0.00E+00
19310,15971465,1668467339,2372770.538,211038.8913,42.20777826,1689.996471,191.2318053,1259.880057,1273.73,1840.050769,1289.513626,1.83E-05,0.00E+00,0.00E+00
19311,15978857,1668556655,2373872.255,110857.7509,22.17155018,1670.671912,211.2111912,1259.880057,1273.73,1840.426455,1289.849017,9.35E-06,0.00E+00,0.00E+00
19312,15985529,1668637307,2230305.308,24295.13506,4.859027013,1561.971056,206.0162861,1259.880057,1273.73,1728.697313,1290.165312,2.18E-06,0.00E+00,0.00E+00
19313,15992657,1668723323,2230615.037,113650.902,22.7301804,1566.269646,202.0076045,1259.880057,1273.73,1728.697313,1290.344481,1.02E-05,0.00E+00,0.00E+00
19314,16000278,1668815279,2243800.246,331205.4921,66.24109842,1593.610045,185.3161439,1259.880057,1273.73,1738.649144,1290.542289,3.04E-05,0.00E+00,0.00E+00
19315,16007264,1668899543,1969799.993,3784.167528,0.7568335056,1407.025993,163.1748194,1259.880057,1208.005036,1534.464345,1283.705288,3.99E-07,0.00E+00,0.00E+00
19316,16013779,1668978095,1949432.262,31966.69569,6.393339139,1393.695755,160.2168604,1259.880057,1208.005036,1518.32638,1283.934922,3.41E-06,0.00E+00,0.00E+00
19317,16021097,1669066391,1862690.548,67644.02785,13.52880557,1420.995978,141.4932516,1190.549455,1208.005036,1526.240555,1220.44362,7.73E-06,0.00E+00,0.00E+00
19318,16026788,1669135091,1853300.226,64421.12872,12.88422574,1414.415974,140.2047629,1190.549455,1208.005036,1518.328559,1220.618696,7.38E-06,0.00E+00,0.00E+00
19319,16034279,1669225607,1853623.246,27304.41618,5.460883235,1421.010797,133.9726338,1190.549455,1208.005036,1518.338669,1220.823314,3.13E-06,0.00E+00,0.00E+00
19320,16041864,1669317323,1853970.587,142709.2257,28.54184514,1438.760713,116.7667354,1190.549455,1208.005036,1518.339271,1221.051594,1.53E-05,0.00E+00,0.00E+00
19321,16050427,1669420679,1854170.538,129070.1986,25.81403972,1430.967992,124.6123743,1190.549455,1208.005036,1518.340275,1221.182477,1.38E-05,0.00E+00,0.00E+00
19322,16057277,1669503359,1854525.259,52914.81848,10.5829637,1428.258109,127.5767412,1190.549455,1208.005036,1518.340285,1221.416093,5.58E-06,0.00E+00,0.00E+00
19323,16063621,1669579859,1854716.086,31385.67262,6.277134524,1419.375047,136.4894131,1190.549455,1208.005036,1518.340748,1221.541403,3.34E-06,0.00E+00,0.00E+00
19324,16071889,1669679495,1850012.052,72600.8556,14.52017112,1410.906039,145.0379817,1190.549455,1173.89,1518.340909,1218.443132,7.72E-06,0.00E+00,0.00E+00
19325,16077998,1669753271,1845335.204,23851.23303,4.770246606,1394.728798,157.4607451,1190.549455,1173.89,1514.653607,1218.321599,2.54E-06,0.00E+00,0.00E+00
19326,16085078,1669838807,1800714.024,170411.13,34.08222601,1384.184238,168.0959834,1158.363017,1173.89,1514.653706,1188.861861,1.73E-05,0.00E+00,0.00E+00
19327,16093275,1669937735,1800932.348,97234.77601,19.4469552,1388.548985,163.9749518,1158.363017,1173.89,1514.654503,1189.005376,9.85E-06,0.00E+00,0.00E+00
19328,16100175,1670020931,1801177.072,60765.80607,12.15316121,1386.203877,166.4975134,1158.363017,1173.89,1514.654505,1189.166946,6.14E-06,0.00E+00,0.00E+00
19329,16107560,1670110007,1801524.852,680725.2659,136.1450532,1384.064228,168.9051248,1158.363017,1173.89,1514.655832,1189.395514,6.91E-05,0.00E+00,0.00E+00
19330,16114211,1670190347,1801779.402,262901.079,52.58021581,1385.105973,168.094001,1158.363017,1173.89,1514.658274,1189.561654,2.67E-05,0.00E+00,0.00E+00
19331,16121725,1670281199,1801983.004,68803.57012,13.76071402,1392.2732,161.1950169,1158.363017,1173.89,1514.668416,1189.688109,6.85E-06,0.00E+00,0.00E+00
19332,16125578,1670327603,1801983.899,408.5529046,0.08171058091,1392.123357,161.3436408,1158.363017,1173.89,1514.668809,1189.688391,4.07E-08,0.00E+00,0.00E+00
19333,16136241,1670457251,1815434.116,94447.06204,18.88941241,1390.539949,163.2764479,1158.363017,1253.604352,1514.670281,1198.567199,9.66E-06,0.00E+00,0.00E+00
19334,16142382,1670531351,1929343.589,118563.1842,23.71263684,1392.073692,162.6508255,1239.477346,1253.604352,1515.339823,1273.208531,1.22E-05,0.00E+00,0.00E+00
19335,16150329,1670627363,1930198.73,2651.250925,0.5302501849,1390.119134,165.2655035,1239.477346,1253.604352,1515.832835,1273.358569,2.73E-07,0.00E+00,0.00E+00
19336,16154667,1670679671,1930423.831,16246.52079,3.249304157,1395.713639,159.9136067,1239.477346,1253.604352,1515.839843,1273.501182,1.65E-06,0.00E+00,0.00E+00
19337,16164816,1670802095,1930629.158,10708.46731,2.141693463,1387.236286,168.4592169,1239.477346,1253.604352,1515.840526,1273.636062,1.09E-06,0.00E+00,0.00E+00
19338,16171710,1670885351,1930861.172,22591.33826,4.518267653,1384.791273,171.0617541,1239.477346,1253.604352,1515.840526,1273.789121,2.30E-06,0.00E+00,0.00E+00
19339,16178861,1670971763,1931111.169,102682.6444,20.53652889,1382.518193,173.5086411,1239.477346,1253.604352,1515.840536,1273.954036,1.02E-05,0.00E+00,0.00E+00
19340,16186223,1671060539,1930610.721,93844.21577,18.76884315,1391.623001,164.1072282,1239.477346,1253.604352,1515.259179,1274.11254,9.21E-06,0.00E+00,0.00E+00
19341,16191689,1671126551,1937172.128,30480.80054,6.096160107,1389.848842,163.9944019,1239.477346,1307.885944,1513.242238,1280.146747,2.99E-06,0.00E+00,0.00E+00
19342,16200077,1671227771,1937205.848,253025.6355,50.60512709,1394.837186,159.2927542,1239.477346,1307.885944,1513.242238,1280.16903,2.49E-05,0.00E+00,0.00E+00
19343,16206265,1671302363,2012723.602,7749.869292,1.549973858,1389.052113,165.2205704,1293.424432,1307.885944,1513.243721,1330.07233,8.45E-07,0.00E+00,0.00E+00
19344,16213065,1671384419,2012950.222,25.13511332,0.005027022663,1389.207862,165.2398154,1293.424432,1307.885944,1513.243741,1330.22207,2.75E-09,0.00E+00,0.00E+00
19345,16219235,1671458843,2013178.968,64449.54048,12.8899081,1388.042824,166.566869,1293.424432,1307.885944,1513.243741,1330.373234,7.05E-06,0.00E+00,0.00E+00
19346,16229019,1671576815,2013451.645,65967.62915,13.19352583,1375.784736,178.8979042,1293.424432,1307.885944,1513.24375,1330.553419,7.03E-06,0.00E+00,0.00E+00
19347,16233862,1671635195,2013663.473,23255.44214,4.651088429,1384.758339,170.1854854,1293.424432,1307.885944,1513.244288,1330.692928,2.48E-06,0.00E+00,0.00E+00
19348,16242946,1671744659,2013899.291,6148.769112,1.229753822,1389.695752,165.4829713,1293.424432,1307.885944,1513.244592,1330.848497,6.52E-07,0.00E+00,0.00E+00
19349,16250619,1671836963,1998963.004,87132.5342,17.42650684,1384.101417,171.2367114,1293.424432,1218.97,1513.24587,1320.977009,9.24E-06,0.00E+00,0.00E+00
19350,16257789,1671923423,1999113.682,7187.0527,1.43741054,1383.510513,171.9873192,1293.424432,1218.97,1513.24693,1321.075657,7.59E-07,0.00E+00,0.00E+00
19351,16264498,1672004303,1878373.381,613.6551488,0.1227310298,1384.174481,171.4838193,1206.018297,1218.97,1513.247018,1241.286689,6.48E-08,0.00E+00,0.00E+00
19352,16272316,1672098587,1878622.465,32943.99817,6.588799635,1382.414042,173.4298931,1206.018297,1218.97,1513.27645,1241.427146,3.47E-06,0.00E+00,0.00E+00
19353,16279177,1672181423,1982025.286,250363.8162,50.07276324,1454.877266,186.5646266,1206.018297,1218.97,1596.338251,1241.607337,2.50E-05,0.00E+00,0.00E+00
19354,16280782,1672200743,1982912.426,8150.983424,1.630196685,1462.374462,179.8748683,1206.018297,1218.97,1597.057308,1241.603802,8.29E-07,0.00E+00,0.00E+00
19355,16293598,1672355291,1983352.812,18239.43356,3.647886712,1472.677333,170.0427437,1206.018297,1218.97,1597.057327,1241.879536,1.85E-06,0.00E+00,0.00E+00
19356,16298989,1672420223,1983578.548,46483.91652,9.296783304,1475.221228,167.7110642,1206.018297,1218.97,1597.057426,1242.020804,4.73E-06,0.00E+00,0.00E+00
19357,16307584,1672523903,1980945.547,94990.02765,18.99800553,1489.738413,153.5736321,1206.018297,1200.035191,1597.057524,1240.37207,9.62E-06,0.00E+00,0.00E+00
19358,16313313,1672592951,1992568.463,29638.93736,5.927787472,1491.128471,161.8621235,1206.018297,1200.035191,1606.382485,1240.407239,2.98E-06,0.00E+00,0.00E+00
19359,16321277,1672688891,1993392.903,517437.4853,103.4874971,1486.649122,167.0508182,1206.018297,1200.035191,1606.873498,1240.541278,5.15E-05,0.00E+00,0.00E+00
19360,16326670,1672753859,1964321.058,0,0,1488.137352,168.3507831,1184.228184,1200.035191,1609.411325,1220.521458,0.00E+00,0.00E+00,0.00E+00
19361,16335227,1672857035,1961460.628,19877.83466,3.975566931,1487.175666,166.9161803,1184.228184,1200.035191,1606.87339,1220.669059,1.91E-06,0.00E+00,0.00E+00
19362,16343199,1672953239,1848472.99,92943.56531,18.58871306,1402.77733,156.0492072,1184.228184,1200.035191,1514.091896,1220.845971,9.46E-06,0.00E+00,0.00E+00
19363,16345952,1672986491,1848490.452,34164.0095,6.832801899,1396.849514,161.9134924,1184.228184,1200.035191,1514.091896,1220.857503,3.48E-06,0.00E+00,0.00E+00
19364,16358175,1673133935,1849034.297,34577.02859,6.915405719,1368.051364,190.7855007,1184.228184,1200.035191,1514.091984,1221.216621,3.50E-06,0.00E+00,0.00E+00
19366,16371946,1673299943,1869448.136,15477.67022,3.095534045,1359.740857,198.4789968,1184.228184,1305.955262,1513.200593,1235.426515,1.48E-06,0.00E+00,0.00E+00
19367,16376915,1673359811,1869093.734,84940.16585,16.98803317,1365.138389,193.3131913,1184.228184,1305.955262,1513.200603,1235.1923,8.14E-06,0.00E+00,0.00E+00
19368,16383975,1673444999,2021094.199,6505.360349,1.30107207,1363.534921,195.0712038,1295.412319,1305.955262,1513.200992,1335.641603,6.28E-07,0.00E+00,0.00E+00
19369,16393592,1673561207,2021143.952,414261.3714,82.85227428,1361.789962,196.840173,1295.412319,1305.955262,1512.981973,1335.867834,4.00E-05,0.00E+00,0.00E+00
19370,16400241,1673641463,2020471.178,41878.86997,8.375773994,1352.200687,205.8368749,1295.412319,1305.955262,1512.263188,1336.057899,3.80E-06,0.00E+00,0.00E+00
19371,16406525,1673717147,2020995.513,127869.2025,25.57384051,1363.279923,195.2485769,1295.412319,1305.955262,1512.426209,1336.260573,1.07E-05,0.00E+00,0.00E+00
19372,16413896,1673806187,2021257.473,23966.25334,4.793250669,1344.967872,213.6133842,1295.412319,1305.955262,1512.426404,1336.433606,2.01E-06,0.00E+00,0.00E+00
19373,16422224,1673906747,2021528.247,21078.44983,4.215689965,1340.900842,217.8549184,1295.412319,1305.955262,1512.437068,1336.603215,1.76E-06,0.00E+00,0.00E+00
19374,16427378,1673968811,2082238.794,197997.0708,39.59941416,1332.980299,225.7816924,1295.412319,1574.43985,1512.280766,1376.886383,1.65E-05,0.00E+00,0.00E+00
19375,16436031,1674073139,2088046.866,116810.138,23.36202761,1309.672771,248.647558,1295.412319,1574.43985,1511.78247,1381.182086,9.49E-06,0.00E+00,0.00E+00
19376,16443676,1674165419,2442887.194,284778.8983,56.95577967,1221.425027,336.8122749,1565.873045,1574.43985,1511.782543,1615.898534,2.31E-05,0.00E+00,0.00E+00
19377,16451042,1674254207,2443058.979,34857.12499,6.971424997,1237.977836,320.4586408,1565.873045,1574.43985,1511.782543,1616.012164,2.83E-06,0.00E+00,0.00E+00
19378,16457865,1674336479,2387194.006,21258.90932,4.251781865,1213.026976,309.7912953,1565.873045,1574.43985,1477.047359,1616.193273,1.71E-06,0.00E+00,0.00E+00
19379,16464964,1674422135,2387406.826,73251.09767,14.65021953,1224.422387,298.5930612,1565.873045,1574.43985,1477.047359,1616.337357,5.88E-06,0.00E+00,0.00E+00
19380,16472273,1674510275,2388436.081,494878.2516,98.97565033,1096.749472,426.2250131,1565.873045,1574.43985,1477.048586,1617.032847,4.01E-05,0.00E+00,0.00E+00
19381,16479674,1674599543,2388495.62,201724.0683,40.34481366,1150.728819,372.5771927,1565.873045,1574.43985,1477.11436,1617.00115,1.64E-05,0.00E+00,0.00E+00
19382,16487066,1674688727,2400346.828,58261.05893,11.65221179,1162.211799,361.2993118,1565.873045,1606.62,1477.117272,1625.021163,4.91E-06,0.00E+00,0.00E+00
19383,16494252,1674775403,2401751.068,142246.5411,28.44930822,1132.069191,391.5514788,1565.873045,1606.62,1477.105155,1625.985164,1.20E-05,0.00E+00,0.00E+00
19384,16501234,1674859727,2402307.143,74449.22873,14.88984575,1125.294697,398.5002738,1565.873045,1606.62,1477.106416,1626.360239,6.22E-06,0.00E+00,0.00E+00
19385,16508439,1674946547,2444495.478,605252.4986,121.0504997,1041.769279,482.1247209,1602.950184,1606.62,1477.108355,1654.919539,5.03E-05,0.00E+00,0.00E+00
19386,16515894,1675036535,2444727.394,68728.56648,13.7457133,1035.916193,488.1087879,1602.950184,1606.62,1477.108355,1655.076546,5.71E-06,0.00E+00,0.00E+00
19387,16521277,1675101431,2444884.12,143590.8093,28.71816186,1085.625822,438.6102555,1602.950184,1606.62,1477.108355,1655.182649,1.19E-05,0.00E+00,0.00E+00
19388,16527621,1675177931,2445146.164,260044.7575,52.00895151,1233.423678,291.3131001,1602.950184,1606.62,1477.109684,1655.358564,2.18E-05,0.00E+00,0.00E+00
19389,16535189,1675269287,2445423.619,89050.31254,17.81006251,1234.257464,290.6539123,1602.950184,1606.62,1477.109684,1655.5464,7.45E-06,0.00E+00,0.00E+00
19390,16544540,1675382315,2445721.188,202103.7252,40.42074503,1218.589182,306.4716202,1602.950184,1606.62,1477.110847,1655.746549,1.59E-05,0.00E+00,0.00E+00
19391,16551328,1675464323,2456636.795,362412.1019,72.48242038,1220.480994,304.7946934,1602.950184,1641.323068,1477.110847,1663.136386,2.85E-05,0.00E+00,0.00E+00
19392,16558428,1675550015,2452602.006,181552.204,36.31044079,1197.309133,324.9665599,1602.950184,1641.323068,1474.078617,1663.820353,1.42E-05,0.00E+00,0.00E+00
19393,16565540,1675635779,2542416.334,236660.9824,47.33219648,1208.139003,344.7339962,1636.067099,1641.323068,1503.557795,1690.933559,1.82E-05,0.00E+00,0.00E+00
19394,16572327,1675717619,2542669.942,43500.21306,8.700042611,1210.308924,342.725538,1636.067099,1641.323068,1503.557795,1691.102231,3.35E-06,0.00E+00,0.00E+00
19395,16579818,1675808159,2543260.879,452405.9278,90.48118557,1164.752135,388.4964786,1636.067099,1641.323068,1503.645927,1691.396115,3.55E-05,0.00E+00,0.00E+00
19396,16587219,1675897703,2550247.874,56122.61227,11.22452245,1137.053675,420.3631695,1636.067099,1641.323068,1507.567763,1691.630676,4.39E-06,0.00E+00,0.00E+00
19397,16594587,1675986671,2550463.186,205083.7295,41.0167459,1183.321123,374.3750649,1636.067099,1641.323068,1507.568814,1691.772317,1.61E-05,0.00E+00,0.00E+00
19398,16601200,1676066411,2551869.312,726921.014,145.3842028,913.5277353,644.1612023,1636.067099,1641.323068,1507.568814,1692.705028,5.71E-05,0.00E+00,0.00E+00
19399,16608437,1676153675,10856357.53,132456.4121,26.49128241,4247.471585,2566.495519,1636.067099,1522.390743,6594.017231,1646.395081,2.56E-06,0.00E+00,0.00E+00
19400,16616070,1676245859,2492323.519,137155.4704,27.43109408,970.1721115,594.4970773,1636.067099,1522.390743,1514.046769,1646.133772,1.13E-05,0.00E+00,0.00E+00
19401,16621817,1676315243,2380350.382,206945.5842,41.38911683,1008.506248,556.3503743,1520.434529,1522.390743,1514.046769,1572.177578,1.71E-05,0.00E+00,0.00E+00
19402,16629486,1676407907,2380615.323,261840.04,52.36800801,997.3786725,567.6376809,1520.434529,1522.390743,1514.047446,1572.351863,2.23E-05,0.00E+00,0.00E+00
19403,16636343,1676490743,2380929.492,117303.126,23.4606252,971.7019611,593.4877646,1520.434529,1522.390743,1514.047446,1572.559366,9.99E-06,0.00E+00,0.00E+00
19404,16644029,1676583527,2138867.066,129028.2759,25.80565518,793.3168208,612.6421768,1520.434529,1522.390743,1359.918099,1572.791087,1.09E-05,0.00E+00,0.00E+00
19405,16651819,1676678279,2122566.696,145042.8898,29.00857796,822.4810433,572.8083428,1520.434529,1522.390743,1349.464519,1572.895521,1.23E-05,0.00E+00,0.00E+00
19406,16657397,1676746139,2122775.153,149135.5082,29.82710164,830.8653013,564.5717854,1520.434529,1522.390743,1349.464616,1573.04988,1.26E-05,0.00E+00,0.00E+00
19407,16664680,1676834507,2077049.465,55705.70873,11.14114175,823.084696,542.3069452,1520.434529,1522.390743,1320.289278,1573.177561,4.81E-06,0.00E+00,0.00E+00
19408,16672480,1676929079,2154459.971,219407.4223,43.88148446,850.0556865,515.4881307,1520.434529,1672.213,1320.289278,1631.809034,1.89E-05,0.00E+00,0.00E+00
19409,16679817,1677018155,2140569.73,383578.8542,76.71577083,944.3452843,421.4502293,1520.434529,1672.213,1320.289278,1621.28843,3.31E-05,0.00E+00,0.00E+00
19410,16687078,1677106559,2282483.601,114733.6691,22.94673382,912.6876477,453.2308665,1670.434631,1672.213,1320.289906,1728.77456,1.03E-05,0.00E+00,0.00E+00
19411,16694387,1677195251,6029888.444,372615.9302,74.52318604,2611.411648,997.2987837,1670.434631,1672.213,3487.513033,1728.993809,1.27E-05,0.00E+00,5.24E-18
19412,16701316,1677279779,6509914.45,951791.504,190.3583008,2332.499073,1562.975064,1670.434631,1672.213,3764.597905,1729.245623,2.96E-05,0.00E+00,3.77E-18
19413,16708353,1677365255,6685880.525,348022.2862,69.60445723,2411.182628,1589.60465,1670.434631,1672.213,3866.017549,1729.397355,1.10E-05,0.00E+00,3.55E-18
19414,16715485,1677451823,9724685.478,426631.0863,85.32621726,3668.748408,2150.611845,1670.434631,1672.213,5622.809303,1729.506543,9.24E-06,0.00E+00,2.45E-18
19415,16722485,1677536639,11094794.47,505246.7731,101.0493546,4270.527116,2368.811917,1670.434631,1672.213,6414.457971,1729.654247,9.59E-06,0.00E+00,2.03E-18
19416,16730051,1677628559,16290726.42,534729.5427,106.9459085,5972.971801,3857.64498,1670.434631,1636.56,9497.011302,1715.352957,6.67E-06,0.00E+00,8.19E-19
19417,16737159,1677714827,16293370.53,439834.3599,87.96687198,6033.294247,3797.689594,1670.434631,1636.56,9496.575909,1715.71003,5.48E-06,0.00E+00,8.36E-19
19418,16744223,1677800819,15401130.39,977018.466,195.4036932,5084.355065,4335.51249,1633.600322,1636.56,9098.847066,1692.646363,1.25E-05,0.00E+00,7.99E-19
19419,16750977,1677883019,15399703.95,2667719.559,533.5439118,6716.490751,2705.456871,1633.600322,1636.56,9098.847066,1692.489591,3.41E-05,0.00E+00,7.99E-19
19420,16758487,1677974303,15948126.79,1008725.42,201.7450839,6335.019207,3421.34561,1633.600322,1636.56,9421.478974,1692.741323,1.32E-05,0.00E+00,7.53E-19
19421,16763531,1678035503,16006663.22,349075.1054,69.81502108,6341.099431,3451.044357,1633.600322,1636.56,9455.261848,1692.884182,4.55E-06,0.00E+00,7.53E-19
19422,16769993,1678113971,16009857,675839.4822,135.1678964,5963.746996,3829.665878,1633.600322,1636.56,9455.937917,1693.1009,8.83E-06,0.00E+00,7.55E-19
19423,16779223,1678226099,16145147.65,98253.66772,19.65073354,5923.162664,3952.844515,1633.600322,1636.56,9534.903554,1693.268061,1.27E-06,0.00E+00,7.48E-19
19424,16786570,1678315391,16077172.57,455321.6008,91.06432016,5783.409057,4050.810034,1633.600322,1636.56,9493.810868,1693.437208,5.91E-06,0.00E+00,7.26E-19
19425,16794045,1678406195,15583240.08,2077587.496,415.5174992,4836.475038,4998.595459,1633.600322,1536.90631,9493.810868,1641.41042,2.70E-05,0.00E+00,7.26E-19
19426,16800663,1678486967,22347058.97,1009405.364,201.8810728,7613.84473,6447.419534,1633.600322,1536.90631,13572.07151,1646.547394,1.02E-05,0.00E+00,4.85E-19
19427,16807700,1678572479,21603430.84,8235637.499,1647.1275,12099.77332,1973.331699,1534.789488,1536.90631,13572.07151,1591.756338,8.29E-05,0.00E+00,4.85E-19
19428,16815288,1678664639,23194044.81,2296549.149,459.3098298,12123.31685,2984.765908,1534.789488,1536.90631,14570.06616,1591.897014,2.06E-05,0.00E+00,4.56E-19
19429,16822326,1678749995,23417620.13,10660519.09,2132.103818,11565.8515,2389.257001,1678.743023,1674.8,13453.11686,1740.683618,9.13E-05,0.00E+00,4.87E-19
19430,16829568,1678837895,23693923.2,748729.1098,149.745822,11255.28524,2702.598638,1696.324303,1702.55,13455.14917,1760.955817,6.30E-06,0.00E+00,4.76E-19
19431,16836430,1678921391,23260420.56,1592473.229,318.4946458,11123.44027,2891.525014,1660.403121,1656.92,13508.82094,1721.869042,1.38E-05,0.00E+00,4.45E-19
19432,16842742,1678998071,112697646.7,707093.5693,141.4187139,54859.3432,12502.74333,1671.812626,1678.28,64917.13364,1736.023148,1.27E-06,0.00E+00,9.03E-20
19433,16850918,1679097275,113312156.2,3613680.209,722.7360417,49497.83601,13706.45984,1793.897432,1788.8,60907.50069,1860.397405,6.65E-06,0.00E+00,9.63E-20
19434,16857808,1679180855,110262954.2,9688285.604,1937.657121,45100.73796,17069.38235,1773.264871,1774.37,59910.68731,1840.455504,1.72E-05,0.00E+00,1.01E-19
19435,16865150,1679270039,112225482.2,2305284.384,461.0568769,45655.63126,16520.60159,1806.419014,1800.92,59910.38959,1873.222374,4.14E-06,0.00E+00,1.03E-19
19436,16871720,1679349659,103646212.2,2915138.391,583.0276782,41649.73587,17217.34797,1759.706355,1763.041983,56713.93214,1827.526469,5.63E-06,0.00E+00,1.04E-19
19437,16879244,1679440979,105750290.5,1988183.973,397.6367946,40602.14434,18269.3246,1795.756929,1797.477967,56713.93214,1864.626318,3.84E-06,0.00E+00,1.04E-19
19438,16886082,1679523863,101364242,2881885.529,576.3771059,41071.08091,17805.97931,1720.403257,1724.444363,56713.93311,1787.289939,5.45E-06,0.00E+00,1.02E-19
19439,16893246,1679610995,106617485.1,4084822.105,816.964421,43080.00998,15799.22008,1811.629548,1808.4732,56707.82596,1880.119424,7.96E-06,0.00E+00,1.02E-19
19440,16899848,1679691059,95055900.41,302501.7331,60.50034661,39734.7629,14651.27085,1746.795684,1750.5231,52375.54455,1814.890923,6.29E-07,0.00E+00,1.08E-19
19441,16907798,1679787563,86752897.93,3388532.24,677.706448,34711.40904,15211.68126,1737.100276,1739.17,48075.5459,1804.511968,7.78E-06,0.00E+00,1.14E-19
19442,16914470,1679868467,80481334.41,2547612.146,509.5224292,31253.777,14518.7824,1756.57252,1761.9803,44075.54687,1825.986065,6.32E-06,0.00E+00,1.25E-19
19443,16922013,1679960063,65260399.18,3314362.487,662.8724974,27569.17408,10627.67667,1707.806729,1710.4,36775.54688,1774.559584,9.82E-06,0.00E+00,1.49E-19
19444,16928585,1680039935,60372676.26,3193667.28,638.7334559,24912.48895,9134.173489,1772.504737,1775.220453,32775.54688,1842.003628,1.09E-05,0.00E+00,1.65E-19
19445,16935168,1680119975,51975550.54,4286289.059,857.2578118,20111.49376,8780.325005,1796.694979,1804.185,27811.69067,1868.838222,1.64E-05,0.00E+00,1.99E-19
19446,16942993,1680214859,51782813.78,1363872.893,272.7745786,20767.26436,8128.147664,1792.068738,1792.0994,27811.69067,1861.908159,5.22E-06,0.00E+00,1.98E-19
19447,16949799,1680297479,52557569.41,1698558.098,339.7116195,19925.8465,8971.088706,1816.724623,1823.39,27811.69134,1889.765306,6.45E-06,0.00E+00,1.97E-19
19448,16957634,1680392603,52528265.13,941577.8336,188.3155667,20181.62882,8718.085297,1814.829533,1824.03,27811.69148,1888.711629,3.57E-06,0.00E+00,1.96E-19
19449,16964627,1680477719,51788260.11,3079480.533,615.8961065,19865.50921,9036.230092,1791.175601,1793.407711,27811.64022,1862.107366,1.19E-05,0.00E+00,1.93E-19
19450,16971688,1680563867,52473591.16,5602442.453,1120.488491,20968.8105,7937.395988,1814.530804,1817.351511,27811.93069,1886.729539,2.17E-05,0.00E+00,1.89E-19
19451,16978213,1680644267,54314569.4,1964019.628,392.8039256,21813.76562,7096.611822,1877.54529,1882.340029,27811.93069,1952.92337,7.61E-06,0.00E+00,1.89E-19
19452,16985685,1680735911,55136760.39,3827376.535,765.475307,22196.69484,6715.432984,1905.242129,1913.00878,27809.98862,1982.624342,1.37E-05,0.00E+00,1.96E-19
19453,16992093,1680815171,53814472.37,1103996.247,220.7992494,22281.11828,6633.800606,1859.184,1867.673526,27809.98862,1935.077109,4.07E-06,0.00E+00,1.98E-19
19454,16999780,1680909203,53640087.24,281771.3083,56.35426166,22300.86707,6616.686607,1851.563932,1866.282455,27809.98862,1928.806515,1.04E-06,0.00E+00,1.98E-19
19455,17006727,1680994223,53480449.14,2181926.136,436.3852273,22519.93459,6413.267712,1846.36654,1855.59,27822.05538,1922.232143,8.07E-06,0.00E+00,2.03E-19
19456,17013969,1681083011,53892526.61,3468810.758,693.7621516,23166.03545,5774.830153,1860.922536,1867.1249,27822.05538,1937.043323,1.28E-05,0.00E+00,2.03E-19
19457,17020070,1681157639,54494191.84,257680.2001,51.53604002,23305.06578,5643.752944,1879.982205,1892.54969,27826.89131,1958.328411,9.57E-07,0.00E+00,2.04E-19
19458,17027933,1681253855,54729996.74,1783562.787,356.7125574,23664.13295,5300.773414,1888.346865,1894.8,27838.3576,1965.992302,6.41E-06,0.00E+00,2.01E-19
19459,17034349,1681332131,53414224.75,4712261.197,942.4522395,22800.28808,5366.362503,1894.958676,1902.335342,27068.78443,1973.277554,1.79E-05,0.00E+00,2.02E-19
19460,17041515,1681427339,56518335.89,13096889.04,2619.377807,18183.48841,9996.402917,2004.149156,2008.3137,27085.11042,2086.693944,4.63E-05,0.00E+00,1.88E-19
19461,17048673,1681515587,80990198.54,13503035.67,2700.607134,28124.88446,10375.09099,2102.605551,2106.454813,36996.20028,2189.1491,3.35E-05,0.00E+00,1.45E-19
19462,17055791,1681603199,81085780.45,3974839.639,794.9679279,26367.67299,12380.51088,2090.682271,2096.791825,37233.17733,2177.782995,9.74E-06,0.00E+00,1.44E-19
19463,17062453,1681684955,82969978.7,9789475.95,1957.89519,23140.36683,15899.25165,2124.979945,2125.7078,37511.79088,2211.837311,2.38E-05,0.00E+00,1.42E-19
19464,17068970,1681764695,54021777.57,1371874.636,274.3749272,15422.29134,10544.14298,2079.26365,2082.1766,24948.22925,2165.355185,5.07E-06,0.00E+00,2.16E-19
19465,17076302,1681854311,54199144.74,304054.944,60.8109888,15319.35238,10649.12203,2081.213606,2095.6,24948.22925,2172.464594,1.12E-06,0.00E+00,2.16E-19
19466,17082862,1681934279,51358491.1,2030187.778,406.0375555,15988.30736,9983.273301,1977.068334,1978.1603,24948.22925,2058.60266,7.51E-06,0.00E+00,2.16E-19
19467,17090681,1682030351,50496966.26,4956079.678,991.2159357,18357.77071,7618.930535,1940.543464,1952.1,24948.22925,2024.070155,1.83E-05,0.00E+00,2.16E-19
19468,17097400,1682112251,47819778.59,4120807.84,824.1615679,18377.34051,7602.50152,1839.834536,1842.618881,24948.22925,1916.760428,1.52E-05,0.00E+00,2.16E-19
19469,17104951,1682203643,48573011.91,6001175.767,1200.235153,16686.80805,9296.01922,1868.294611,1871.4611,24949.95721,1946.817444,2.45E-05,0.00E+00,2.01E-19
19470,17111922,1682288147,48077078.48,517782.4084,103.5564817,16956.02534,9029.25149,1847.354819,1855.445423,24949.95721,1926.940318,2.12E-06,0.00E+00,2.01E-19
19471,17119362,1682378279,47532529.22,2185214.841,437.0429682,17223.72674,8629.045731,1838.328696,1839.097693,24820.11792,1915.080717,9.21E-06,0.00E+00,2.09E-19
19472,17126355,1682463059,55939993.51,12313366.92,2462.673384,21931.67301,8019.261967,1866.966893,1869.783797,28748.03617,1945.871822,4.51E-05,0.00E+00,1.79E-19
19473,17133438,1682549015,55867317.72,2938231.745,587.6463489,21430.59062,8505.549723,1867.695898,1862.48885,28731.71018,1944.448046,1.05E-05,0.00E+00,1.76E-19
19474,17140746,1682637779,58497152.18,4374933.797,874.9867595,23268.54157,7324.670072,1913.083563,1908.958034,29356.6387,1992.637944,1.51E-05,0.00E+00,1.71E-19
19475,17147522,1682719979,56697649.56,2086600.694,417.3201388,21934.99165,8008.627329,1893.001978,1894.79,28731.71018,1973.347539,7.35E-06,0.00E+00,1.73E-19
19476,17154969,1682810471,57044200.77,5070574.704,1014.114941,19281.40483,10662.50346,1904.031036,1906.851203,28731.71018,1985.409167,1.79E-05,0.00E+00,1.73E-19
19477,17161416,1682888651,56596311.89,1996131.106,399.2262212,19977.7023,9927.614765,1892.276244,1893.00057,28691.5841,1972.575362,7.01E-06,0.00E+00,1.72E-19
19478,17168876,1682979299,50801696.37,2082393.751,416.4787503,19258.16141,8765.044138,1807.911978,1823.68,26882.33657,1889.77979,8.14E-06,0.00E+00,1.76E-19
19479,17175131,1683055355,52212162.78,1934380.08,386.876016,18689.57602,9336.542151,1858.952046,1871.05,26882.33657,1942.247938,7.57E-06,0.00E+00,1.76E-19
19480,17183594,1683158243,53399790.9,4567217.263,913.4434527,16934.49134,11094.78565,1902.799044,1908.721596,26883.29587,1986.355809,1.75E-05,0.00E+00,1.78E-19
19481,17190720,1683244679,52637961.86,3251319.221,650.2638442,17369.4032,10698.56787,1874.221268,1877.247237,26917.12811,1955.55639,1.23E-05,0.00E+00,7.61E-19
19482,17197352,1683325067,55772270.5,3070630.239,614.1260479,16399.88204,11670.72356,1983.817457,1991.127465,26917.12811,2071.999296,1.12E-05,0.00E+00,7.58E-19
19483,17203956,1683405359,53552293.87,4309887.611,861.9775222,16655.80966,11419.09109,1909.426013,1904.64,26917.12811,1989.524798,1.58E-05,0.00E+00,7.58E-19
19484,17211484,1683496835,53831210.42,572043.7913,114.4087583,16583.85731,11494.31939,1916.546677,1918.11912,26917.12811,1999.886845,2.09E-06,0.00E+00,7.58E-19
19485,17218939,1683587327,51809406.48,3473526.701,694.7053401,17105.35201,10977.05852,1844.223126,1845.97,26917.12811,1924.774674,1.27E-05,0.00E+00,7.58E-19
19486,17225828,1683671027,55331871.22,7297244.494,1459.448899,18381.64912,11610.0009,1844.555003,1845.47,28742.89442,1925.062605,2.64E-05,0.00E+00,6.92E-19
19487,17232556,1683752807,58349924.41,6300870.919,1260.174184,18261.85543,13116.72684,1859.902654,1859.05,30068.71624,1940.552565,2.18E-05,0.00E+00,6.57E-19
19488,17240390,1683848795,56221929.26,4155894.086,831.1788171,20222.27755,11161.43651,1791.054029,1792.129316,30068.71624,1869.781497,1.44E-05,0.00E+00,6.57E-19
19489,17246977,1683931187,56774493.51,2902073.385,580.4146771,18647.76196,12743.22462,1809.30669,1807.625129,30072.64232,1887.911707,1.06E-05,0.00E+00,6.51E-19
19490,17253901,1684015655,60281604.21,3899022.627,779.8045254,18871.35301,14580.807,1802.174371,1801.83,32044.45256,1881.186895,1.29E-05,0.00E+00,6.06E-19
19491,17261291,1684106219,60454013.01,2178575.82,435.7151641,19119.70225,14478.17646,1798.234742,1800.8,32181.43076,1878.537143,7.19E-06,0.00E+00,6.06E-19
19492,17268260,1684191251,65452807.85,408024.0792,81.60481585,20376.52932,15491.79025,1823.988447,1825.8867,34353.59744,1905.267941,1.24E-06,0.00E+00,5.82E-19
19493,17275393,1684278239,65463493.91,4956283.056,991.2566113,19339.79653,16588.05591,1819.862266,1824.67,34407.21708,1902.609379,1.52E-05,0.00E+00,5.70E-19
19494,17282502,1684365023,65446682.32,4959509.434,991.9018867,21374.37056,14544.70238,1823.102198,1820.526793,34395.23489,1902.78341,1.53E-05,0.00E+00,5.70E-19
19495,17289702,1684452539,65728964.08,1804000.041,360.8000082,20881.82913,15435.37601,1809.973824,1809.7,34773.61152,1890.196653,5.49E-06,0.00E+00,1.36E-19
19496,17296658,1684537343,65844326.23,597571.1131,119.5142226,21010.06174,15310.3836,1812.606463,1813.236902,34773.61343,1893.514068,1.83E-06,0.00E+00,1.38E-19
19497,17302239,1684605119,65999893.77,836126.5892,167.2253178,21160.51379,15170.02748,1816.930347,1816.26,34780.56531,1897.608426,2.53E-06,0.00E+00,1.37E-19
19498,17311006,1684711919,65629827.98,3137139.731,627.4279463,22215.80741,14129.85461,1805.02135,1806.8,34791.74,1886.362337,9.56E-06,0.00E+00,1.39E-19
19499,17317527,1684791167,66101552.75,4260631.212,852.1262425,21507.92668,14840.66798,1818.072235,1819.23,34791.74,1899.920865,1.30E-05,0.00E+00,1.39E-19
19500,17325277,1684885523,66763767.31,833173.9522,166.6347904,21368.73115,14662.88257,1852.409238,1853.6691,34485.34418,1936.004088,2.49E-06,0.00E+00,1.42E-19
19501,17332228,1684969991,64369998.36,1611058.251,322.2116502,20311.75386,15445.02562,1799.793409,1800.7764,34219.73332,1881.078317,4.97E-06,0.00E+00,1.44E-19
19502,17339509,1685058443,63806631.26,1871521.274,374.3042548,20259.64776,15048.46649,1806.750085,1807.66,33787.50534,1888.468255,5.93E-06,0.00E+00,4.27E-22
19503,17346432,1685142491,64579592.95,829003.5676,165.8007135,19967.06458,15353.8196,1828.098596,1828.719561,33797.07655,1910.804115,2.57E-06,0.00E+00,4.20E-22
19504,17353729,1685230919,64495820.91,447200.8743,89.44017486,19727.87989,15514.82075,1829.778383,1830.39,33719.61006,1912.709571,1.39E-06,0.00E+00,4.29E-22
19505,17360925,1685318135,67218800.84,4641927.489,928.3854979,21859.02512,13380.09076,1902.407748,1915.8332,33712.49836,1993.883696,1.43E-05,0.00E+00,4.31E-22
19506,17367705,1685400479,66664149.37,4794934.094,958.9868187,21762.81915,13479.80371,1891.18193,1892.215909,33712.49836,1977.431297,1.47E-05,0.00E+00,4.31E-22
19507,17375045,1685489771,67099154.2,2189554.364,437.9108728,20754.53413,14490.5309,1902.866074,1905.11,33712.49836,1990.334667,6.73E-06,0.00E+00,4.31E-22
19508,17382111,1685575751,66285153.07,4541518.411,908.3036822,23079.03504,12399.5431,1868.03802,1868.83,33931.65657,1953.490038,1.37E-05,0.00E+00,4.06E-22
19509,17389102,1685660819,64042279.59,9324382.99,1864.876598,21841.76716,12437.63975,1868.387874,1867.99,32781.59822,1953.604555,2.92E-05,0.00E+00,4.02E-22
19510,17396423,1685750027,62162322.06,4024151.691,804.8303382,19462.15267,13152.45168,1905.28203,1906.97772,31187.39648,1993.187283,1.29E-05,0.00E+00,4.44E-22
19511,17403084,1685831003,61978144.94,11301238.83,2260.247767,20561.67711,12288.03851,1885.174715,1889.3,31408.49779,1973.29224,3.61E-05,0.00E+00,4.43E-22
19512,17410515,1685921627,62349367.11,740623.0598,148.124612,20194.33546,12660.71818,1899.789483,1894.3934,31411.65436,1984.911918,2.37E-06,0.00E+00,4.43E-22
19513,17417344,1686005063,51519726.72,9168562.888,1833.712578,15866.0357,12681.38568,1804.645999,1804.782966,27291.04938,1887.78841,3.55E-05,0.00E+00,4.95E-22
19514,17424641,1686093899,34064785.05,2674973.983,534.9947966,11251.67487,6839.322271,1882.889216,1883.1,17292.96119,1969.864194,1.56E-05,0.00E+00,7.79E-22
19515,17431485,1686177335,33065607.52,5769606.144,1153.921229,12711.39336,5382.695511,1826.842608,1828.803525,17292.96119,1912.084759,3.36E-05,0.00E+00,7.79E-22
19516,17438154,1686258683,33395480.83,3092160.825,618.4321651,11056.28921,7038.117705,1844.741821,1847.01113,17292.96119,1931.160341,1.80E-05,0.00E+00,7.23E-22
19517,17445432,1686347315,32419202.55,2770617.848,554.1235695,11455.45745,6212.865962,1834.389139,1835.7769,16883.93586,1920.121162,1.70E-05,0.00E+00,7.58E-22
19518,17453132,1686440963,30920136.44,13868414.99,2773.682998,11054.88527,6583.602325,1752.392494,1754,16852.68799,1834.73025,8.97E-05,0.00E+00,7.96E-22
19519,17459096,1686513623,31030482.85,1806966.849,361.3933698,10508.22186,7131.220593,1755.891265,1763.96,16852.68799,1841.277954,1.17E-05,0.00E+00,7.95E-22
19520,17467252,1686612803,30633174.94,5895322.647,1179.064529,8621.876419,8962.768832,1741.080158,1742.965514,16798.96169,1823.515972,3.83E-05,0.00E+00,7.05E-22
19521,17474123,1686696287,30577578.66,6523514.388,1304.702878,10852.55509,6728.365152,1738.704644,1740.124156,16793.11011,1820.840718,4.25E-05,0.00E+00,6.98E-22
19522,17481570,1686786935,29040124.6,2604748.858,520.9497715,11128.07933,6494.925681,1647.107939,1649.13,16831.87836,1725.305042,1.79E-05,0.00E+00,6.49E-22
19523,17488297,1686868763,29222050.1,14816314.69,2963.262939,11040.1138,6512.016869,1664.206577,1666,16761.41563,1743.411818,1.03E-04,0.00E+00,6.44E-22
19524,17495121,1686951551,30220930.87,2830344.94,566.0689879,10485.58537,7067.712257,1718.436095,1726.46,16761.41563,1803.005876,1.96E-05,0.00E+00,6.44E-22
19525,17502907,1687045751,30357955.74,2476331.588,495.2663176,9476.240198,8078.200047,1728.789348,1730.03052,16761.41563,1811.180894,1.71E-05,0.00E+00,6.44E-22
19526,17509555,1687126391,30330514.47,1200984.518,240.1969037,10029.89886,7529.064647,1729.110366,1725.010077,16764.52996,1809.207567,7.88E-06,0.00E+00,6.55E-22
19527,17517192,1687219007,29982493,6125211.539,1225.042308,11131.78713,6176.378498,1731.675386,1733.354138,16522.86623,1814.606048,4.10E-05,0.00E+00,6.67E-22
19528,17524259,1687304771,30927938.44,1177090.581,235.4181162,10461.03642,6848.639087,1786.559589,1787.0227,16523.39702,1871.766345,7.61E-06,0.00E+00,6.44E-22
19529,17531301,1687390043,32651994.29,1716273.354,343.2546707,10317.95356,6987.459692,1883.086932,1892.302977,16518.16964,1976.731986,1.09E-05,0.00E+00,6.29E-22
19530,17538489,1687477331,32489298.69,548836.3218,109.7672644,10387.94867,6914.451854,1880.524941,1873.54,16514.0947,1967.367832,3.37E-06,0.00E+00,6.89E-22
19531,17545065,1687557179,32812909.54,1965955.081,393.1910161,9531.520225,7771.939872,1897.790691,1894.517898,16514.09491,1986.963846,1.21E-05,0.00E+00,6.91E-22
19532,17552275,1687644887,32614430.88,2086290.303,417.2580607,10462.08835,6851.826488,1887.82392,1877.433741,16522.5401,1973.935647,1.27E-05,0.00E+00,6.79E-22
19533,17559170,1687728635,32715206.51,450419.6029,90.08392058,10417.06077,6897.887545,1888.843609,1890.29,16522.5404,1980.034892,2.75E-06,0.00E+00,6.79E-22
19534,17566991,1687823747,29901163.72,1328880.143,265.7760287,9091.840822,6998.361547,1857.33223,1859.6631,15353.00679,1947.577053,8.80E-06,0.00E+00,6.76E-22
19535,17573946,1687908407,29775845.53,512519.4849,102.503897,8974.573895,6762.225939,1895.976641,1886.991528,15014.84581,1983.09366,3.43E-06,0.00E+00,6.89E-22
19536,17580966,1687993343,28787967.9,573451.3223,114.6902645,8785.665493,6952.147589,1830.736567,1827.31,15014.84581,1917.300269,3.84E-06,0.00E+00,6.89E-22
19537,17588295,1688082107,29105327.22,490707.658,98.1415316,9007.329557,6706.10354,1851.287705,1853.56052,14990.55034,1941.578299,3.38E-06,0.00E+00,7.18E-22
19538,17595121,1688164895,30288605.08,2874990.961,574.9981923,9671.248015,6043.839496,1926.040985,1929.466365,14990.55034,2020.513216,1.98E-05,0.00E+00,7.18E-22
19539,17602540,1688255051,30189484.77,656624.8197,131.3249639,9383.029391,6333.123949,1920.068689,1922.1831,14990.55034,2013.90103,4.52E-06,0.00E+00,7.18E-22
19540,17609340,1688337443,30415498.42,558127.4004,111.6254801,9430.603088,6286.567913,1921.196387,1956.148094,14990.55034,2028.978105,3.70E-06,0.00E+00,6.91E-22
19541,17616324,1688422307,30811849.27,208354.0529,41.67081059,9423.337236,6318.02688,1957.060084,1957.86,15012.66905,2052.389829,1.35E-06,0.00E+00,6.77E-22
19542,17623099,1688504483,30244500.83,183437.3132,36.68746264,9246.365753,6354.351585,1939.458362,1937.500512,14877.59258,2032.889438,1.20E-06,0.00E+00,7.50E-22
19543,17631093,1688601431,29791676.74,233955.7976,46.79115953,9315.231891,6286.491001,1909.646447,1909.312724,14877.59258,2002.452788,1.54E-06,0.00E+00,7.50E-22
19544,17638203,1688687747,28949969.03,402968.3728,80.59367457,9206.677652,6396.060328,1855.339336,1855.588787,14877.59258,1945.877255,2.64E-06,0.00E+00,7.50E-22
19545,17644584,1688765183,29082971.61,110851.738,22.17034759,9186.320101,6417.453606,1863.173519,1864.799341,14877.59258,1954.817047,7.27E-07,0.00E+00,7.50E-22
19546,17652269,1688858495,28970629.6,288119.0583,57.62381167,9111.636042,6493.152461,1853.701051,1860.48,14877.59258,1947.265959,1.89E-06,0.00E+00,7.50E-22
19547,17659461,1688945879,29134112.05,115021.6174,23.00432349,9145.652218,6460.107176,1866.60095,1867.28,14877.59258,1958.254461,7.55E-07,0.00E+00,7.50E-22
19548,17666661,1689033431,28657634.01,173251.0968,34.65021937,8740.708905,6540.173002,1875.07536,1875.8137,14567.02182,1967.295331,1.22E-06,0.00E+00,8.21E-22
19549,17672819,1689108155,28648428.43,331594.3791,66.31887582,8597.860605,6683.988773,1874.356534,1875.0738,14567.02182,1966.663384,2.34E-06,0.00E+00,8.21E-22
19550,17680732,1689204383,28585987.88,440258.8158,88.05176316,8667.575044,6615.234664,1870.061843,1870.99735,14567.02182,1962.376952,3.10E-06,0.00E+00,8.21E-22
19551,17687984,1689292583,30614376.34,698552.6432,139.7105286,8661.808861,6621.990226,2002.38836,2003.94,14567.02182,2101.622193,4.93E-06,0.00E+00,8.21E-22
19552,17695078,1689378803,29261804.98,715326.4262,143.0652852,8880.507948,6292.443412,1927.74948,1929.681303,14460.26212,2023.601283,4.69E-06,0.00E+00,7.95E-22
19553,17702060,1689464267,29252155.38,75374.9202,15.07498404,8905.258521,6264.778118,1928.069172,1928.592,14456.59133,2023.447624,5.13E-07,0.00E+00,8.03E-22
19554,17709090,1689549767,29344827.39,69286.35326,13.85727065,8930.484332,6240.487003,1934.047538,1934.6,14456.59133,2029.857988,4.72E-07,0.00E+00,8.03E-22
19555,17716072,1689634319,28854659.54,211029.4546,42.20589092,8872.018293,6299.948129,1889.779224,1918.825909,14456.59133,1995.951804,1.44E-06,0.00E+00,8.03E-22
19556,17722994,1689718247,28742335.34,682792.7556,136.5585511,9231.225397,5941.943314,1892.180142,1897.56,14456.59133,1988.182047,4.65E-06,0.00E+00,8.03E-22
19557,17730316,1689806939,28712714.18,144208.963,28.84179261,9291.795719,5882.42943,1891.86183,1892.741877,14456.59133,1986.133074,9.82E-07,0.00E+00,8.03E-22
19558,17737257,1689890939,28745784.75,1697091.788,339.4183576,9022.835575,6152.535814,1893.547737,1895.253472,14456.59133,1988.420652,1.16E-05,0.00E+00,8.03E-22
19559,17741167,1689938291,28660876.47,7902.990072,1.580598014,9020.927355,6154.444096,1888.490935,1888.868718,14456.59133,1982.547325,5.38E-08,0.00E+00,8.03E-22
19560,17751002,1690057127,28648582.48,209573.6952,41.91473905,9114.06972,6063.391226,1887.310749,1887.97,14456.59133,1981.696918,1.43E-06,0.00E+00,8.03E-22
19561,17756052,1690118159,28448271.11,1401.802522,0.2803605045,9115.766148,6062.663494,1874.064097,1874.545909,14456.61038,1967.838267,9.88E-09,0.00E+00,8.31E-22
19562,17766130,1690239947,28077205.73,1418149.165,283.629833,8398.08964,6784.134937,1849.881313,1848.6862,14459.3248,1941.806144,1.01E-05,0.00E+00,8.41E-22
19563,17770305,1690290479,28129610.04,40330.83331,8.066166662,8385.665381,6797.509789,1852.296281,1853.16,14459.3248,1945.4304,2.88E-07,0.00E+00,8.41E-22